208184C044332211000088776655D
3000XXXXXXXXXXXXXXXXXXXXXXXX5
300001XXXXXXXXXXXXXXXXXXXXXX5
300002XXXXXXXXXXXXXXXXXXXXXX5
300003XXXXXXXXXXXXXXXXXXXXXX5
300004XXXXXXXXXXXXXXXXXXXXXX6
30000401XXXXXXXXXXXXXXXXXXXX6
30000402XXXXXXXXXXXXXXXXXXXX6
30000403XXXXXXXXXXXXXXXXXXXX6
30000404XXXXXXXXXXXXXXXXXXXX6
30000406XXXXXXXXXXXXXXXXXXXX6
30000407XXXXXXXXXXXXXXXXXXXX6
30000408XXXXXXXXXXXXXXXXXXXX6
30000409XXXXXXXXXXXXXXXXXXXX6
3000040AXXXXXXXXXXXXXXXXXXXX6
3000040BXXXXXXXXXXXXXXXXXXXX6
3000040CXXXXXXXXXXXXXXXXXXXX6
3000040EXXXXXXXXXXXXXXXXXXXX6
3000040FXXXXXXXXXXXXXXXXXXXX6
30000410XXXXXXXXXXXXXXXXXXXX6
30000411XXXXXXXXXXXXXXXXXXXX6
30000412XXXXXXXXXXXXXXXXXXXX6
30000413XXXXXXXXXXXXXXXXXXXX6
30000414XXXXXXXXXXXXXXXXXXXX6
30000416XXXXXXXXXXXXXXXXXXXX6
30000417XXXXXXXXXXXXXXXXXXXX6
30000418XXXXXXXXXXXXXXXXXXXX6
30000419XXXXXXXXXXXXXXXXXXXX6
3000041AXXXXXXXXXXXXXXXXXXXX6
3000041BXXXXXXXXXXXXXXXXXXXX6
3000041CXXXXXXXXXXXXXXXXXXXX6
3000041EXXXXXXXXXXXXXXXXXXXX6
3000041FXXXXXXXXXXXXXXXXXXXX6
30000428XXXXXXXXXXXXXXXXXXXX6
30000429XXXXXXXXXXXXXXXXXXXX6
3000042AXXXXXXXXXXXXXXXXXXXX6
3000042BXXXXXXXXXXXXXXXXXXXX6
3000042CXXXXXXXXXXXXXXXXXXXX6
3000042EXXXXXXXXXXXXXXXXXXXX6
3000042FXXXXXXXXXXXXXXXXXXXX6
30000430XXXXXXXXXXXXXXXXXXXX6
30000431XXXXXXXXXXXXXXXXXXXX6
30000432XXXXXXXXXXXXXXXXXXXX6
30000433XXXXXXXXXXXXXXXXXXXX6
30000434XXXXXXXXXXXXXXXXXXXX6
30000436XXXXXXXXXXXXXXXXXXXX6
30000437XXXXXXXXXXXXXXXXXXXX6
30000438XXXXXXXXXXXXXXXXXXXX6
30000439XXXXXXXXXXXXXXXXXXXX6
3000043AXXXXXXXXXXXXXXXXXXXX6
3000043BXXXXXXXXXXXXXXXXXXXX6
3000043CXXXXXXXXXXXXXXXXXXXX6
3000043EXXXXXXXXXXXXXXXXXXXX6
3000043FXXXXXXXXXXXXXXXXXXXX6
30000440XXXXXXXXXXXXXXXXXXXX6
30000441XXXXXXXXXXXXXXXXXXXX6
30000442XXXXXXXXXXXXXXXXXXXX6
30000443XXXXXXXXXXXXXXXXXXXX6
30000444XXXXXXXXXXXXXXXXXXXX6
30000446XXXXXXXXXXXXXXXXXXXX6
30000447XXXXXXXXXXXXXXXXXXXX6
30000448XXXXXXXXXXXXXXXXXXXX6
30000449XXXXXXXXXXXXXXXXXXXX6
3000044AXXXXXXXXXXXXXXXXXXXX6
3000044BXXXXXXXXXXXXXXXXXXXX6
3000044CXXXXXXXXXXXXXXXXXXXX6
3000044EXXXXXXXXXXXXXXXXXXXX6
3000044FXXXXXXXXXXXXXXXXXXXX6
30000450XXXXXXXXXXXXXXXXXXXX6
30000451XXXXXXXXXXXXXXXXXXXX6
30000452XXXXXXXXXXXXXXXXXXXX6
30000453XXXXXXXXXXXXXXXXXXXX6
30000454XXXXXXXXXXXXXXXXXXXX6
30000456XXXXXXXXXXXXXXXXXXXX6
30000457XXXXXXXXXXXXXXXXXXXX6
30000458XXXXXXXXXXXXXXXXXXXX6
30000459XXXXXXXXXXXXXXXXXXXX6
3000045AXXXXXXXXXXXXXXXXXXXX6
3000045BXXXXXXXXXXXXXXXXXXXX6
3000045CXXXXXXXXXXXXXXXXXXXX6
3000045EXXXXXXXXXXXXXXXXXXXX6
3000045FXXXXXXXXXXXXXXXXXXXX6
30000468XXXXXXXXXXXXXXXXXXXX6
30000469XXXXXXXXXXXXXXXXXXXX6
3000046AXXXXXXXXXXXXXXXXXXXX6
3000046BXXXXXXXXXXXXXXXXXXXX6
3000046CXXXXXXXXXXXXXXXXXXXX6
3000046EXXXXXXXXXXXXXXXXXXXX6
3000046FXXXXXXXXXXXXXXXXXXXX6
30000470XXXXXXXXXXXXXXXXXXXX6
30000471XXXXXXXXXXXXXXXXXXXX6
30000472XXXXXXXXXXXXXXXXXXXX6
30000473XXXXXXXXXXXXXXXXXXXX6
30000474XXXXXXXXXXXXXXXXXXXX6
30000476XXXXXXXXXXXXXXXXXXXX6
30000477XXXXXXXXXXXXXXXXXXXX6
30000478XXXXXXXXXXXXXXXXXXXX6
30000479XXXXXXXXXXXXXXXXXXXX6
3000047AXXXXXXXXXXXXXXXXXXXX6
3000047BXXXXXXXXXXXXXXXXXXXX6
3000047CXXXXXXXXXXXXXXXXXXXX6
3000047EXXXXXXXXXXXXXXXXXXXX6
3000047FXXXXXXXXXXXXXXXXXXXX6
30000480XXXXXXXXXXXXXXXXXXXX6
30000481XXXXXXXXXXXXXXXXXXXX6
30000482XXXXXXXXXXXXXXXXXXXX6
30000483XXXXXXXXXXXXXXXXXXXX6
30000484XXXXXXXXXXXXXXXXXXXX6
30000486XXXXXXXXXXXXXXXXXXXX6
30000487XXXXXXXXXXXXXXXXXXXX6
30000488XXXXXXXXXXXXXXXXXXXX6
30000489XXXXXXXXXXXXXXXXXXXX6
3000048AXXXXXXXXXXXXXXXXXXXX6
3000048BXXXXXXXXXXXXXXXXXXXX6
3000048CXXXXXXXXXXXXXXXXXXXX6
3000048EXXXXXXXXXXXXXXXXXXXX6
3000048FXXXXXXXXXXXXXXXXXXXX6
30000490XXXXXXXXXXXXXXXXXXXX6
30000491XXXXXXXXXXXXXXXXXXXX6
30000492XXXXXXXXXXXXXXXXXXXX6
30000493XXXXXXXXXXXXXXXXXXXX6
30000494XXXXXXXXXXXXXXXXXXXX6
30000496XXXXXXXXXXXXXXXXXXXX6
30000497XXXXXXXXXXXXXXXXXXXX6
30000498XXXXXXXXXXXXXXXXXXXX6
30000499XXXXXXXXXXXXXXXXXXXX6
3000049AXXXXXXXXXXXXXXXXXXXX6
3000049BXXXXXXXXXXXXXXXXXXXX6
3000049CXXXXXXXXXXXXXXXXXXXX6
3000049EXXXXXXXXXXXXXXXXXXXX6
3000049FXXXXXXXXXXXXXXXXXXXX6
300004A8XXXXXXXXXXXXXXXXXXXX6
300004A9XXXXXXXXXXXXXXXXXXXX6
300004AAXXXXXXXXXXXXXXXXXXXX6
300004ABXXXXXXXXXXXXXXXXXXXX6
300004ACXXXXXXXXXXXXXXXXXXXX6
300004AEXXXXXXXXXXXXXXXXXXXX6
300004AFXXXXXXXXXXXXXXXXXXXX6
300004B0XXXXXXXXXXXXXXXXXXXX6
300004B1XXXXXXXXXXXXXXXXXXXX6
300004B2XXXXXXXXXXXXXXXXXXXX6
300004B3XXXXXXXXXXXXXXXXXXXX6
300004B4XXXXXXXXXXXXXXXXXXXX6
300004B6XXXXXXXXXXXXXXXXXXXX6
300004B7XXXXXXXXXXXXXXXXXXXX6
300004B8XXXXXXXXXXXXXXXXXXXX6
300004B9XXXXXXXXXXXXXXXXXXXX6
300004BAXXXXXXXXXXXXXXXXXXXX6
300004BBXXXXXXXXXXXXXXXXXXXX6
300004BCXXXXXXXXXXXXXXXXXXXX6
300004BEXXXXXXXXXXXXXXXXXXXX6
300004BFXXXXXXXXXXXXXXXXXXXX6
300004C0XXXXXXXXXXXXXXXXXXXX6
300004C1XXXXXXXXXXXXXXXXXXXX6
300004C2XXXXXXXXXXXXXXXXXXXX6
300004C3XXXXXXXXXXXXXXXXXXXX6
300004C4XXXXXXXXXXXXXXXXXXXX6
300004C6XXXXXXXXXXXXXXXXXXXX6
300004C7XXXXXXXXXXXXXXXXXXXX6
300004C8XXXXXXXXXXXXXXXXXXXX6
300004C9XXXXXXXXXXXXXXXXXXXX6
300004CAXXXXXXXXXXXXXXXXXXXX6
300004CBXXXXXXXXXXXXXXXXXXXX6
300004CCXXXXXXXXXXXXXXXXXXXX6
300004CEXXXXXXXXXXXXXXXXXXXX6
300004CFXXXXXXXXXXXXXXXXXXXX6
300004D0XXXXXXXXXXXXXXXXXXXX6
300004D1XXXXXXXXXXXXXXXXXXXX6
300004D2XXXXXXXXXXXXXXXXXXXX6
300004D3XXXXXXXXXXXXXXXXXXXX6
300004D4XXXXXXXXXXXXXXXXXXXX6
300004D6XXXXXXXXXXXXXXXXXXXX6
300004D7XXXXXXXXXXXXXXXXXXXX6
300004D8XXXXXXXXXXXXXXXXXXXX6
300004D9XXXXXXXXXXXXXXXXXXXX6
300004DAXXXXXXXXXXXXXXXXXXXX6
300004DBXXXXXXXXXXXXXXXXXXXX6
300004DCXXXXXXXXXXXXXXXXXXXX6
300004DEXXXXXXXXXXXXXXXXXXXX6
300004DFXXXXXXXXXXXXXXXXXXXX6
300004E8XXXXXXXXXXXXXXXXXXXX6
300004E9XXXXXXXXXXXXXXXXXXXX6
300004EAXXXXXXXXXXXXXXXXXXXX6
300004EBXXXXXXXXXXXXXXXXXXXX6
300004ECXXXXXXXXXXXXXXXXXXXX6
300004EEXXXXXXXXXXXXXXXXXXXX6
300004EFXXXXXXXXXXXXXXXXXXXX6
300004F0XXXXXXXXXXXXXXXXXXXX6
300004F1XXXXXXXXXXXXXXXXXXXX6
300004F2XXXXXXXXXXXXXXXXXXXX6
300004F3XXXXXXXXXXXXXXXXXXXX6
300004F4XXXXXXXXXXXXXXXXXXXX6
300004F6XXXXXXXXXXXXXXXXXXXX6
300004F7XXXXXXXXXXXXXXXXXXXX6
300004F8XXXXXXXXXXXXXXXXXXXX6
300004F9XXXXXXXXXXXXXXXXXXXX6
300004FAXXXXXXXXXXXXXXXXXXXX6
300004FBXXXXXXXXXXXXXXXXXXXX6
300004FCXXXXXXXXXXXXXXXXXXXX6
300004FEXXXXXXXXXXXXXXXXXXXX6
300004FFXXXXXXXXXXXXXXXXXXXX6
300005XXDDCCBBAAXXXXXXXXXXXX9
300006XXXXXXXXXXXXXXXXXXXXXX5
300007XXXXXXXXXXXXXXXXXXXXXX5
300008XXXXXXXXXXXXXXXXXXXXXX5
300009XXXXXXXXXXXXXXXXXXXXXX5
30000AXXXXXXXXXXXXXXXXXXXXXX5
30000BXXXXXXXXXXXXXXXXXXXXXX5
30000CXXXXXXXXXXXXXXXXXXXXXX6
30000C01XXXXXXXXXXXXXXXXXXXX6
30000C02XXXXXXXXXXXXXXXXXXXX6
30000C03XXXXXXXXXXXXXXXXXXXX6
30000C04XXXXXXXXXXXXXXXXXXXX6
30000C06XXXXXXXXXXXXXXXXXXXX6
30000C07XXXXXXXXXXXXXXXXXXXX6
30000C08XXXXXXXXXXXXXXXXXXXX6
30000C09XXXXXXXXXXXXXXXXXXXX6
30000C0AXXXXXXXXXXXXXXXXXXXX6
30000C0BXXXXXXXXXXXXXXXXXXXX6
30000C0CXXXXXXXXXXXXXXXXXXXX6
30000C0EXXXXXXXXXXXXXXXXXXXX6
30000C0FXXXXXXXXXXXXXXXXXXXX6
30000C10XXXXXXXXXXXXXXXXXXXX6
30000C11XXXXXXXXXXXXXXXXXXXX6
30000C12XXXXXXXXXXXXXXXXXXXX6
30000C13XXXXXXXXXXXXXXXXXXXX6
30000C14XXXXXXXXXXXXXXXXXXXX6
30000C16XXXXXXXXXXXXXXXXXXXX6
30000C17XXXXXXXXXXXXXXXXXXXX6
30000C18XXXXXXXXXXXXXXXXXXXX6
30000C19XXXXXXXXXXXXXXXXXXXX6
30000C1AXXXXXXXXXXXXXXXXXXXX6
30000C1BXXXXXXXXXXXXXXXXXXXX6
30000C1CXXXXXXXXXXXXXXXXXXXX6
30000C1EXXXXXXXXXXXXXXXXXXXX6
30000C1FXXXXXXXXXXXXXXXXXXXX6
30000C28XXXXXXXXXXXXXXXXXXXX6
30000C29XXXXXXXXXXXXXXXXXXXX6
30000C2AXXXXXXXXXXXXXXXXXXXX6
30000C2BXXXXXXXXXXXXXXXXXXXX6
30000C2CXXXXXXXXXXXXXXXXXXXX6
30000C2EXXXXXXXXXXXXXXXXXXXX6
30000C2FXXXXXXXXXXXXXXXXXXXX6
30000C30XXXXXXXXXXXXXXXXXXXX6
30000C31XXXXXXXXXXXXXXXXXXXX6
30000C32XXXXXXXXXXXXXXXXXXXX6
30000C33XXXXXXXXXXXXXXXXXXXX6
30000C34XXXXXXXXXXXXXXXXXXXX6
30000C36XXXXXXXXXXXXXXXXXXXX6
30000C37XXXXXXXXXXXXXXXXXXXX6
30000C38XXXXXXXXXXXXXXXXXXXX6
30000C39XXXXXXXXXXXXXXXXXXXX6
30000C3AXXXXXXXXXXXXXXXXXXXX6
30000C3BXXXXXXXXXXXXXXXXXXXX6
30000C3CXXXXXXXXXXXXXXXXXXXX6
30000C3EXXXXXXXXXXXXXXXXXXXX6
30000C3FXXXXXXXXXXXXXXXXXXXX6
30000C40XXXXXXXXXXXXXXXXXXXX6
30000C41XXXXXXXXXXXXXXXXXXXX6
30000C42XXXXXXXXXXXXXXXXXXXX6
30000C43XXXXXXXXXXXXXXXXXXXX6
30000C44XXXXXXXXXXXXXXXXXXXX6
30000C46XXXXXXXXXXXXXXXXXXXX6
30000C47XXXXXXXXXXXXXXXXXXXX6
30000C48XXXXXXXXXXXXXXXXXXXX6
30000C49XXXXXXXXXXXXXXXXXXXX6
30000C4AXXXXXXXXXXXXXXXXXXXX6
30000C4BXXXXXXXXXXXXXXXXXXXX6
30000C4CXXXXXXXXXXXXXXXXXXXX6
30000C4EXXXXXXXXXXXXXXXXXXXX6
30000C4FXXXXXXXXXXXXXXXXXXXX6
30000C50XXXXXXXXXXXXXXXXXXXX6
30000C51XXXXXXXXXXXXXXXXXXXX6
30000C52XXXXXXXXXXXXXXXXXXXX6
30000C53XXXXXXXXXXXXXXXXXXXX6
30000C54XXXXXXXXXXXXXXXXXXXX6
30000C56XXXXXXXXXXXXXXXXXXXX6
30000C57XXXXXXXXXXXXXXXXXXXX6
30000C58XXXXXXXXXXXXXXXXXXXX6
30000C59XXXXXXXXXXXXXXXXXXXX6
30000C5AXXXXXXXXXXXXXXXXXXXX6
30000C5BXXXXXXXXXXXXXXXXXXXX6
30000C5CXXXXXXXXXXXXXXXXXXXX6
30000C5EXXXXXXXXXXXXXXXXXXXX6
30000C5FXXXXXXXXXXXXXXXXXXXX6
30000C68XXXXXXXXXXXXXXXXXXXX6
30000C69XXXXXXXXXXXXXXXXXXXX6
30000C6AXXXXXXXXXXXXXXXXXXXX6
30000C6BXXXXXXXXXXXXXXXXXXXX6
30000C6CXXXXXXXXXXXXXXXXXXXX6
30000C6EXXXXXXXXXXXXXXXXXXXX6
30000C6FXXXXXXXXXXXXXXXXXXXX6
30000C70XXXXXXXXXXXXXXXXXXXX6
30000C71XXXXXXXXXXXXXXXXXXXX6
30000C72XXXXXXXXXXXXXXXXXXXX6
30000C73XXXXXXXXXXXXXXXXXXXX6
30000C74XXXXXXXXXXXXXXXXXXXX6
30000C76XXXXXXXXXXXXXXXXXXXX6
30000C77XXXXXXXXXXXXXXXXXXXX6
30000C78XXXXXXXXXXXXXXXXXXXX6
30000C79XXXXXXXXXXXXXXXXXXXX6
30000C7AXXXXXXXXXXXXXXXXXXXX6
30000C7BXXXXXXXXXXXXXXXXXXXX6
30000C7CXXXXXXXXXXXXXXXXXXXX6
30000C7EXXXXXXXXXXXXXXXXXXXX6
30000C7FXXXXXXXXXXXXXXXXXXXX6
30000C80XXXXXXXXXXXXXXXXXXXX6
30000C81XXXXXXXXXXXXXXXXXXXX6
30000C82XXXXXXXXXXXXXXXXXXXX6
30000C83XXXXXXXXXXXXXXXXXXXX6
30000C84XXXXXXXXXXXXXXXXXXXX6
30000C86XXXXXXXXXXXXXXXXXXXX6
30000C87XXXXXXXXXXXXXXXXXXXX6
30000C88XXXXXXXXXXXXXXXXXXXX6
30000C89XXXXXXXXXXXXXXXXXXXX6
30000C8AXXXXXXXXXXXXXXXXXXXX6
30000C8BXXXXXXXXXXXXXXXXXXXX6
30000C8CXXXXXXXXXXXXXXXXXXXX6
30000C8EXXXXXXXXXXXXXXXXXXXX6
30000C8FXXXXXXXXXXXXXXXXXXXX6
30000C90XXXXXXXXXXXXXXXXXXXX6
30000C91XXXXXXXXXXXXXXXXXXXX6
30000C92XXXXXXXXXXXXXXXXXXXX6
30000C93XXXXXXXXXXXXXXXXXXXX6
30000C94XXXXXXXXXXXXXXXXXXXX6
30000C96XXXXXXXXXXXXXXXXXXXX6
30000C97XXXXXXXXXXXXXXXXXXXX6
30000C98XXXXXXXXXXXXXXXXXXXX6
30000C99XXXXXXXXXXXXXXXXXXXX6
30000C9AXXXXXXXXXXXXXXXXXXXX6
30000C9BXXXXXXXXXXXXXXXXXXXX6
30000C9CXXXXXXXXXXXXXXXXXXXX6
30000C9EXXXXXXXXXXXXXXXXXXXX6
30000C9FXXXXXXXXXXXXXXXXXXXX6
30000CA8XXXXXXXXXXXXXXXXXXXX6
30000CA9XXXXXXXXXXXXXXXXXXXX6
30000CAAXXXXXXXXXXXXXXXXXXXX6
30000CABXXXXXXXXXXXXXXXXXXXX6
30000CACXXXXXXXXXXXXXXXXXXXX6
30000CAEXXXXXXXXXXXXXXXXXXXX6
30000CAFXXXXXXXXXXXXXXXXXXXX6
30000CB0XXXXXXXXXXXXXXXXXXXX6
30000CB1XXXXXXXXXXXXXXXXXXXX6
30000CB2XXXXXXXXXXXXXXXXXXXX6
30000CB3XXXXXXXXXXXXXXXXXXXX6
30000CB4XXXXXXXXXXXXXXXXXXXX6
30000CB6XXXXXXXXXXXXXXXXXXXX6
30000CB7XXXXXXXXXXXXXXXXXXXX6
30000CB8XXXXXXXXXXXXXXXXXXXX6
30000CB9XXXXXXXXXXXXXXXXXXXX6
30000CBAXXXXXXXXXXXXXXXXXXXX6
30000CBBXXXXXXXXXXXXXXXXXXXX6
30000CBCXXXXXXXXXXXXXXXXXXXX6
30000CBEXXXXXXXXXXXXXXXXXXXX6
30000CBFXXXXXXXXXXXXXXXXXXXX6
30000CC0XXXXXXXXXXXXXXXXXXXX6
30000CC1XXXXXXXXXXXXXXXXXXXX6
30000CC2XXXXXXXXXXXXXXXXXXXX6
30000CC3XXXXXXXXXXXXXXXXXXXX6
30000CC4XXXXXXXXXXXXXXXXXXXX6
30000CC6XXXXXXXXXXXXXXXXXXXX6
30000CC7XXXXXXXXXXXXXXXXXXXX6
30000CC8XXXXXXXXXXXXXXXXXXXX6
30000CC9XXXXXXXXXXXXXXXXXXXX6
30000CCAXXXXXXXXXXXXXXXXXXXX6
30000CCBXXXXXXXXXXXXXXXXXXXX6
30000CCCXXXXXXXXXXXXXXXXXXXX6
30000CCEXXXXXXXXXXXXXXXXXXXX6
30000CCFXXXXXXXXXXXXXXXXXXXX6
30000CD0XXXXXXXXXXXXXXXXXXXX6
30000CD1XXXXXXXXXXXXXXXXXXXX6
30000CD2XXXXXXXXXXXXXXXXXXXX6
30000CD3XXXXXXXXXXXXXXXXXXXX6
30000CD4XXXXXXXXXXXXXXXXXXXX6
30000CD6XXXXXXXXXXXXXXXXXXXX6
30000CD7XXXXXXXXXXXXXXXXXXXX6
30000CD8XXXXXXXXXXXXXXXXXXXX6
30000CD9XXXXXXXXXXXXXXXXXXXX6
30000CDAXXXXXXXXXXXXXXXXXXXX6
30000CDBXXXXXXXXXXXXXXXXXXXX6
30000CDCXXXXXXXXXXXXXXXXXXXX6
30000CDEXXXXXXXXXXXXXXXXXXXX6
30000CDFXXXXXXXXXXXXXXXXXXXX6
30000CE8XXXXXXXXXXXXXXXXXXXX6
30000CE9XXXXXXXXXXXXXXXXXXXX6
30000CEAXXXXXXXXXXXXXXXXXXXX6
30000CEBXXXXXXXXXXXXXXXXXXXX6
30000CECXXXXXXXXXXXXXXXXXXXX6
30000CEEXXXXXXXXXXXXXXXXXXXX6
30000CEFXXXXXXXXXXXXXXXXXXXX6
30000CF0XXXXXXXXXXXXXXXXXXXX6
30000CF1XXXXXXXXXXXXXXXXXXXX6
30000CF2XXXXXXXXXXXXXXXXXXXX6
30000CF3XXXXXXXXXXXXXXXXXXXX6
30000CF4XXXXXXXXXXXXXXXXXXXX6
30000CF6XXXXXXXXXXXXXXXXXXXX6
30000CF7XXXXXXXXXXXXXXXXXXXX6
30000CF8XXXXXXXXXXXXXXXXXXXX6
30000CF9XXXXXXXXXXXXXXXXXXXX6
30000CFAXXXXXXXXXXXXXXXXXXXX6
30000CFBXXXXXXXXXXXXXXXXXXXX6
30000CFCXXXXXXXXXXXXXXXXXXXX6
30000CFEXXXXXXXXXXXXXXXXXXXX6
30000CFFXXXXXXXXXXXXXXXXXXXX6
30000DXXDDCCBBAAXXXXXXXXXXXX9
30000EXXXXXXXXXXXXXXXXXXXXXX5
30000FXXXXXXXXXXXXXXXXXXXXXX5
300010XXXXXXXXXXXXXXXXXXXXXX5
300011XXXXXXXXXXXXXXXXXXXXXX5
300012XXXXXXXXXXXXXXXXXXXXXX5
300013XXXXXXXXXXXXXXXXXXXXXX5
300014XXXXXXXXXXXXXXXXXXXXXX6
30001401XXXXXXXXXXXXXXXXXXXX6
30001402XXXXXXXXXXXXXXXXXXXX6
30001403XXXXXXXXXXXXXXXXXXXX6
30001404XXXXXXXXXXXXXXXXXXXX6
30001406XXXXXXXXXXXXXXXXXXXX6
30001407XXXXXXXXXXXXXXXXXXXX6
30001408XXXXXXXXXXXXXXXXXXXX6
30001409XXXXXXXXXXXXXXXXXXXX6
3000140AXXXXXXXXXXXXXXXXXXXX6
3000140BXXXXXXXXXXXXXXXXXXXX6
3000140CXXXXXXXXXXXXXXXXXXXX6
3000140EXXXXXXXXXXXXXXXXXXXX6
3000140FXXXXXXXXXXXXXXXXXXXX6
30001410XXXXXXXXXXXXXXXXXXXX6
30001411XXXXXXXXXXXXXXXXXXXX6
30001412XXXXXXXXXXXXXXXXXXXX6
30001413XXXXXXXXXXXXXXXXXXXX6
30001414XXXXXXXXXXXXXXXXXXXX6
30001416XXXXXXXXXXXXXXXXXXXX6
30001417XXXXXXXXXXXXXXXXXXXX6
30001418XXXXXXXXXXXXXXXXXXXX6
30001419XXXXXXXXXXXXXXXXXXXX6
3000141AXXXXXXXXXXXXXXXXXXXX6
3000141BXXXXXXXXXXXXXXXXXXXX6
3000141CXXXXXXXXXXXXXXXXXXXX6
3000141EXXXXXXXXXXXXXXXXXXXX6
3000141FXXXXXXXXXXXXXXXXXXXX6
30001428XXXXXXXXXXXXXXXXXXXX6
30001429XXXXXXXXXXXXXXXXXXXX6
3000142AXXXXXXXXXXXXXXXXXXXX6
3000142BXXXXXXXXXXXXXXXXXXXX6
3000142CXXXXXXXXXXXXXXXXXXXX6
3000142EXXXXXXXXXXXXXXXXXXXX6
3000142FXXXXXXXXXXXXXXXXXXXX6
30001430XXXXXXXXXXXXXXXXXXXX6
30001431XXXXXXXXXXXXXXXXXXXX6
30001432XXXXXXXXXXXXXXXXXXXX6
30001433XXXXXXXXXXXXXXXXXXXX6
30001434XXXXXXXXXXXXXXXXXXXX6
30001436XXXXXXXXXXXXXXXXXXXX6
30001437XXXXXXXXXXXXXXXXXXXX6
30001438XXXXXXXXXXXXXXXXXXXX6
30001439XXXXXXXXXXXXXXXXXXXX6
3000143AXXXXXXXXXXXXXXXXXXXX6
3000143BXXXXXXXXXXXXXXXXXXXX6
3000143CXXXXXXXXXXXXXXXXXXXX6
3000143EXXXXXXXXXXXXXXXXXXXX6
3000143FXXXXXXXXXXXXXXXXXXXX6
30001440XXXXXXXXXXXXXXXXXXXX6
30001441XXXXXXXXXXXXXXXXXXXX6
30001442XXXXXXXXXXXXXXXXXXXX6
30001443XXXXXXXXXXXXXXXXXXXX6
30001444XXXXXXXXXXXXXXXXXXXX6
30001446XXXXXXXXXXXXXXXXXXXX6
30001447XXXXXXXXXXXXXXXXXXXX6
30001448XXXXXXXXXXXXXXXXXXXX6
30001449XXXXXXXXXXXXXXXXXXXX6
3000144AXXXXXXXXXXXXXXXXXXXX6
3000144BXXXXXXXXXXXXXXXXXXXX6
3000144CXXXXXXXXXXXXXXXXXXXX6
3000144EXXXXXXXXXXXXXXXXXXXX6
3000144FXXXXXXXXXXXXXXXXXXXX6
30001450XXXXXXXXXXXXXXXXXXXX6
30001451XXXXXXXXXXXXXXXXXXXX6
30001452XXXXXXXXXXXXXXXXXXXX6
30001453XXXXXXXXXXXXXXXXXXXX6
30001454XXXXXXXXXXXXXXXXXXXX6
30001456XXXXXXXXXXXXXXXXXXXX6
30001457XXXXXXXXXXXXXXXXXXXX6
30001458XXXXXXXXXXXXXXXXXXXX6
30001459XXXXXXXXXXXXXXXXXXXX6
3000145AXXXXXXXXXXXXXXXXXXXX6
3000145BXXXXXXXXXXXXXXXXXXXX6
3000145CXXXXXXXXXXXXXXXXXXXX6
3000145EXXXXXXXXXXXXXXXXXXXX6
3000145FXXXXXXXXXXXXXXXXXXXX6
30001468XXXXXXXXXXXXXXXXXXXX6
30001469XXXXXXXXXXXXXXXXXXXX6
3000146AXXXXXXXXXXXXXXXXXXXX6
3000146BXXXXXXXXXXXXXXXXXXXX6
3000146CXXXXXXXXXXXXXXXXXXXX6
3000146EXXXXXXXXXXXXXXXXXXXX6
3000146FXXXXXXXXXXXXXXXXXXXX6
30001470XXXXXXXXXXXXXXXXXXXX6
30001471XXXXXXXXXXXXXXXXXXXX6
30001472XXXXXXXXXXXXXXXXXXXX6
30001473XXXXXXXXXXXXXXXXXXXX6
30001474XXXXXXXXXXXXXXXXXXXX6
30001476XXXXXXXXXXXXXXXXXXXX6
30001477XXXXXXXXXXXXXXXXXXXX6
30001478XXXXXXXXXXXXXXXXXXXX6
30001479XXXXXXXXXXXXXXXXXXXX6
3000147AXXXXXXXXXXXXXXXXXXXX6
3000147BXXXXXXXXXXXXXXXXXXXX6
3000147CXXXXXXXXXXXXXXXXXXXX6
3000147EXXXXXXXXXXXXXXXXXXXX6
3000147FXXXXXXXXXXXXXXXXXXXX6
30001480XXXXXXXXXXXXXXXXXXXX6
30001481XXXXXXXXXXXXXXXXXXXX6
30001482XXXXXXXXXXXXXXXXXXXX6
30001483XXXXXXXXXXXXXXXXXXXX6
30001484XXXXXXXXXXXXXXXXXXXX6
30001486XXXXXXXXXXXXXXXXXXXX6
30001487XXXXXXXXXXXXXXXXXXXX6
30001488XXXXXXXXXXXXXXXXXXXX6
30001489XXXXXXXXXXXXXXXXXXXX6
3000148AXXXXXXXXXXXXXXXXXXXX6
3000148BXXXXXXXXXXXXXXXXXXXX6
3000148CXXXXXXXXXXXXXXXXXXXX6
3000148EXXXXXXXXXXXXXXXXXXXX6
3000148FXXXXXXXXXXXXXXXXXXXX6
30001490XXXXXXXXXXXXXXXXXXXX6
30001491XXXXXXXXXXXXXXXXXXXX6
30001492XXXXXXXXXXXXXXXXXXXX6
30001493XXXXXXXXXXXXXXXXXXXX6
30001494XXXXXXXXXXXXXXXXXXXX6
30001496XXXXXXXXXXXXXXXXXXXX6
30001497XXXXXXXXXXXXXXXXXXXX6
30001498XXXXXXXXXXXXXXXXXXXX6
30001499XXXXXXXXXXXXXXXXXXXX6
3000149AXXXXXXXXXXXXXXXXXXXX6
3000149BXXXXXXXXXXXXXXXXXXXX6
3000149CXXXXXXXXXXXXXXXXXXXX6
3000149EXXXXXXXXXXXXXXXXXXXX6
3000149FXXXXXXXXXXXXXXXXXXXX6
300014A8XXXXXXXXXXXXXXXXXXXX6
300014A9XXXXXXXXXXXXXXXXXXXX6
300014AAXXXXXXXXXXXXXXXXXXXX6
300014ABXXXXXXXXXXXXXXXXXXXX6
300014ACXXXXXXXXXXXXXXXXXXXX6
300014AEXXXXXXXXXXXXXXXXXXXX6
300014AFXXXXXXXXXXXXXXXXXXXX6
300014B0XXXXXXXXXXXXXXXXXXXX6
300014B1XXXXXXXXXXXXXXXXXXXX6
300014B2XXXXXXXXXXXXXXXXXXXX6
300014B3XXXXXXXXXXXXXXXXXXXX6
300014B4XXXXXXXXXXXXXXXXXXXX6
300014B6XXXXXXXXXXXXXXXXXXXX6
300014B7XXXXXXXXXXXXXXXXXXXX6
300014B8XXXXXXXXXXXXXXXXXXXX6
300014B9XXXXXXXXXXXXXXXXXXXX6
300014BAXXXXXXXXXXXXXXXXXXXX6
300014BBXXXXXXXXXXXXXXXXXXXX6
300014BCXXXXXXXXXXXXXXXXXXXX6
300014BEXXXXXXXXXXXXXXXXXXXX6
300014BFXXXXXXXXXXXXXXXXXXXX6
300014C0XXXXXXXXXXXXXXXXXXXX6
300014C1XXXXXXXXXXXXXXXXXXXX6
300014C2XXXXXXXXXXXXXXXXXXXX6
300014C3XXXXXXXXXXXXXXXXXXXX6
300014C4XXXXXXXXXXXXXXXXXXXX6
300014C6XXXXXXXXXXXXXXXXXXXX6
300014C7XXXXXXXXXXXXXXXXXXXX6
300014C8XXXXXXXXXXXXXXXXXXXX6
300014C9XXXXXXXXXXXXXXXXXXXX6
300014CAXXXXXXXXXXXXXXXXXXXX6
300014CBXXXXXXXXXXXXXXXXXXXX6
300014CCXXXXXXXXXXXXXXXXXXXX6
300014CEXXXXXXXXXXXXXXXXXXXX6
300014CFXXXXXXXXXXXXXXXXXXXX6
300014D0XXXXXXXXXXXXXXXXXXXX6
300014D1XXXXXXXXXXXXXXXXXXXX6
300014D2XXXXXXXXXXXXXXXXXXXX6
300014D3XXXXXXXXXXXXXXXXXXXX6
300014D4XXXXXXXXXXXXXXXXXXXX6
300014D6XXXXXXXXXXXXXXXXXXXX6
300014D7XXXXXXXXXXXXXXXXXXXX6
300014D8XXXXXXXXXXXXXXXXXXXX6
300014D9XXXXXXXXXXXXXXXXXXXX6
300014DAXXXXXXXXXXXXXXXXXXXX6
300014DBXXXXXXXXXXXXXXXXXXXX6
300014DCXXXXXXXXXXXXXXXXXXXX6
300014DEXXXXXXXXXXXXXXXXXXXX6
300014DFXXXXXXXXXXXXXXXXXXXX6
300014E8XXXXXXXXXXXXXXXXXXXX6
300014E9XXXXXXXXXXXXXXXXXXXX6
300014EAXXXXXXXXXXXXXXXXXXXX6
300014EBXXXXXXXXXXXXXXXXXXXX6
300014ECXXXXXXXXXXXXXXXXXXXX6
300014EEXXXXXXXXXXXXXXXXXXXX6
300014EFXXXXXXXXXXXXXXXXXXXX6
300014F0XXXXXXXXXXXXXXXXXXXX6
300014F1XXXXXXXXXXXXXXXXXXXX6
300014F2XXXXXXXXXXXXXXXXXXXX6
300014F3XXXXXXXXXXXXXXXXXXXX6
300014F4XXXXXXXXXXXXXXXXXXXX6
300014F6XXXXXXXXXXXXXXXXXXXX6
300014F7XXXXXXXXXXXXXXXXXXXX6
300014F8XXXXXXXXXXXXXXXXXXXX6
300014F9XXXXXXXXXXXXXXXXXXXX6
300014FAXXXXXXXXXXXXXXXXXXXX6
300014FBXXXXXXXXXXXXXXXXXXXX6
300014FCXXXXXXXXXXXXXXXXXXXX6
300014FEXXXXXXXXXXXXXXXXXXXX6
300014FFXXXXXXXXXXXXXXXXXXXX6
300015XXDDCCBBAAXXXXXXXXXXXX9
300016XXXXXXXXXXXXXXXXXXXXXX5
300017XXXXXXXXXXXXXXXXXXXXXX5
300018XXXXXXXXXXXXXXXXXXXXXX5
300019XXXXXXXXXXXXXXXXXXXXXX5
30001AXXXXXXXXXXXXXXXXXXXXXX5
30001BXXXXXXXXXXXXXXXXXXXXXX5
30001CXXXXXXXXXXXXXXXXXXXXXX6
30001C01XXXXXXXXXXXXXXXXXXXX6
30001C02XXXXXXXXXXXXXXXXXXXX6
30001C03XXXXXXXXXXXXXXXXXXXX6
30001C04XXXXXXXXXXXXXXXXXXXX6
30001C06XXXXXXXXXXXXXXXXXXXX6
30001C07XXXXXXXXXXXXXXXXXXXX6
30001C08XXXXXXXXXXXXXXXXXXXX6
30001C09XXXXXXXXXXXXXXXXXXXX6
30001C0AXXXXXXXXXXXXXXXXXXXX6
30001C0BXXXXXXXXXXXXXXXXXXXX6
30001C0CXXXXXXXXXXXXXXXXXXXX6
30001C0EXXXXXXXXXXXXXXXXXXXX6
30001C0FXXXXXXXXXXXXXXXXXXXX6
30001C10XXXXXXXXXXXXXXXXXXXX6
30001C11XXXXXXXXXXXXXXXXXXXX6
30001C12XXXXXXXXXXXXXXXXXXXX6
30001C13XXXXXXXXXXXXXXXXXXXX6
30001C14XXXXXXXXXXXXXXXXXXXX6
30001C16XXXXXXXXXXXXXXXXXXXX6
30001C17XXXXXXXXXXXXXXXXXXXX6
30001C18XXXXXXXXXXXXXXXXXXXX6
30001C19XXXXXXXXXXXXXXXXXXXX6
30001C1AXXXXXXXXXXXXXXXXXXXX6
30001C1BXXXXXXXXXXXXXXXXXXXX6
30001C1CXXXXXXXXXXXXXXXXXXXX6
30001C1EXXXXXXXXXXXXXXXXXXXX6
30001C1FXXXXXXXXXXXXXXXXXXXX6
30001C28XXXXXXXXXXXXXXXXXXXX6
30001C29XXXXXXXXXXXXXXXXXXXX6
30001C2AXXXXXXXXXXXXXXXXXXXX6
30001C2BXXXXXXXXXXXXXXXXXXXX6
30001C2CXXXXXXXXXXXXXXXXXXXX6
30001C2EXXXXXXXXXXXXXXXXXXXX6
30001C2FXXXXXXXXXXXXXXXXXXXX6
30001C30XXXXXXXXXXXXXXXXXXXX6
30001C31XXXXXXXXXXXXXXXXXXXX6
30001C32XXXXXXXXXXXXXXXXXXXX6
30001C33XXXXXXXXXXXXXXXXXXXX6
30001C34XXXXXXXXXXXXXXXXXXXX6
30001C36XXXXXXXXXXXXXXXXXXXX6
30001C37XXXXXXXXXXXXXXXXXXXX6
30001C38XXXXXXXXXXXXXXXXXXXX6
30001C39XXXXXXXXXXXXXXXXXXXX6
30001C3AXXXXXXXXXXXXXXXXXXXX6
30001C3BXXXXXXXXXXXXXXXXXXXX6
30001C3CXXXXXXXXXXXXXXXXXXXX6
30001C3EXXXXXXXXXXXXXXXXXXXX6
30001C3FXXXXXXXXXXXXXXXXXXXX6
30001C40XXXXXXXXXXXXXXXXXXXX6
30001C41XXXXXXXXXXXXXXXXXXXX6
30001C42XXXXXXXXXXXXXXXXXXXX6
30001C43XXXXXXXXXXXXXXXXXXXX6
30001C44XXXXXXXXXXXXXXXXXXXX6
30001C46XXXXXXXXXXXXXXXXXXXX6
30001C47XXXXXXXXXXXXXXXXXXXX6
30001C48XXXXXXXXXXXXXXXXXXXX6
30001C49XXXXXXXXXXXXXXXXXXXX6
30001C4AXXXXXXXXXXXXXXXXXXXX6
30001C4BXXXXXXXXXXXXXXXXXXXX6
30001C4CXXXXXXXXXXXXXXXXXXXX6
30001C4EXXXXXXXXXXXXXXXXXXXX6
30001C4FXXXXXXXXXXXXXXXXXXXX6
30001C50XXXXXXXXXXXXXXXXXXXX6
30001C51XXXXXXXXXXXXXXXXXXXX6
30001C52XXXXXXXXXXXXXXXXXXXX6
30001C53XXXXXXXXXXXXXXXXXXXX6
30001C54XXXXXXXXXXXXXXXXXXXX6
30001C56XXXXXXXXXXXXXXXXXXXX6
30001C57XXXXXXXXXXXXXXXXXXXX6
30001C58XXXXXXXXXXXXXXXXXXXX6
30001C59XXXXXXXXXXXXXXXXXXXX6
30001C5AXXXXXXXXXXXXXXXXXXXX6
30001C5BXXXXXXXXXXXXXXXXXXXX6
30001C5CXXXXXXXXXXXXXXXXXXXX6
30001C5EXXXXXXXXXXXXXXXXXXXX6
30001C5FXXXXXXXXXXXXXXXXXXXX6
30001C68XXXXXXXXXXXXXXXXXXXX6
30001C69XXXXXXXXXXXXXXXXXXXX6
30001C6AXXXXXXXXXXXXXXXXXXXX6
30001C6BXXXXXXXXXXXXXXXXXXXX6
30001C6CXXXXXXXXXXXXXXXXXXXX6
30001C6EXXXXXXXXXXXXXXXXXXXX6
30001C6FXXXXXXXXXXXXXXXXXXXX6
30001C70XXXXXXXXXXXXXXXXXXXX6
30001C71XXXXXXXXXXXXXXXXXXXX6
30001C72XXXXXXXXXXXXXXXXXXXX6
30001C73XXXXXXXXXXXXXXXXXXXX6
30001C74XXXXXXXXXXXXXXXXXXXX6
30001C76XXXXXXXXXXXXXXXXXXXX6
30001C77XXXXXXXXXXXXXXXXXXXX6
30001C78XXXXXXXXXXXXXXXXXXXX6
30001C79XXXXXXXXXXXXXXXXXXXX6
30001C7AXXXXXXXXXXXXXXXXXXXX6
30001C7BXXXXXXXXXXXXXXXXXXXX6
30001C7CXXXXXXXXXXXXXXXXXXXX6
30001C7EXXXXXXXXXXXXXXXXXXXX6
30001C7FXXXXXXXXXXXXXXXXXXXX6
30001C80XXXXXXXXXXXXXXXXXXXX6
30001C81XXXXXXXXXXXXXXXXXXXX6
30001C82XXXXXXXXXXXXXXXXXXXX6
30001C83XXXXXXXXXXXXXXXXXXXX6
30001C84XXXXXXXXXXXXXXXXXXXX6
30001C86XXXXXXXXXXXXXXXXXXXX6
30001C87XXXXXXXXXXXXXXXXXXXX6
30001C88XXXXXXXXXXXXXXXXXXXX6
30001C89XXXXXXXXXXXXXXXXXXXX6
30001C8AXXXXXXXXXXXXXXXXXXXX6
30001C8BXXXXXXXXXXXXXXXXXXXX6
30001C8CXXXXXXXXXXXXXXXXXXXX6
30001C8EXXXXXXXXXXXXXXXXXXXX6
30001C8FXXXXXXXXXXXXXXXXXXXX6
30001C90XXXXXXXXXXXXXXXXXXXX6
30001C91XXXXXXXXXXXXXXXXXXXX6
30001C92XXXXXXXXXXXXXXXXXXXX6
30001C93XXXXXXXXXXXXXXXXXXXX6
30001C94XXXXXXXXXXXXXXXXXXXX6
30001C96XXXXXXXXXXXXXXXXXXXX6
30001C97XXXXXXXXXXXXXXXXXXXX6
30001C98XXXXXXXXXXXXXXXXXXXX6
30001C99XXXXXXXXXXXXXXXXXXXX6
30001C9AXXXXXXXXXXXXXXXXXXXX6
30001C9BXXXXXXXXXXXXXXXXXXXX6
30001C9CXXXXXXXXXXXXXXXXXXXX6
30001C9EXXXXXXXXXXXXXXXXXXXX6
30001C9FXXXXXXXXXXXXXXXXXXXX6
30001CA8XXXXXXXXXXXXXXXXXXXX6
30001CA9XXXXXXXXXXXXXXXXXXXX6
30001CAAXXXXXXXXXXXXXXXXXXXX6
30001CABXXXXXXXXXXXXXXXXXXXX6
30001CACXXXXXXXXXXXXXXXXXXXX6
30001CAEXXXXXXXXXXXXXXXXXXXX6
30001CAFXXXXXXXXXXXXXXXXXXXX6
30001CB0XXXXXXXXXXXXXXXXXXXX6
30001CB1XXXXXXXXXXXXXXXXXXXX6
30001CB2XXXXXXXXXXXXXXXXXXXX6
30001CB3XXXXXXXXXXXXXXXXXXXX6
30001CB4XXXXXXXXXXXXXXXXXXXX6
30001CB6XXXXXXXXXXXXXXXXXXXX6
30001CB7XXXXXXXXXXXXXXXXXXXX6
30001CB8XXXXXXXXXXXXXXXXXXXX6
30001CB9XXXXXXXXXXXXXXXXXXXX6
30001CBAXXXXXXXXXXXXXXXXXXXX6
30001CBBXXXXXXXXXXXXXXXXXXXX6
30001CBCXXXXXXXXXXXXXXXXXXXX6
30001CBEXXXXXXXXXXXXXXXXXXXX6
30001CBFXXXXXXXXXXXXXXXXXXXX6
30001CC0XXXXXXXXXXXXXXXXXXXX6
30001CC1XXXXXXXXXXXXXXXXXXXX6
30001CC2XXXXXXXXXXXXXXXXXXXX6
30001CC3XXXXXXXXXXXXXXXXXXXX6
30001CC4XXXXXXXXXXXXXXXXXXXX6
30001CC6XXXXXXXXXXXXXXXXXXXX6
30001CC7XXXXXXXXXXXXXXXXXXXX6
30001CC8XXXXXXXXXXXXXXXXXXXX6
30001CC9XXXXXXXXXXXXXXXXXXXX6
30001CCAXXXXXXXXXXXXXXXXXXXX6
30001CCBXXXXXXXXXXXXXXXXXXXX6
30001CCCXXXXXXXXXXXXXXXXXXXX6
30001CCEXXXXXXXXXXXXXXXXXXXX6
30001CCFXXXXXXXXXXXXXXXXXXXX6
30001CD0XXXXXXXXXXXXXXXXXXXX6
30001CD1XXXXXXXXXXXXXXXXXXXX6
30001CD2XXXXXXXXXXXXXXXXXXXX6
30001CD3XXXXXXXXXXXXXXXXXXXX6
30001CD4XXXXXXXXXXXXXXXXXXXX6
30001CD6XXXXXXXXXXXXXXXXXXXX6
30001CD7XXXXXXXXXXXXXXXXXXXX6
30001CD8XXXXXXXXXXXXXXXXXXXX6
30001CD9XXXXXXXXXXXXXXXXXXXX6
30001CDAXXXXXXXXXXXXXXXXXXXX6
30001CDBXXXXXXXXXXXXXXXXXXXX6
30001CDCXXXXXXXXXXXXXXXXXXXX6
30001CDEXXXXXXXXXXXXXXXXXXXX6
30001CDFXXXXXXXXXXXXXXXXXXXX6
30001CE8XXXXXXXXXXXXXXXXXXXX6
30001CE9XXXXXXXXXXXXXXXXXXXX6
30001CEAXXXXXXXXXXXXXXXXXXXX6
30001CEBXXXXXXXXXXXXXXXXXXXX6
30001CECXXXXXXXXXXXXXXXXXXXX6
30001CEEXXXXXXXXXXXXXXXXXXXX6
30001CEFXXXXXXXXXXXXXXXXXXXX6
30001CF0XXXXXXXXXXXXXXXXXXXX6
30001CF1XXXXXXXXXXXXXXXXXXXX6
30001CF2XXXXXXXXXXXXXXXXXXXX6
30001CF3XXXXXXXXXXXXXXXXXXXX6
30001CF4XXXXXXXXXXXXXXXXXXXX6
30001CF6XXXXXXXXXXXXXXXXXXXX6
30001CF7XXXXXXXXXXXXXXXXXXXX6
30001CF8XXXXXXXXXXXXXXXXXXXX6
30001CF9XXXXXXXXXXXXXXXXXXXX6
30001CFAXXXXXXXXXXXXXXXXXXXX6
30001CFBXXXXXXXXXXXXXXXXXXXX6
30001CFCXXXXXXXXXXXXXXXXXXXX6
30001CFEXXXXXXXXXXXXXXXXXXXX6
30001CFFXXXXXXXXXXXXXXXXXXXX6
30001DXXDDCCBBAAXXXXXXXXXXXX9
30001EXXXXXXXXXXXXXXXXXXXXXX5
30001FXXXXXXXXXXXXXXXXXXXXXX5
300020XXXXXXXXXXXXXXXXXXXXXX5
300021XXXXXXXXXXXXXXXXXXXXXX5
300022XXXXXXXXXXXXXXXXXXXXXX5
300023XXXXXXXXXXXXXXXXXXXXXX5
300024XXXXXXXXXXXXXXXXXXXXXX6
30002401XXXXXXXXXXXXXXXXXXXX6
30002402XXXXXXXXXXXXXXXXXXXX6
30002403XXXXXXXXXXXXXXXXXXXX6
30002404XXXXXXXXXXXXXXXXXXXX6
30002406XXXXXXXXXXXXXXXXXXXX6
30002407XXXXXXXXXXXXXXXXXXXX6
30002408XXXXXXXXXXXXXXXXXXXX6
30002409XXXXXXXXXXXXXXXXXXXX6
3000240AXXXXXXXXXXXXXXXXXXXX6
3000240BXXXXXXXXXXXXXXXXXXXX6
3000240CXXXXXXXXXXXXXXXXXXXX6
3000240EXXXXXXXXXXXXXXXXXXXX6
3000240FXXXXXXXXXXXXXXXXXXXX6
30002410XXXXXXXXXXXXXXXXXXXX6
30002411XXXXXXXXXXXXXXXXXXXX6
30002412XXXXXXXXXXXXXXXXXXXX6
30002413XXXXXXXXXXXXXXXXXXXX6
30002414XXXXXXXXXXXXXXXXXXXX6
30002416XXXXXXXXXXXXXXXXXXXX6
30002417XXXXXXXXXXXXXXXXXXXX6
30002418XXXXXXXXXXXXXXXXXXXX6
30002419XXXXXXXXXXXXXXXXXXXX6
3000241AXXXXXXXXXXXXXXXXXXXX6
3000241BXXXXXXXXXXXXXXXXXXXX6
3000241CXXXXXXXXXXXXXXXXXXXX6
3000241EXXXXXXXXXXXXXXXXXXXX6
3000241FXXXXXXXXXXXXXXXXXXXX6
30002428XXXXXXXXXXXXXXXXXXXX6
30002429XXXXXXXXXXXXXXXXXXXX6
3000242AXXXXXXXXXXXXXXXXXXXX6
3000242BXXXXXXXXXXXXXXXXXXXX6
3000242CXXXXXXXXXXXXXXXXXXXX6
3000242EXXXXXXXXXXXXXXXXXXXX6
3000242FXXXXXXXXXXXXXXXXXXXX6
30002430XXXXXXXXXXXXXXXXXXXX6
30002431XXXXXXXXXXXXXXXXXXXX6
30002432XXXXXXXXXXXXXXXXXXXX6
30002433XXXXXXXXXXXXXXXXXXXX6
30002434XXXXXXXXXXXXXXXXXXXX6
30002436XXXXXXXXXXXXXXXXXXXX6
30002437XXXXXXXXXXXXXXXXXXXX6
30002438XXXXXXXXXXXXXXXXXXXX6
30002439XXXXXXXXXXXXXXXXXXXX6
3000243AXXXXXXXXXXXXXXXXXXXX6
3000243BXXXXXXXXXXXXXXXXXXXX6
3000243CXXXXXXXXXXXXXXXXXXXX6
3000243EXXXXXXXXXXXXXXXXXXXX6
3000243FXXXXXXXXXXXXXXXXXXXX6
30002440XXXXXXXXXXXXXXXXXXXX6
30002441XXXXXXXXXXXXXXXXXXXX6
30002442XXXXXXXXXXXXXXXXXXXX6
30002443XXXXXXXXXXXXXXXXXXXX6
30002444XXXXXXXXXXXXXXXXXXXX6
30002446XXXXXXXXXXXXXXXXXXXX6
30002447XXXXXXXXXXXXXXXXXXXX6
30002448XXXXXXXXXXXXXXXXXXXX6
30002449XXXXXXXXXXXXXXXXXXXX6
3000244AXXXXXXXXXXXXXXXXXXXX6
3000244BXXXXXXXXXXXXXXXXXXXX6
3000244CXXXXXXXXXXXXXXXXXXXX6
3000244EXXXXXXXXXXXXXXXXXXXX6
3000244FXXXXXXXXXXXXXXXXXXXX6
30002450XXXXXXXXXXXXXXXXXXXX6
30002451XXXXXXXXXXXXXXXXXXXX6
30002452XXXXXXXXXXXXXXXXXXXX6
30002453XXXXXXXXXXXXXXXXXXXX6
30002454XXXXXXXXXXXXXXXXXXXX6
30002456XXXXXXXXXXXXXXXXXXXX6
30002457XXXXXXXXXXXXXXXXXXXX6
30002458XXXXXXXXXXXXXXXXXXXX6
30002459XXXXXXXXXXXXXXXXXXXX6
3000245AXXXXXXXXXXXXXXXXXXXX6
3000245BXXXXXXXXXXXXXXXXXXXX6
3000245CXXXXXXXXXXXXXXXXXXXX6
3000245EXXXXXXXXXXXXXXXXXXXX6
3000245FXXXXXXXXXXXXXXXXXXXX6
30002468XXXXXXXXXXXXXXXXXXXX6
30002469XXXXXXXXXXXXXXXXXXXX6
3000246AXXXXXXXXXXXXXXXXXXXX6
3000246BXXXXXXXXXXXXXXXXXXXX6
3000246CXXXXXXXXXXXXXXXXXXXX6
3000246EXXXXXXXXXXXXXXXXXXXX6
3000246FXXXXXXXXXXXXXXXXXXXX6
30002470XXXXXXXXXXXXXXXXXXXX6
30002471XXXXXXXXXXXXXXXXXXXX6
30002472XXXXXXXXXXXXXXXXXXXX6
30002473XXXXXXXXXXXXXXXXXXXX6
30002474XXXXXXXXXXXXXXXXXXXX6
30002476XXXXXXXXXXXXXXXXXXXX6
30002477XXXXXXXXXXXXXXXXXXXX6
30002478XXXXXXXXXXXXXXXXXXXX6
30002479XXXXXXXXXXXXXXXXXXXX6
3000247AXXXXXXXXXXXXXXXXXXXX6
3000247BXXXXXXXXXXXXXXXXXXXX6
3000247CXXXXXXXXXXXXXXXXXXXX6
3000247EXXXXXXXXXXXXXXXXXXXX6
3000247FXXXXXXXXXXXXXXXXXXXX6
30002480XXXXXXXXXXXXXXXXXXXX6
30002481XXXXXXXXXXXXXXXXXXXX6
30002482XXXXXXXXXXXXXXXXXXXX6
30002483XXXXXXXXXXXXXXXXXXXX6
30002484XXXXXXXXXXXXXXXXXXXX6
30002486XXXXXXXXXXXXXXXXXXXX6
30002487XXXXXXXXXXXXXXXXXXXX6
30002488XXXXXXXXXXXXXXXXXXXX6
30002489XXXXXXXXXXXXXXXXXXXX6
3000248AXXXXXXXXXXXXXXXXXXXX6
3000248BXXXXXXXXXXXXXXXXXXXX6
3000248CXXXXXXXXXXXXXXXXXXXX6
3000248EXXXXXXXXXXXXXXXXXXXX6
3000248FXXXXXXXXXXXXXXXXXXXX6
30002490XXXXXXXXXXXXXXXXXXXX6
30002491XXXXXXXXXXXXXXXXXXXX6
30002492XXXXXXXXXXXXXXXXXXXX6
30002493XXXXXXXXXXXXXXXXXXXX6
30002494XXXXXXXXXXXXXXXXXXXX6
30002496XXXXXXXXXXXXXXXXXXXX6
30002497XXXXXXXXXXXXXXXXXXXX6
30002498XXXXXXXXXXXXXXXXXXXX6
30002499XXXXXXXXXXXXXXXXXXXX6
3000249AXXXXXXXXXXXXXXXXXXXX6
3000249BXXXXXXXXXXXXXXXXXXXX6
3000249CXXXXXXXXXXXXXXXXXXXX6
3000249EXXXXXXXXXXXXXXXXXXXX6
3000249FXXXXXXXXXXXXXXXXXXXX6
300024A8XXXXXXXXXXXXXXXXXXXX6
300024A9XXXXXXXXXXXXXXXXXXXX6
300024AAXXXXXXXXXXXXXXXXXXXX6
300024ABXXXXXXXXXXXXXXXXXXXX6
300024ACXXXXXXXXXXXXXXXXXXXX6
300024AEXXXXXXXXXXXXXXXXXXXX6
300024AFXXXXXXXXXXXXXXXXXXXX6
300024B0XXXXXXXXXXXXXXXXXXXX6
300024B1XXXXXXXXXXXXXXXXXXXX6
300024B2XXXXXXXXXXXXXXXXXXXX6
300024B3XXXXXXXXXXXXXXXXXXXX6
300024B4XXXXXXXXXXXXXXXXXXXX6
300024B6XXXXXXXXXXXXXXXXXXXX6
300024B7XXXXXXXXXXXXXXXXXXXX6
300024B8XXXXXXXXXXXXXXXXXXXX6
300024B9XXXXXXXXXXXXXXXXXXXX6
300024BAXXXXXXXXXXXXXXXXXXXX6
300024BBXXXXXXXXXXXXXXXXXXXX6
300024BCXXXXXXXXXXXXXXXXXXXX6
300024BEXXXXXXXXXXXXXXXXXXXX6
300024BFXXXXXXXXXXXXXXXXXXXX6
300024C0XXXXXXXXXXXXXXXXXXXX6
300024C1XXXXXXXXXXXXXXXXXXXX6
300024C2XXXXXXXXXXXXXXXXXXXX6
300024C3XXXXXXXXXXXXXXXXXXXX6
300024C4XXXXXXXXXXXXXXXXXXXX6
300024C6XXXXXXXXXXXXXXXXXXXX6
300024C7XXXXXXXXXXXXXXXXXXXX6
300024C8XXXXXXXXXXXXXXXXXXXX6
300024C9XXXXXXXXXXXXXXXXXXXX6
300024CAXXXXXXXXXXXXXXXXXXXX6
300024CBXXXXXXXXXXXXXXXXXXXX6
300024CCXXXXXXXXXXXXXXXXXXXX6
300024CEXXXXXXXXXXXXXXXXXXXX6
300024CFXXXXXXXXXXXXXXXXXXXX6
300024D0XXXXXXXXXXXXXXXXXXXX6
300024D1XXXXXXXXXXXXXXXXXXXX6
300024D2XXXXXXXXXXXXXXXXXXXX6
300024D3XXXXXXXXXXXXXXXXXXXX6
300024D4XXXXXXXXXXXXXXXXXXXX6
300024D6XXXXXXXXXXXXXXXXXXXX6
300024D7XXXXXXXXXXXXXXXXXXXX6
300024D8XXXXXXXXXXXXXXXXXXXX6
300024D9XXXXXXXXXXXXXXXXXXXX6
300024DAXXXXXXXXXXXXXXXXXXXX6
300024DBXXXXXXXXXXXXXXXXXXXX6
300024DCXXXXXXXXXXXXXXXXXXXX6
300024DEXXXXXXXXXXXXXXXXXXXX6
300024DFXXXXXXXXXXXXXXXXXXXX6
300024E8XXXXXXXXXXXXXXXXXXXX6
300024E9XXXXXXXXXXXXXXXXXXXX6
300024EAXXXXXXXXXXXXXXXXXXXX6
300024EBXXXXXXXXXXXXXXXXXXXX6
300024ECXXXXXXXXXXXXXXXXXXXX6
300024EEXXXXXXXXXXXXXXXXXXXX6
300024EFXXXXXXXXXXXXXXXXXXXX6
300024F0XXXXXXXXXXXXXXXXXXXX6
300024F1XXXXXXXXXXXXXXXXXXXX6
300024F2XXXXXXXXXXXXXXXXXXXX6
300024F3XXXXXXXXXXXXXXXXXXXX6
300024F4XXXXXXXXXXXXXXXXXXXX6
300024F6XXXXXXXXXXXXXXXXXXXX6
300024F7XXXXXXXXXXXXXXXXXXXX6
300024F8XXXXXXXXXXXXXXXXXXXX6
300024F9XXXXXXXXXXXXXXXXXXXX6
300024FAXXXXXXXXXXXXXXXXXXXX6
300024FBXXXXXXXXXXXXXXXXXXXX6
300024FCXXXXXXXXXXXXXXXXXXXX6
300024FEXXXXXXXXXXXXXXXXXXXX6
300024FFXXXXXXXXXXXXXXXXXXXX6
300025XXDDCCBBAAXXXXXXXXXXXX9
300026XXXXXXXXXXXXXXXXXXXXXX5
300027XXXXXXXXXXXXXXXXXXXXXX5
300028XXXXXXXXXXXXXXXXXXXXXX5
300029XXXXXXXXXXXXXXXXXXXXXX5
30002AXXXXXXXXXXXXXXXXXXXXXX5
30002BXXXXXXXXXXXXXXXXXXXXXX5
30002CXXXXXXXXXXXXXXXXXXXXXX6
30002C01XXXXXXXXXXXXXXXXXXXX6
30002C02XXXXXXXXXXXXXXXXXXXX6
30002C03XXXXXXXXXXXXXXXXXXXX6
30002C04XXXXXXXXXXXXXXXXXXXX6
30002C06XXXXXXXXXXXXXXXXXXXX6
30002C07XXXXXXXXXXXXXXXXXXXX6
30002C08XXXXXXXXXXXXXXXXXXXX6
30002C09XXXXXXXXXXXXXXXXXXXX6
30002C0AXXXXXXXXXXXXXXXXXXXX6
30002C0BXXXXXXXXXXXXXXXXXXXX6
30002C0CXXXXXXXXXXXXXXXXXXXX6
30002C0EXXXXXXXXXXXXXXXXXXXX6
30002C0FXXXXXXXXXXXXXXXXXXXX6
30002C10XXXXXXXXXXXXXXXXXXXX6
30002C11XXXXXXXXXXXXXXXXXXXX6
30002C12XXXXXXXXXXXXXXXXXXXX6
30002C13XXXXXXXXXXXXXXXXXXXX6
30002C14XXXXXXXXXXXXXXXXXXXX6
30002C16XXXXXXXXXXXXXXXXXXXX6
30002C17XXXXXXXXXXXXXXXXXXXX6
30002C18XXXXXXXXXXXXXXXXXXXX6
30002C19XXXXXXXXXXXXXXXXXXXX6
30002C1AXXXXXXXXXXXXXXXXXXXX6
30002C1BXXXXXXXXXXXXXXXXXXXX6
30002C1CXXXXXXXXXXXXXXXXXXXX6
30002C1EXXXXXXXXXXXXXXXXXXXX6
30002C1FXXXXXXXXXXXXXXXXXXXX6
30002C28XXXXXXXXXXXXXXXXXXXX6
30002C29XXXXXXXXXXXXXXXXXXXX6
30002C2AXXXXXXXXXXXXXXXXXXXX6
30002C2BXXXXXXXXXXXXXXXXXXXX6
30002C2CXXXXXXXXXXXXXXXXXXXX6
30002C2EXXXXXXXXXXXXXXXXXXXX6
30002C2FXXXXXXXXXXXXXXXXXXXX6
30002C30XXXXXXXXXXXXXXXXXXXX6
30002C31XXXXXXXXXXXXXXXXXXXX6
30002C32XXXXXXXXXXXXXXXXXXXX6
30002C33XXXXXXXXXXXXXXXXXXXX6
30002C34XXXXXXXXXXXXXXXXXXXX6
30002C36XXXXXXXXXXXXXXXXXXXX6
30002C37XXXXXXXXXXXXXXXXXXXX6
30002C38XXXXXXXXXXXXXXXXXXXX6
30002C39XXXXXXXXXXXXXXXXXXXX6
30002C3AXXXXXXXXXXXXXXXXXXXX6
30002C3BXXXXXXXXXXXXXXXXXXXX6
30002C3CXXXXXXXXXXXXXXXXXXXX6
30002C3EXXXXXXXXXXXXXXXXXXXX6
30002C3FXXXXXXXXXXXXXXXXXXXX6
30002C40XXXXXXXXXXXXXXXXXXXX6
30002C41XXXXXXXXXXXXXXXXXXXX6
30002C42XXXXXXXXXXXXXXXXXXXX6
30002C43XXXXXXXXXXXXXXXXXXXX6
30002C44XXXXXXXXXXXXXXXXXXXX6
30002C46XXXXXXXXXXXXXXXXXXXX6
30002C47XXXXXXXXXXXXXXXXXXXX6
30002C48XXXXXXXXXXXXXXXXXXXX6
30002C49XXXXXXXXXXXXXXXXXXXX6
30002C4AXXXXXXXXXXXXXXXXXXXX6
30002C4BXXXXXXXXXXXXXXXXXXXX6
30002C4CXXXXXXXXXXXXXXXXXXXX6
30002C4EXXXXXXXXXXXXXXXXXXXX6
30002C4FXXXXXXXXXXXXXXXXXXXX6
30002C50XXXXXXXXXXXXXXXXXXXX6
30002C51XXXXXXXXXXXXXXXXXXXX6
30002C52XXXXXXXXXXXXXXXXXXXX6
30002C53XXXXXXXXXXXXXXXXXXXX6
30002C54XXXXXXXXXXXXXXXXXXXX6
30002C56XXXXXXXXXXXXXXXXXXXX6
30002C57XXXXXXXXXXXXXXXXXXXX6
30002C58XXXXXXXXXXXXXXXXXXXX6
30002C59XXXXXXXXXXXXXXXXXXXX6
30002C5AXXXXXXXXXXXXXXXXXXXX6
30002C5BXXXXXXXXXXXXXXXXXXXX6
30002C5CXXXXXXXXXXXXXXXXXXXX6
30002C5EXXXXXXXXXXXXXXXXXXXX6
30002C5FXXXXXXXXXXXXXXXXXXXX6
30002C68XXXXXXXXXXXXXXXXXXXX6
30002C69XXXXXXXXXXXXXXXXXXXX6
30002C6AXXXXXXXXXXXXXXXXXXXX6
30002C6BXXXXXXXXXXXXXXXXXXXX6
30002C6CXXXXXXXXXXXXXXXXXXXX6
30002C6EXXXXXXXXXXXXXXXXXXXX6
30002C6FXXXXXXXXXXXXXXXXXXXX6
30002C70XXXXXXXXXXXXXXXXXXXX6
30002C71XXXXXXXXXXXXXXXXXXXX6
30002C72XXXXXXXXXXXXXXXXXXXX6
30002C73XXXXXXXXXXXXXXXXXXXX6
30002C74XXXXXXXXXXXXXXXXXXXX6
30002C76XXXXXXXXXXXXXXXXXXXX6
30002C77XXXXXXXXXXXXXXXXXXXX6
30002C78XXXXXXXXXXXXXXXXXXXX6
30002C79XXXXXXXXXXXXXXXXXXXX6
30002C7AXXXXXXXXXXXXXXXXXXXX6
30002C7BXXXXXXXXXXXXXXXXXXXX6
30002C7CXXXXXXXXXXXXXXXXXXXX6
30002C7EXXXXXXXXXXXXXXXXXXXX6
30002C7FXXXXXXXXXXXXXXXXXXXX6
30002C80XXXXXXXXXXXXXXXXXXXX6
30002C81XXXXXXXXXXXXXXXXXXXX6
30002C82XXXXXXXXXXXXXXXXXXXX6
30002C83XXXXXXXXXXXXXXXXXXXX6
30002C84XXXXXXXXXXXXXXXXXXXX6
30002C86XXXXXXXXXXXXXXXXXXXX6
30002C87XXXXXXXXXXXXXXXXXXXX6
30002C88XXXXXXXXXXXXXXXXXXXX6
30002C89XXXXXXXXXXXXXXXXXXXX6
30002C8AXXXXXXXXXXXXXXXXXXXX6
30002C8BXXXXXXXXXXXXXXXXXXXX6
30002C8CXXXXXXXXXXXXXXXXXXXX6
30002C8EXXXXXXXXXXXXXXXXXXXX6
30002C8FXXXXXXXXXXXXXXXXXXXX6
30002C90XXXXXXXXXXXXXXXXXXXX6
30002C91XXXXXXXXXXXXXXXXXXXX6
30002C92XXXXXXXXXXXXXXXXXXXX6
30002C93XXXXXXXXXXXXXXXXXXXX6
30002C94XXXXXXXXXXXXXXXXXXXX6
30002C96XXXXXXXXXXXXXXXXXXXX6
30002C97XXXXXXXXXXXXXXXXXXXX6
30002C98XXXXXXXXXXXXXXXXXXXX6
30002C99XXXXXXXXXXXXXXXXXXXX6
30002C9AXXXXXXXXXXXXXXXXXXXX6
30002C9BXXXXXXXXXXXXXXXXXXXX6
30002C9CXXXXXXXXXXXXXXXXXXXX6
30002C9EXXXXXXXXXXXXXXXXXXXX6
30002C9FXXXXXXXXXXXXXXXXXXXX6
30002CA8XXXXXXXXXXXXXXXXXXXX6
30002CA9XXXXXXXXXXXXXXXXXXXX6
30002CAAXXXXXXXXXXXXXXXXXXXX6
30002CABXXXXXXXXXXXXXXXXXXXX6
30002CACXXXXXXXXXXXXXXXXXXXX6
30002CAEXXXXXXXXXXXXXXXXXXXX6
30002CAFXXXXXXXXXXXXXXXXXXXX6
30002CB0XXXXXXXXXXXXXXXXXXXX6
30002CB1XXXXXXXXXXXXXXXXXXXX6
30002CB2XXXXXXXXXXXXXXXXXXXX6
30002CB3XXXXXXXXXXXXXXXXXXXX6
30002CB4XXXXXXXXXXXXXXXXXXXX6
30002CB6XXXXXXXXXXXXXXXXXXXX6
30002CB7XXXXXXXXXXXXXXXXXXXX6
30002CB8XXXXXXXXXXXXXXXXXXXX6
30002CB9XXXXXXXXXXXXXXXXXXXX6
30002CBAXXXXXXXXXXXXXXXXXXXX6
30002CBBXXXXXXXXXXXXXXXXXXXX6
30002CBCXXXXXXXXXXXXXXXXXXXX6
30002CBEXXXXXXXXXXXXXXXXXXXX6
30002CBFXXXXXXXXXXXXXXXXXXXX6
30002CC0XXXXXXXXXXXXXXXXXXXX6
30002CC1XXXXXXXXXXXXXXXXXXXX6
30002CC2XXXXXXXXXXXXXXXXXXXX6
30002CC3XXXXXXXXXXXXXXXXXXXX6
30002CC4XXXXXXXXXXXXXXXXXXXX6
30002CC6XXXXXXXXXXXXXXXXXXXX6
30002CC7XXXXXXXXXXXXXXXXXXXX6
30002CC8XXXXXXXXXXXXXXXXXXXX6
30002CC9XXXXXXXXXXXXXXXXXXXX6
30002CCAXXXXXXXXXXXXXXXXXXXX6
30002CCBXXXXXXXXXXXXXXXXXXXX6
30002CCCXXXXXXXXXXXXXXXXXXXX6
30002CCEXXXXXXXXXXXXXXXXXXXX6
30002CCFXXXXXXXXXXXXXXXXXXXX6
30002CD0XXXXXXXXXXXXXXXXXXXX6
30002CD1XXXXXXXXXXXXXXXXXXXX6
30002CD2XXXXXXXXXXXXXXXXXXXX6
30002CD3XXXXXXXXXXXXXXXXXXXX6
30002CD4XXXXXXXXXXXXXXXXXXXX6
30002CD6XXXXXXXXXXXXXXXXXXXX6
30002CD7XXXXXXXXXXXXXXXXXXXX6
30002CD8XXXXXXXXXXXXXXXXXXXX6
30002CD9XXXXXXXXXXXXXXXXXXXX6
30002CDAXXXXXXXXXXXXXXXXXXXX6
30002CDBXXXXXXXXXXXXXXXXXXXX6
30002CDCXXXXXXXXXXXXXXXXXXXX6
30002CDEXXXXXXXXXXXXXXXXXXXX6
30002CDFXXXXXXXXXXXXXXXXXXXX6
30002CE8XXXXXXXXXXXXXXXXXXXX6
30002CE9XXXXXXXXXXXXXXXXXXXX6
30002CEAXXXXXXXXXXXXXXXXXXXX6
30002CEBXXXXXXXXXXXXXXXXXXXX6
30002CECXXXXXXXXXXXXXXXXXXXX6
30002CEEXXXXXXXXXXXXXXXXXXXX6
30002CEFXXXXXXXXXXXXXXXXXXXX6
30002CF0XXXXXXXXXXXXXXXXXXXX6
30002CF1XXXXXXXXXXXXXXXXXXXX6
30002CF2XXXXXXXXXXXXXXXXXXXX6
30002CF3XXXXXXXXXXXXXXXXXXXX6
30002CF4XXXXXXXXXXXXXXXXXXXX6
30002CF6XXXXXXXXXXXXXXXXXXXX6
30002CF7XXXXXXXXXXXXXXXXXXXX6
30002CF8XXXXXXXXXXXXXXXXXXXX6
30002CF9XXXXXXXXXXXXXXXXXXXX6
30002CFAXXXXXXXXXXXXXXXXXXXX6
30002CFBXXXXXXXXXXXXXXXXXXXX6
30002CFCXXXXXXXXXXXXXXXXXXXX6
30002CFEXXXXXXXXXXXXXXXXXXXX6
30002CFFXXXXXXXXXXXXXXXXXXXX6
30002DXXDDCCBBAAXXXXXXXXXXXX9
30002EXXXXXXXXXXXXXXXXXXXXXX5
30002FXXXXXXXXXXXXXXXXXXXXXX5
300030XXXXXXXXXXXXXXXXXXXXXX5
300031XXXXXXXXXXXXXXXXXXXXXX5
300032XXXXXXXXXXXXXXXXXXXXXX5
300033XXXXXXXXXXXXXXXXXXXXXX5
300034XXXXXXXXXXXXXXXXXXXXXX6
30003401XXXXXXXXXXXXXXXXXXXX6
30003402XXXXXXXXXXXXXXXXXXXX6
30003403XXXXXXXXXXXXXXXXXXXX6
30003404XXXXXXXXXXXXXXXXXXXX6
30003406XXXXXXXXXXXXXXXXXXXX6
30003407XXXXXXXXXXXXXXXXXXXX6
30003408XXXXXXXXXXXXXXXXXXXX6
30003409XXXXXXXXXXXXXXXXXXXX6
3000340AXXXXXXXXXXXXXXXXXXXX6
3000340BXXXXXXXXXXXXXXXXXXXX6
3000340CXXXXXXXXXXXXXXXXXXXX6
3000340EXXXXXXXXXXXXXXXXXXXX6
3000340FXXXXXXXXXXXXXXXXXXXX6
30003410XXXXXXXXXXXXXXXXXXXX6
30003411XXXXXXXXXXXXXXXXXXXX6
30003412XXXXXXXXXXXXXXXXXXXX6
30003413XXXXXXXXXXXXXXXXXXXX6
30003414XXXXXXXXXXXXXXXXXXXX6
30003416XXXXXXXXXXXXXXXXXXXX6
30003417XXXXXXXXXXXXXXXXXXXX6
30003418XXXXXXXXXXXXXXXXXXXX6
30003419XXXXXXXXXXXXXXXXXXXX6
3000341AXXXXXXXXXXXXXXXXXXXX6
3000341BXXXXXXXXXXXXXXXXXXXX6
3000341CXXXXXXXXXXXXXXXXXXXX6
3000341EXXXXXXXXXXXXXXXXXXXX6
3000341FXXXXXXXXXXXXXXXXXXXX6
30003428XXXXXXXXXXXXXXXXXXXX6
30003429XXXXXXXXXXXXXXXXXXXX6
3000342AXXXXXXXXXXXXXXXXXXXX6
3000342BXXXXXXXXXXXXXXXXXXXX6
3000342CXXXXXXXXXXXXXXXXXXXX6
3000342EXXXXXXXXXXXXXXXXXXXX6
3000342FXXXXXXXXXXXXXXXXXXXX6
30003430XXXXXXXXXXXXXXXXXXXX6
30003431XXXXXXXXXXXXXXXXXXXX6
30003432XXXXXXXXXXXXXXXXXXXX6
30003433XXXXXXXXXXXXXXXXXXXX6
30003434XXXXXXXXXXXXXXXXXXXX6
30003436XXXXXXXXXXXXXXXXXXXX6
30003437XXXXXXXXXXXXXXXXXXXX6
30003438XXXXXXXXXXXXXXXXXXXX6
30003439XXXXXXXXXXXXXXXXXXXX6
3000343AXXXXXXXXXXXXXXXXXXXX6
3000343BXXXXXXXXXXXXXXXXXXXX6
3000343CXXXXXXXXXXXXXXXXXXXX6
3000343EXXXXXXXXXXXXXXXXXXXX6
3000343FXXXXXXXXXXXXXXXXXXXX6
30003440XXXXXXXXXXXXXXXXXXXX6
30003441XXXXXXXXXXXXXXXXXXXX6
30003442XXXXXXXXXXXXXXXXXXXX6
30003443XXXXXXXXXXXXXXXXXXXX6
30003444XXXXXXXXXXXXXXXXXXXX6
30003446XXXXXXXXXXXXXXXXXXXX6
30003447XXXXXXXXXXXXXXXXXXXX6
30003448XXXXXXXXXXXXXXXXXXXX6
30003449XXXXXXXXXXXXXXXXXXXX6
3000344AXXXXXXXXXXXXXXXXXXXX6
3000344BXXXXXXXXXXXXXXXXXXXX6
3000344CXXXXXXXXXXXXXXXXXXXX6
3000344EXXXXXXXXXXXXXXXXXXXX6
3000344FXXXXXXXXXXXXXXXXXXXX6
30003450XXXXXXXXXXXXXXXXXXXX6
30003451XXXXXXXXXXXXXXXXXXXX6
30003452XXXXXXXXXXXXXXXXXXXX6
30003453XXXXXXXXXXXXXXXXXXXX6
30003454XXXXXXXXXXXXXXXXXXXX6
30003456XXXXXXXXXXXXXXXXXXXX6
30003457XXXXXXXXXXXXXXXXXXXX6
30003458XXXXXXXXXXXXXXXXXXXX6
30003459XXXXXXXXXXXXXXXXXXXX6
3000345AXXXXXXXXXXXXXXXXXXXX6
3000345BXXXXXXXXXXXXXXXXXXXX6
3000345CXXXXXXXXXXXXXXXXXXXX6
3000345EXXXXXXXXXXXXXXXXXXXX6
3000345FXXXXXXXXXXXXXXXXXXXX6
30003468XXXXXXXXXXXXXXXXXXXX6
30003469XXXXXXXXXXXXXXXXXXXX6
3000346AXXXXXXXXXXXXXXXXXXXX6
3000346BXXXXXXXXXXXXXXXXXXXX6
3000346CXXXXXXXXXXXXXXXXXXXX6
3000346EXXXXXXXXXXXXXXXXXXXX6
3000346FXXXXXXXXXXXXXXXXXXXX6
30003470XXXXXXXXXXXXXXXXXXXX6
30003471XXXXXXXXXXXXXXXXXXXX6
30003472XXXXXXXXXXXXXXXXXXXX6
30003473XXXXXXXXXXXXXXXXXXXX6
30003474XXXXXXXXXXXXXXXXXXXX6
30003476XXXXXXXXXXXXXXXXXXXX6
30003477XXXXXXXXXXXXXXXXXXXX6
30003478XXXXXXXXXXXXXXXXXXXX6
30003479XXXXXXXXXXXXXXXXXXXX6
3000347AXXXXXXXXXXXXXXXXXXXX6
3000347BXXXXXXXXXXXXXXXXXXXX6
3000347CXXXXXXXXXXXXXXXXXXXX6
3000347EXXXXXXXXXXXXXXXXXXXX6
3000347FXXXXXXXXXXXXXXXXXXXX6
30003480XXXXXXXXXXXXXXXXXXXX6
30003481XXXXXXXXXXXXXXXXXXXX6
30003482XXXXXXXXXXXXXXXXXXXX6
30003483XXXXXXXXXXXXXXXXXXXX6
30003484XXXXXXXXXXXXXXXXXXXX6
30003486XXXXXXXXXXXXXXXXXXXX6
30003487XXXXXXXXXXXXXXXXXXXX6
30003488XXXXXXXXXXXXXXXXXXXX6
30003489XXXXXXXXXXXXXXXXXXXX6
3000348AXXXXXXXXXXXXXXXXXXXX6
3000348BXXXXXXXXXXXXXXXXXXXX6
3000348CXXXXXXXXXXXXXXXXXXXX6
3000348EXXXXXXXXXXXXXXXXXXXX6
3000348FXXXXXXXXXXXXXXXXXXXX6
30003490XXXXXXXXXXXXXXXXXXXX6
30003491XXXXXXXXXXXXXXXXXXXX6
30003492XXXXXXXXXXXXXXXXXXXX6
30003493XXXXXXXXXXXXXXXXXXXX6
30003494XXXXXXXXXXXXXXXXXXXX6
30003496XXXXXXXXXXXXXXXXXXXX6
30003497XXXXXXXXXXXXXXXXXXXX6
30003498XXXXXXXXXXXXXXXXXXXX6
30003499XXXXXXXXXXXXXXXXXXXX6
3000349AXXXXXXXXXXXXXXXXXXXX6
3000349BXXXXXXXXXXXXXXXXXXXX6
3000349CXXXXXXXXXXXXXXXXXXXX6
3000349EXXXXXXXXXXXXXXXXXXXX6
3000349FXXXXXXXXXXXXXXXXXXXX6
300034A8XXXXXXXXXXXXXXXXXXXX6
300034A9XXXXXXXXXXXXXXXXXXXX6
300034AAXXXXXXXXXXXXXXXXXXXX6
300034ABXXXXXXXXXXXXXXXXXXXX6
300034ACXXXXXXXXXXXXXXXXXXXX6
300034AEXXXXXXXXXXXXXXXXXXXX6
300034AFXXXXXXXXXXXXXXXXXXXX6
300034B0XXXXXXXXXXXXXXXXXXXX6
300034B1XXXXXXXXXXXXXXXXXXXX6
300034B2XXXXXXXXXXXXXXXXXXXX6
300034B3XXXXXXXXXXXXXXXXXXXX6
300034B4XXXXXXXXXXXXXXXXXXXX6
300034B6XXXXXXXXXXXXXXXXXXXX6
300034B7XXXXXXXXXXXXXXXXXXXX6
300034B8XXXXXXXXXXXXXXXXXXXX6
300034B9XXXXXXXXXXXXXXXXXXXX6
300034BAXXXXXXXXXXXXXXXXXXXX6
300034BBXXXXXXXXXXXXXXXXXXXX6
300034BCXXXXXXXXXXXXXXXXXXXX6
300034BEXXXXXXXXXXXXXXXXXXXX6
300034BFXXXXXXXXXXXXXXXXXXXX6
300034C0XXXXXXXXXXXXXXXXXXXX6
300034C1XXXXXXXXXXXXXXXXXXXX6
300034C2XXXXXXXXXXXXXXXXXXXX6
300034C3XXXXXXXXXXXXXXXXXXXX6
300034C4XXXXXXXXXXXXXXXXXXXX6
300034C6XXXXXXXXXXXXXXXXXXXX6
300034C7XXXXXXXXXXXXXXXXXXXX6
300034C8XXXXXXXXXXXXXXXXXXXX6
300034C9XXXXXXXXXXXXXXXXXXXX6
300034CAXXXXXXXXXXXXXXXXXXXX6
300034CBXXXXXXXXXXXXXXXXXXXX6
300034CCXXXXXXXXXXXXXXXXXXXX6
300034CEXXXXXXXXXXXXXXXXXXXX6
300034CFXXXXXXXXXXXXXXXXXXXX6
300034D0XXXXXXXXXXXXXXXXXXXX6
300034D1XXXXXXXXXXXXXXXXXXXX6
300034D2XXXXXXXXXXXXXXXXXXXX6
300034D3XXXXXXXXXXXXXXXXXXXX6
300034D4XXXXXXXXXXXXXXXXXXXX6
300034D6XXXXXXXXXXXXXXXXXXXX6
300034D7XXXXXXXXXXXXXXXXXXXX6
300034D8XXXXXXXXXXXXXXXXXXXX6
300034D9XXXXXXXXXXXXXXXXXXXX6
300034DAXXXXXXXXXXXXXXXXXXXX6
300034DBXXXXXXXXXXXXXXXXXXXX6
300034DCXXXXXXXXXXXXXXXXXXXX6
300034DEXXXXXXXXXXXXXXXXXXXX6
300034DFXXXXXXXXXXXXXXXXXXXX6
300034E8XXXXXXXXXXXXXXXXXXXX6
300034E9XXXXXXXXXXXXXXXXXXXX6
300034EAXXXXXXXXXXXXXXXXXXXX6
300034EBXXXXXXXXXXXXXXXXXXXX6
300034ECXXXXXXXXXXXXXXXXXXXX6
300034EEXXXXXXXXXXXXXXXXXXXX6
300034EFXXXXXXXXXXXXXXXXXXXX6
300034F0XXXXXXXXXXXXXXXXXXXX6
300034F1XXXXXXXXXXXXXXXXXXXX6
300034F2XXXXXXXXXXXXXXXXXXXX6
300034F3XXXXXXXXXXXXXXXXXXXX6
300034F4XXXXXXXXXXXXXXXXXXXX6
300034F6XXXXXXXXXXXXXXXXXXXX6
300034F7XXXXXXXXXXXXXXXXXXXX6
300034F8XXXXXXXXXXXXXXXXXXXX6
300034F9XXXXXXXXXXXXXXXXXXXX6
300034FAXXXXXXXXXXXXXXXXXXXX6
300034FBXXXXXXXXXXXXXXXXXXXX6
300034FCXXXXXXXXXXXXXXXXXXXX6
300034FEXXXXXXXXXXXXXXXXXXXX6
300034FFXXXXXXXXXXXXXXXXXXXX6
300035XXDDCCBBAAXXXXXXXXXXXX9
300036XXXXXXXXXXXXXXXXXXXXXX5
300037XXXXXXXXXXXXXXXXXXXXXX5
300038XXXXXXXXXXXXXXXXXXXXXX5
300039XXXXXXXXXXXXXXXXXXXXXX5
30003AXXXXXXXXXXXXXXXXXXXXXX5
30003BXXXXXXXXXXXXXXXXXXXXXX5
30003CXXXXXXXXXXXXXXXXXXXXXX6
30003C01XXXXXXXXXXXXXXXXXXXX6
30003C02XXXXXXXXXXXXXXXXXXXX6
30003C03XXXXXXXXXXXXXXXXXXXX6
30003C04XXXXXXXXXXXXXXXXXXXX6
30003C06XXXXXXXXXXXXXXXXXXXX6
30003C07XXXXXXXXXXXXXXXXXXXX6
30003C08XXXXXXXXXXXXXXXXXXXX6
30003C09XXXXXXXXXXXXXXXXXXXX6
30003C0AXXXXXXXXXXXXXXXXXXXX6
30003C0BXXXXXXXXXXXXXXXXXXXX6
30003C0CXXXXXXXXXXXXXXXXXXXX6
30003C0EXXXXXXXXXXXXXXXXXXXX6
30003C0FXXXXXXXXXXXXXXXXXXXX6
30003C10XXXXXXXXXXXXXXXXXXXX6
30003C11XXXXXXXXXXXXXXXXXXXX6
30003C12XXXXXXXXXXXXXXXXXXXX6
30003C13XXXXXXXXXXXXXXXXXXXX6
30003C14XXXXXXXXXXXXXXXXXXXX6
30003C16XXXXXXXXXXXXXXXXXXXX6
30003C17XXXXXXXXXXXXXXXXXXXX6
30003C18XXXXXXXXXXXXXXXXXXXX6
30003C19XXXXXXXXXXXXXXXXXXXX6
30003C1AXXXXXXXXXXXXXXXXXXXX6
30003C1BXXXXXXXXXXXXXXXXXXXX6
30003C1CXXXXXXXXXXXXXXXXXXXX6
30003C1EXXXXXXXXXXXXXXXXXXXX6
30003C1FXXXXXXXXXXXXXXXXXXXX6
30003C28XXXXXXXXXXXXXXXXXXXX6
30003C29XXXXXXXXXXXXXXXXXXXX6
30003C2AXXXXXXXXXXXXXXXXXXXX6
30003C2BXXXXXXXXXXXXXXXXXXXX6
30003C2CXXXXXXXXXXXXXXXXXXXX6
30003C2EXXXXXXXXXXXXXXXXXXXX6
30003C2FXXXXXXXXXXXXXXXXXXXX6
30003C30XXXXXXXXXXXXXXXXXXXX6
30003C31XXXXXXXXXXXXXXXXXXXX6
30003C32XXXXXXXXXXXXXXXXXXXX6
30003C33XXXXXXXXXXXXXXXXXXXX6
30003C34XXXXXXXXXXXXXXXXXXXX6
30003C36XXXXXXXXXXXXXXXXXXXX6
30003C37XXXXXXXXXXXXXXXXXXXX6
30003C38XXXXXXXXXXXXXXXXXXXX6
30003C39XXXXXXXXXXXXXXXXXXXX6
30003C3AXXXXXXXXXXXXXXXXXXXX6
30003C3BXXXXXXXXXXXXXXXXXXXX6
30003C3CXXXXXXXXXXXXXXXXXXXX6
30003C3EXXXXXXXXXXXXXXXXXXXX6
30003C3FXXXXXXXXXXXXXXXXXXXX6
30003C40XXXXXXXXXXXXXXXXXXXX6
30003C41XXXXXXXXXXXXXXXXXXXX6
30003C42XXXXXXXXXXXXXXXXXXXX6
30003C43XXXXXXXXXXXXXXXXXXXX6
30003C44XXXXXXXXXXXXXXXXXXXX6
30003C46XXXXXXXXXXXXXXXXXXXX6
30003C47XXXXXXXXXXXXXXXXXXXX6
30003C48XXXXXXXXXXXXXXXXXXXX6
30003C49XXXXXXXXXXXXXXXXXXXX6
30003C4AXXXXXXXXXXXXXXXXXXXX6
30003C4BXXXXXXXXXXXXXXXXXXXX6
30003C4CXXXXXXXXXXXXXXXXXXXX6
30003C4EXXXXXXXXXXXXXXXXXXXX6
30003C4FXXXXXXXXXXXXXXXXXXXX6
30003C50XXXXXXXXXXXXXXXXXXXX6
30003C51XXXXXXXXXXXXXXXXXXXX6
30003C52XXXXXXXXXXXXXXXXXXXX6
30003C53XXXXXXXXXXXXXXXXXXXX6
30003C54XXXXXXXXXXXXXXXXXXXX6
30003C56XXXXXXXXXXXXXXXXXXXX6
30003C57XXXXXXXXXXXXXXXXXXXX6
30003C58XXXXXXXXXXXXXXXXXXXX6
30003C59XXXXXXXXXXXXXXXXXXXX6
30003C5AXXXXXXXXXXXXXXXXXXXX6
30003C5BXXXXXXXXXXXXXXXXXXXX6
30003C5CXXXXXXXXXXXXXXXXXXXX6
30003C5EXXXXXXXXXXXXXXXXXXXX6
30003C5FXXXXXXXXXXXXXXXXXXXX6
30003C68XXXXXXXXXXXXXXXXXXXX6
30003C69XXXXXXXXXXXXXXXXXXXX6
30003C6AXXXXXXXXXXXXXXXXXXXX6
30003C6BXXXXXXXXXXXXXXXXXXXX6
30003C6CXXXXXXXXXXXXXXXXXXXX6
30003C6EXXXXXXXXXXXXXXXXXXXX6
30003C6FXXXXXXXXXXXXXXXXXXXX6
30003C70XXXXXXXXXXXXXXXXXXXX6
30003C71XXXXXXXXXXXXXXXXXXXX6
30003C72XXXXXXXXXXXXXXXXXXXX6
30003C73XXXXXXXXXXXXXXXXXXXX6
30003C74XXXXXXXXXXXXXXXXXXXX6
30003C76XXXXXXXXXXXXXXXXXXXX6
30003C77XXXXXXXXXXXXXXXXXXXX6
30003C78XXXXXXXXXXXXXXXXXXXX6
30003C79XXXXXXXXXXXXXXXXXXXX6
30003C7AXXXXXXXXXXXXXXXXXXXX6
30003C7BXXXXXXXXXXXXXXXXXXXX6
30003C7CXXXXXXXXXXXXXXXXXXXX6
30003C7EXXXXXXXXXXXXXXXXXXXX6
30003C7FXXXXXXXXXXXXXXXXXXXX6
30003C80XXXXXXXXXXXXXXXXXXXX6
30003C81XXXXXXXXXXXXXXXXXXXX6
30003C82XXXXXXXXXXXXXXXXXXXX6
30003C83XXXXXXXXXXXXXXXXXXXX6
30003C84XXXXXXXXXXXXXXXXXXXX6
30003C86XXXXXXXXXXXXXXXXXXXX6
30003C87XXXXXXXXXXXXXXXXXXXX6
30003C88XXXXXXXXXXXXXXXXXXXX6
30003C89XXXXXXXXXXXXXXXXXXXX6
30003C8AXXXXXXXXXXXXXXXXXXXX6
30003C8BXXXXXXXXXXXXXXXXXXXX6
30003C8CXXXXXXXXXXXXXXXXXXXX6
30003C8EXXXXXXXXXXXXXXXXXXXX6
30003C8FXXXXXXXXXXXXXXXXXXXX6
30003C90XXXXXXXXXXXXXXXXXXXX6
30003C91XXXXXXXXXXXXXXXXXXXX6
30003C92XXXXXXXXXXXXXXXXXXXX6
30003C93XXXXXXXXXXXXXXXXXXXX6
30003C94XXXXXXXXXXXXXXXXXXXX6
30003C96XXXXXXXXXXXXXXXXXXXX6
30003C97XXXXXXXXXXXXXXXXXXXX6
30003C98XXXXXXXXXXXXXXXXXXXX6
30003C99XXXXXXXXXXXXXXXXXXXX6
30003C9AXXXXXXXXXXXXXXXXXXXX6
30003C9BXXXXXXXXXXXXXXXXXXXX6
30003C9CXXXXXXXXXXXXXXXXXXXX6
30003C9EXXXXXXXXXXXXXXXXXXXX6
30003C9FXXXXXXXXXXXXXXXXXXXX6
30003CA8XXXXXXXXXXXXXXXXXXXX6
30003CA9XXXXXXXXXXXXXXXXXXXX6
30003CAAXXXXXXXXXXXXXXXXXXXX6
30003CABXXXXXXXXXXXXXXXXXXXX6
30003CACXXXXXXXXXXXXXXXXXXXX6
30003CAEXXXXXXXXXXXXXXXXXXXX6
30003CAFXXXXXXXXXXXXXXXXXXXX6
30003CB0XXXXXXXXXXXXXXXXXXXX6
30003CB1XXXXXXXXXXXXXXXXXXXX6
30003CB2XXXXXXXXXXXXXXXXXXXX6
30003CB3XXXXXXXXXXXXXXXXXXXX6
30003CB4XXXXXXXXXXXXXXXXXXXX6
30003CB6XXXXXXXXXXXXXXXXXXXX6
30003CB7XXXXXXXXXXXXXXXXXXXX6
30003CB8XXXXXXXXXXXXXXXXXXXX6
30003CB9XXXXXXXXXXXXXXXXXXXX6
30003CBAXXXXXXXXXXXXXXXXXXXX6
30003CBBXXXXXXXXXXXXXXXXXXXX6
30003CBCXXXXXXXXXXXXXXXXXXXX6
30003CBEXXXXXXXXXXXXXXXXXXXX6
30003CBFXXXXXXXXXXXXXXXXXXXX6
30003CC0XXXXXXXXXXXXXXXXXXXX6
30003CC1XXXXXXXXXXXXXXXXXXXX6
30003CC2XXXXXXXXXXXXXXXXXXXX6
30003CC3XXXXXXXXXXXXXXXXXXXX6
30003CC4XXXXXXXXXXXXXXXXXXXX6
30003CC6XXXXXXXXXXXXXXXXXXXX6
30003CC7XXXXXXXXXXXXXXXXXXXX6
30003CC8XXXXXXXXXXXXXXXXXXXX6
30003CC9XXXXXXXXXXXXXXXXXXXX6
30003CCAXXXXXXXXXXXXXXXXXXXX6
30003CCBXXXXXXXXXXXXXXXXXXXX6
30003CCCXXXXXXXXXXXXXXXXXXXX6
30003CCEXXXXXXXXXXXXXXXXXXXX6
30003CCFXXXXXXXXXXXXXXXXXXXX6
30003CD0XXXXXXXXXXXXXXXXXXXX6
30003CD1XXXXXXXXXXXXXXXXXXXX6
30003CD2XXXXXXXXXXXXXXXXXXXX6
30003CD3XXXXXXXXXXXXXXXXXXXX6
30003CD4XXXXXXXXXXXXXXXXXXXX6
30003CD6XXXXXXXXXXXXXXXXXXXX6
30003CD7XXXXXXXXXXXXXXXXXXXX6
30003CD8XXXXXXXXXXXXXXXXXXXX6
30003CD9XXXXXXXXXXXXXXXXXXXX6
30003CDAXXXXXXXXXXXXXXXXXXXX6
30003CDBXXXXXXXXXXXXXXXXXXXX6
30003CDCXXXXXXXXXXXXXXXXXXXX6
30003CDEXXXXXXXXXXXXXXXXXXXX6
30003CDFXXXXXXXXXXXXXXXXXXXX6
30003CE8XXXXXXXXXXXXXXXXXXXX6
30003CE9XXXXXXXXXXXXXXXXXXXX6
30003CEAXXXXXXXXXXXXXXXXXXXX6
30003CEBXXXXXXXXXXXXXXXXXXXX6
30003CECXXXXXXXXXXXXXXXXXXXX6
30003CEEXXXXXXXXXXXXXXXXXXXX6
30003CEFXXXXXXXXXXXXXXXXXXXX6
30003CF0XXXXXXXXXXXXXXXXXXXX6
30003CF1XXXXXXXXXXXXXXXXXXXX6
30003CF2XXXXXXXXXXXXXXXXXXXX6
30003CF3XXXXXXXXXXXXXXXXXXXX6
30003CF4XXXXXXXXXXXXXXXXXXXX6
30003CF6XXXXXXXXXXXXXXXXXXXX6
30003CF7XXXXXXXXXXXXXXXXXXXX6
30003CF8XXXXXXXXXXXXXXXXXXXX6
30003CF9XXXXXXXXXXXXXXXXXXXX6
30003CFAXXXXXXXXXXXXXXXXXXXX6
30003CFBXXXXXXXXXXXXXXXXXXXX6
30003CFCXXXXXXXXXXXXXXXXXXXX6
30003CFEXXXXXXXXXXXXXXXXXXXX6
30003CFFXXXXXXXXXXXXXXXXXXXX6
30003DXXDDCCBBAAXXXXXXXXXXXX9
30003EXXXXXXXXXXXXXXXXXXXXXX5
30003FXXXXXXXXXXXXXXXXXXXXXX5
300040XX000000AAXXXXXXXXXXXX6
300041XX000000AAXXXXXXXXXXXX6
300042XX000000AAXXXXXXXXXXXX6
300043XX000000AAXXXXXXXXXXXX6
300044XX000000AAXXXXXXXXXXXX7
30004401000000AAXXXXXXXXXXXX7
30004402000000AAXXXXXXXXXXXX7
30004403000000AAXXXXXXXXXXXX7
30004404000000AAXXXXXXXXXXXX7
30004406000000AAXXXXXXXXXXXX7
30004407000000AAXXXXXXXXXXXX7
30004408000000AAXXXXXXXXXXXX7
30004409000000AAXXXXXXXXXXXX7
3000440A000000AAXXXXXXXXXXXX7
3000440B000000AAXXXXXXXXXXXX7
3000440C000000AAXXXXXXXXXXXX7
3000440E000000AAXXXXXXXXXXXX7
3000440F000000AAXXXXXXXXXXXX7
30004410000000AAXXXXXXXXXXXX7
30004411000000AAXXXXXXXXXXXX7
30004412000000AAXXXXXXXXXXXX7
30004413000000AAXXXXXXXXXXXX7
30004414000000AAXXXXXXXXXXXX7
30004416000000AAXXXXXXXXXXXX7
30004417000000AAXXXXXXXXXXXX7
30004418000000AAXXXXXXXXXXXX7
30004419000000AAXXXXXXXXXXXX7
3000441A000000AAXXXXXXXXXXXX7
3000441B000000AAXXXXXXXXXXXX7
3000441C000000AAXXXXXXXXXXXX7
3000441E000000AAXXXXXXXXXXXX7
3000441F000000AAXXXXXXXXXXXX7
30004428000000AAXXXXXXXXXXXX7
30004429000000AAXXXXXXXXXXXX7
3000442A000000AAXXXXXXXXXXXX7
3000442B000000AAXXXXXXXXXXXX7
3000442C000000AAXXXXXXXXXXXX7
3000442E000000AAXXXXXXXXXXXX7
3000442F000000AAXXXXXXXXXXXX7
30004430000000AAXXXXXXXXXXXX7
30004431000000AAXXXXXXXXXXXX7
30004432000000AAXXXXXXXXXXXX7
30004433000000AAXXXXXXXXXXXX7
30004434000000AAXXXXXXXXXXXX7
30004436000000AAXXXXXXXXXXXX7
30004437000000AAXXXXXXXXXXXX7
30004438000000AAXXXXXXXXXXXX7
30004439000000AAXXXXXXXXXXXX7
3000443A000000AAXXXXXXXXXXXX7
3000443B000000AAXXXXXXXXXXXX7
3000443C000000AAXXXXXXXXXXXX7
3000443E000000AAXXXXXXXXXXXX7
3000443F000000AAXXXXXXXXXXXX7
30004440000000AAXXXXXXXXXXXX7
30004441000000AAXXXXXXXXXXXX7
30004442000000AAXXXXXXXXXXXX7
30004443000000AAXXXXXXXXXXXX7
30004444000000AAXXXXXXXXXXXX7
30004446000000AAXXXXXXXXXXXX7
30004447000000AAXXXXXXXXXXXX7
30004448000000AAXXXXXXXXXXXX7
30004449000000AAXXXXXXXXXXXX7
3000444A000000AAXXXXXXXXXXXX7
3000444B000000AAXXXXXXXXXXXX7
3000444C000000AAXXXXXXXXXXXX7
3000444E000000AAXXXXXXXXXXXX7
3000444F000000AAXXXXXXXXXXXX7
30004450000000AAXXXXXXXXXXXX7
30004451000000AAXXXXXXXXXXXX7
30004452000000AAXXXXXXXXXXXX7
30004453000000AAXXXXXXXXXXXX7
30004454000000AAXXXXXXXXXXXX7
30004456000000AAXXXXXXXXXXXX7
30004457000000AAXXXXXXXXXXXX7
30004458000000AAXXXXXXXXXXXX7
30004459000000AAXXXXXXXXXXXX7
3000445A000000AAXXXXXXXXXXXX7
3000445B000000AAXXXXXXXXXXXX7
3000445C000000AAXXXXXXXXXXXX7
3000445E000000AAXXXXXXXXXXXX7
3000445F000000AAXXXXXXXXXXXX7
30004468000000AAXXXXXXXXXXXX7
30004469000000AAXXXXXXXXXXXX7
3000446A000000AAXXXXXXXXXXXX7
3000446B000000AAXXXXXXXXXXXX7
3000446C000000AAXXXXXXXXXXXX7
3000446E000000AAXXXXXXXXXXXX7
3000446F000000AAXXXXXXXXXXXX7
30004470000000AAXXXXXXXXXXXX7
30004471000000AAXXXXXXXXXXXX7
30004472000000AAXXXXXXXXXXXX7
30004473000000AAXXXXXXXXXXXX7
30004474000000AAXXXXXXXXXXXX7
30004476000000AAXXXXXXXXXXXX7
30004477000000AAXXXXXXXXXXXX7
30004478000000AAXXXXXXXXXXXX7
30004479000000AAXXXXXXXXXXXX7
3000447A000000AAXXXXXXXXXXXX7
3000447B000000AAXXXXXXXXXXXX7
3000447C000000AAXXXXXXXXXXXX7
3000447E000000AAXXXXXXXXXXXX7
3000447F000000AAXXXXXXXXXXXX7
30004480000000AAXXXXXXXXXXXX7
30004481000000AAXXXXXXXXXXXX7
30004482000000AAXXXXXXXXXXXX7
30004483000000AAXXXXXXXXXXXX7
30004484000000AAXXXXXXXXXXXX7
30004486000000AAXXXXXXXXXXXX7
30004487000000AAXXXXXXXXXXXX7
30004488000000AAXXXXXXXXXXXX7
30004489000000AAXXXXXXXXXXXX7
3000448A000000AAXXXXXXXXXXXX7
3000448B000000AAXXXXXXXXXXXX7
3000448C000000AAXXXXXXXXXXXX7
3000448E000000AAXXXXXXXXXXXX7
3000448F000000AAXXXXXXXXXXXX7
30004490000000AAXXXXXXXXXXXX7
30004491000000AAXXXXXXXXXXXX7
30004492000000AAXXXXXXXXXXXX7
30004493000000AAXXXXXXXXXXXX7
30004494000000AAXXXXXXXXXXXX7
30004496000000AAXXXXXXXXXXXX7
30004497000000AAXXXXXXXXXXXX7
30004498000000AAXXXXXXXXXXXX7
30004499000000AAXXXXXXXXXXXX7
3000449A000000AAXXXXXXXXXXXX7
3000449B000000AAXXXXXXXXXXXX7
3000449C000000AAXXXXXXXXXXXX7
3000449E000000AAXXXXXXXXXXXX7
3000449F000000AAXXXXXXXXXXXX7
300044A8000000AAXXXXXXXXXXXX7
300044A9000000AAXXXXXXXXXXXX7
300044AA000000AAXXXXXXXXXXXX7
300044AB000000AAXXXXXXXXXXXX7
300044AC000000AAXXXXXXXXXXXX7
300044AE000000AAXXXXXXXXXXXX7
300044AF000000AAXXXXXXXXXXXX7
300044B0000000AAXXXXXXXXXXXX7
300044B1000000AAXXXXXXXXXXXX7
300044B2000000AAXXXXXXXXXXXX7
300044B3000000AAXXXXXXXXXXXX7
300044B4000000AAXXXXXXXXXXXX7
300044B6000000AAXXXXXXXXXXXX7
300044B7000000AAXXXXXXXXXXXX7
300044B8000000AAXXXXXXXXXXXX7
300044B9000000AAXXXXXXXXXXXX7
300044BA000000AAXXXXXXXXXXXX7
300044BB000000AAXXXXXXXXXXXX7
300044BC000000AAXXXXXXXXXXXX7
300044BE000000AAXXXXXXXXXXXX7
300044BF000000AAXXXXXXXXXXXX7
300044C0000000AAXXXXXXXXXXXX7
300044C1000000AAXXXXXXXXXXXX7
300044C2000000AAXXXXXXXXXXXX7
300044C3000000AAXXXXXXXXXXXX7
300044C4000000AAXXXXXXXXXXXX7
300044C6000000AAXXXXXXXXXXXX7
300044C7000000AAXXXXXXXXXXXX7
300044C8000000AAXXXXXXXXXXXX7
300044C9000000AAXXXXXXXXXXXX7
300044CA000000AAXXXXXXXXXXXX7
300044CB000000AAXXXXXXXXXXXX7
300044CC000000AAXXXXXXXXXXXX7
300044CE000000AAXXXXXXXXXXXX7
300044CF000000AAXXXXXXXXXXXX7
300044D0000000AAXXXXXXXXXXXX7
300044D1000000AAXXXXXXXXXXXX7
300044D2000000AAXXXXXXXXXXXX7
300044D3000000AAXXXXXXXXXXXX7
300044D4000000AAXXXXXXXXXXXX7
300044D6000000AAXXXXXXXXXXXX7
300044D7000000AAXXXXXXXXXXXX7
300044D8000000AAXXXXXXXXXXXX7
300044D9000000AAXXXXXXXXXXXX7
300044DA000000AAXXXXXXXXXXXX7
300044DB000000AAXXXXXXXXXXXX7
300044DC000000AAXXXXXXXXXXXX7
300044DE000000AAXXXXXXXXXXXX7
300044DF000000AAXXXXXXXXXXXX7
300044E8000000AAXXXXXXXXXXXX7
300044E9000000AAXXXXXXXXXXXX7
300044EA000000AAXXXXXXXXXXXX7
300044EB000000AAXXXXXXXXXXXX7
300044EC000000AAXXXXXXXXXXXX7
300044EE000000AAXXXXXXXXXXXX7
300044EF000000AAXXXXXXXXXXXX7
300044F0000000AAXXXXXXXXXXXX7
300044F1000000AAXXXXXXXXXXXX7
300044F2000000AAXXXXXXXXXXXX7
300044F3000000AAXXXXXXXXXXXX7
300044F4000000AAXXXXXXXXXXXX7
300044F6000000AAXXXXXXXXXXXX7
300044F7000000AAXXXXXXXXXXXX7
300044F8000000AAXXXXXXXXXXXX7
300044F9000000AAXXXXXXXXXXXX7
300044FA000000AAXXXXXXXXXXXX7
300044FB000000AAXXXXXXXXXXXX7
300044FC000000AAXXXXXXXXXXXX7
300044FE000000AAXXXXXXXXXXXX7
300044FF000000AAXXXXXXXXXXXX7
300045XX000000AAXXXXXXXXXXXX6
300046XX000000AAXXXXXXXXXXXX6
300047XX000000AAXXXXXXXXXXXX6
300048XX000000AAXXXXXXXXXXXX6
300049XX000000AAXXXXXXXXXXXX6
30004AXX000000AAXXXXXXXXXXXX6
30004BXX000000AAXXXXXXXXXXXX6
30004CXX000000AAXXXXXXXXXXXX7
30004C01000000AAXXXXXXXXXXXX7
30004C02000000AAXXXXXXXXXXXX7
30004C03000000AAXXXXXXXXXXXX7
30004C04000000AAXXXXXXXXXXXX7
30004C06000000AAXXXXXXXXXXXX7
30004C07000000AAXXXXXXXXXXXX7
30004C08000000AAXXXXXXXXXXXX7
30004C09000000AAXXXXXXXXXXXX7
30004C0A000000AAXXXXXXXXXXXX7
30004C0B000000AAXXXXXXXXXXXX7
30004C0C000000AAXXXXXXXXXXXX7
30004C0E000000AAXXXXXXXXXXXX7
30004C0F000000AAXXXXXXXXXXXX7
30004C10000000AAXXXXXXXXXXXX7
30004C11000000AAXXXXXXXXXXXX7
30004C12000000AAXXXXXXXXXXXX7
30004C13000000AAXXXXXXXXXXXX7
30004C14000000AAXXXXXXXXXXXX7
30004C16000000AAXXXXXXXXXXXX7
30004C17000000AAXXXXXXXXXXXX7
30004C18000000AAXXXXXXXXXXXX7
30004C19000000AAXXXXXXXXXXXX7
30004C1A000000AAXXXXXXXXXXXX7
30004C1B000000AAXXXXXXXXXXXX7
30004C1C000000AAXXXXXXXXXXXX7
30004C1E000000AAXXXXXXXXXXXX7
30004C1F000000AAXXXXXXXXXXXX7
30004C28000000AAXXXXXXXXXXXX7
30004C29000000AAXXXXXXXXXXXX7
30004C2A000000AAXXXXXXXXXXXX7
30004C2B000000AAXXXXXXXXXXXX7
30004C2C000000AAXXXXXXXXXXXX7
30004C2E000000AAXXXXXXXXXXXX7
30004C2F000000AAXXXXXXXXXXXX7
30004C30000000AAXXXXXXXXXXXX7
30004C31000000AAXXXXXXXXXXXX7
30004C32000000AAXXXXXXXXXXXX7
30004C33000000AAXXXXXXXXXXXX7
30004C34000000AAXXXXXXXXXXXX7
30004C36000000AAXXXXXXXXXXXX7
30004C37000000AAXXXXXXXXXXXX7
30004C38000000AAXXXXXXXXXXXX7
30004C39000000AAXXXXXXXXXXXX7
30004C3A000000AAXXXXXXXXXXXX7
30004C3B000000AAXXXXXXXXXXXX7
30004C3C000000AAXXXXXXXXXXXX7
30004C3E000000AAXXXXXXXXXXXX7
30004C3F000000AAXXXXXXXXXXXX7
30004C40000000AAXXXXXXXXXXXX7
30004C41000000AAXXXXXXXXXXXX7
30004C42000000AAXXXXXXXXXXXX7
30004C43000000AAXXXXXXXXXXXX7
30004C44000000AAXXXXXXXXXXXX7
30004C46000000AAXXXXXXXXXXXX7
30004C47000000AAXXXXXXXXXXXX7
30004C48000000AAXXXXXXXXXXXX7
30004C49000000AAXXXXXXXXXXXX7
30004C4A000000AAXXXXXXXXXXXX7
30004C4B000000AAXXXXXXXXXXXX7
30004C4C000000AAXXXXXXXXXXXX7
30004C4E000000AAXXXXXXXXXXXX7
30004C4F000000AAXXXXXXXXXXXX7
30004C50000000AAXXXXXXXXXXXX7
30004C51000000AAXXXXXXXXXXXX7
30004C52000000AAXXXXXXXXXXXX7
30004C53000000AAXXXXXXXXXXXX7
30004C54000000AAXXXXXXXXXXXX7
30004C56000000AAXXXXXXXXXXXX7
30004C57000000AAXXXXXXXXXXXX7
30004C58000000AAXXXXXXXXXXXX7
30004C59000000AAXXXXXXXXXXXX7
30004C5A000000AAXXXXXXXXXXXX7
30004C5B000000AAXXXXXXXXXXXX7
30004C5C000000AAXXXXXXXXXXXX7
30004C5E000000AAXXXXXXXXXXXX7
30004C5F000000AAXXXXXXXXXXXX7
30004C68000000AAXXXXXXXXXXXX7
30004C69000000AAXXXXXXXXXXXX7
30004C6A000000AAXXXXXXXXXXXX7
30004C6B000000AAXXXXXXXXXXXX7
30004C6C000000AAXXXXXXXXXXXX7
30004C6E000000AAXXXXXXXXXXXX7
30004C6F000000AAXXXXXXXXXXXX7
30004C70000000AAXXXXXXXXXXXX7
30004C71000000AAXXXXXXXXXXXX7
30004C72000000AAXXXXXXXXXXXX7
30004C73000000AAXXXXXXXXXXXX7
30004C74000000AAXXXXXXXXXXXX7
30004C76000000AAXXXXXXXXXXXX7
30004C77000000AAXXXXXXXXXXXX7
30004C78000000AAXXXXXXXXXXXX7
30004C79000000AAXXXXXXXXXXXX7
30004C7A000000AAXXXXXXXXXXXX7
30004C7B000000AAXXXXXXXXXXXX7
30004C7C000000AAXXXXXXXXXXXX7
30004C7E000000AAXXXXXXXXXXXX7
30004C7F000000AAXXXXXXXXXXXX7
30004C80000000AAXXXXXXXXXXXX7
30004C81000000AAXXXXXXXXXXXX7
30004C82000000AAXXXXXXXXXXXX7
30004C83000000AAXXXXXXXXXXXX7
30004C84000000AAXXXXXXXXXXXX7
30004C86000000AAXXXXXXXXXXXX7
30004C87000000AAXXXXXXXXXXXX7
30004C88000000AAXXXXXXXXXXXX7
30004C89000000AAXXXXXXXXXXXX7
30004C8A000000AAXXXXXXXXXXXX7
30004C8B000000AAXXXXXXXXXXXX7
30004C8C000000AAXXXXXXXXXXXX7
30004C8E000000AAXXXXXXXXXXXX7
30004C8F000000AAXXXXXXXXXXXX7
30004C90000000AAXXXXXXXXXXXX7
30004C91000000AAXXXXXXXXXXXX7
30004C92000000AAXXXXXXXXXXXX7
30004C93000000AAXXXXXXXXXXXX7
30004C94000000AAXXXXXXXXXXXX7
30004C96000000AAXXXXXXXXXXXX7
30004C97000000AAXXXXXXXXXXXX7
30004C98000000AAXXXXXXXXXXXX7
30004C99000000AAXXXXXXXXXXXX7
30004C9A000000AAXXXXXXXXXXXX7
30004C9B000000AAXXXXXXXXXXXX7
30004C9C000000AAXXXXXXXXXXXX7
30004C9E000000AAXXXXXXXXXXXX7
30004C9F000000AAXXXXXXXXXXXX7
30004CA8000000AAXXXXXXXXXXXX7
30004CA9000000AAXXXXXXXXXXXX7
30004CAA000000AAXXXXXXXXXXXX7
30004CAB000000AAXXXXXXXXXXXX7
30004CAC000000AAXXXXXXXXXXXX7
30004CAE000000AAXXXXXXXXXXXX7
30004CAF000000AAXXXXXXXXXXXX7
30004CB0000000AAXXXXXXXXXXXX7
30004CB1000000AAXXXXXXXXXXXX7
30004CB2000000AAXXXXXXXXXXXX7
30004CB3000000AAXXXXXXXXXXXX7
30004CB4000000AAXXXXXXXXXXXX7
30004CB6000000AAXXXXXXXXXXXX7
30004CB7000000AAXXXXXXXXXXXX7
30004CB8000000AAXXXXXXXXXXXX7
30004CB9000000AAXXXXXXXXXXXX7
30004CBA000000AAXXXXXXXXXXXX7
30004CBB000000AAXXXXXXXXXXXX7
30004CBC000000AAXXXXXXXXXXXX7
30004CBE000000AAXXXXXXXXXXXX7
30004CBF000000AAXXXXXXXXXXXX7
30004CC0000000AAXXXXXXXXXXXX7
30004CC1000000AAXXXXXXXXXXXX7
30004CC2000000AAXXXXXXXXXXXX7
30004CC3000000AAXXXXXXXXXXXX7
30004CC4000000AAXXXXXXXXXXXX7
30004CC6000000AAXXXXXXXXXXXX7
30004CC7000000AAXXXXXXXXXXXX7
30004CC8000000AAXXXXXXXXXXXX7
30004CC9000000AAXXXXXXXXXXXX7
30004CCA000000AAXXXXXXXXXXXX7
30004CCB000000AAXXXXXXXXXXXX7
30004CCC000000AAXXXXXXXXXXXX7
30004CCE000000AAXXXXXXXXXXXX7
30004CCF000000AAXXXXXXXXXXXX7
30004CD0000000AAXXXXXXXXXXXX7
30004CD1000000AAXXXXXXXXXXXX7
30004CD2000000AAXXXXXXXXXXXX7
30004CD3000000AAXXXXXXXXXXXX7
30004CD4000000AAXXXXXXXXXXXX7
30004CD6000000AAXXXXXXXXXXXX7
30004CD7000000AAXXXXXXXXXXXX7
30004CD8000000AAXXXXXXXXXXXX7
30004CD9000000AAXXXXXXXXXXXX7
30004CDA000000AAXXXXXXXXXXXX7
30004CDB000000AAXXXXXXXXXXXX7
30004CDC000000AAXXXXXXXXXXXX7
30004CDE000000AAXXXXXXXXXXXX7
30004CDF000000AAXXXXXXXXXXXX7
30004CE8000000AAXXXXXXXXXXXX7
30004CE9000000AAXXXXXXXXXXXX7
30004CEA000000AAXXXXXXXXXXXX7
30004CEB000000AAXXXXXXXXXXXX7
30004CEC000000AAXXXXXXXXXXXX7
30004CEE000000AAXXXXXXXXXXXX7
30004CEF000000AAXXXXXXXXXXXX7
30004CF0000000AAXXXXXXXXXXXX7
30004CF1000000AAXXXXXXXXXXXX7
30004CF2000000AAXXXXXXXXXXXX7
30004CF3000000AAXXXXXXXXXXXX7
30004CF4000000AAXXXXXXXXXXXX7
30004CF6000000AAXXXXXXXXXXXX7
30004CF7000000AAXXXXXXXXXXXX7
30004CF8000000AAXXXXXXXXXXXX7
30004CF9000000AAXXXXXXXXXXXX7
30004CFA000000AAXXXXXXXXXXXX7
30004CFB000000AAXXXXXXXXXXXX7
30004CFC000000AAXXXXXXXXXXXX7
30004CFE000000AAXXXXXXXXXXXX7
30004CFF000000AAXXXXXXXXXXXX7
30004DXX000000AAXXXXXXXXXXXX6
30004EXX000000AAXXXXXXXXXXXX6
30004FXX000000AAXXXXXXXXXXXX6
300050XX000000AAXXXXXXXXXXXX6
300051XX000000AAXXXXXXXXXXXX6
300052XX000000AAXXXXXXXXXXXX6
300053XX000000AAXXXXXXXXXXXX6
300054XX000000AAXXXXXXXXXXXX7
30005401000000AAXXXXXXXXXXXX7
30005402000000AAXXXXXXXXXXXX7
30005403000000AAXXXXXXXXXXXX7
30005404000000AAXXXXXXXXXXXX7
30005406000000AAXXXXXXXXXXXX7
30005407000000AAXXXXXXXXXXXX7
30005408000000AAXXXXXXXXXXXX7
30005409000000AAXXXXXXXXXXXX7
3000540A000000AAXXXXXXXXXXXX7
3000540B000000AAXXXXXXXXXXXX7
3000540C000000AAXXXXXXXXXXXX7
3000540E000000AAXXXXXXXXXXXX7
3000540F000000AAXXXXXXXXXXXX7
30005410000000AAXXXXXXXXXXXX7
30005411000000AAXXXXXXXXXXXX7
30005412000000AAXXXXXXXXXXXX7
30005413000000AAXXXXXXXXXXXX7
30005414000000AAXXXXXXXXXXXX7
30005416000000AAXXXXXXXXXXXX7
30005417000000AAXXXXXXXXXXXX7
30005418000000AAXXXXXXXXXXXX7
30005419000000AAXXXXXXXXXXXX7
3000541A000000AAXXXXXXXXXXXX7
3000541B000000AAXXXXXXXXXXXX7
3000541C000000AAXXXXXXXXXXXX7
3000541E000000AAXXXXXXXXXXXX7
3000541F000000AAXXXXXXXXXXXX7
30005428000000AAXXXXXXXXXXXX7
30005429000000AAXXXXXXXXXXXX7
3000542A000000AAXXXXXXXXXXXX7
3000542B000000AAXXXXXXXXXXXX7
3000542C000000AAXXXXXXXXXXXX7
3000542E000000AAXXXXXXXXXXXX7
3000542F000000AAXXXXXXXXXXXX7
30005430000000AAXXXXXXXXXXXX7
30005431000000AAXXXXXXXXXXXX7
30005432000000AAXXXXXXXXXXXX7
30005433000000AAXXXXXXXXXXXX7
30005434000000AAXXXXXXXXXXXX7
30005436000000AAXXXXXXXXXXXX7
30005437000000AAXXXXXXXXXXXX7
30005438000000AAXXXXXXXXXXXX7
30005439000000AAXXXXXXXXXXXX7
3000543A000000AAXXXXXXXXXXXX7
3000543B000000AAXXXXXXXXXXXX7
3000543C000000AAXXXXXXXXXXXX7
3000543E000000AAXXXXXXXXXXXX7
3000543F000000AAXXXXXXXXXXXX7
30005440000000AAXXXXXXXXXXXX7
30005441000000AAXXXXXXXXXXXX7
30005442000000AAXXXXXXXXXXXX7
30005443000000AAXXXXXXXXXXXX7
30005444000000AAXXXXXXXXXXXX7
30005446000000AAXXXXXXXXXXXX7
30005447000000AAXXXXXXXXXXXX7
30005448000000AAXXXXXXXXXXXX7
30005449000000AAXXXXXXXXXXXX7
3000544A000000AAXXXXXXXXXXXX7
3000544B000000AAXXXXXXXXXXXX7
3000544C000000AAXXXXXXXXXXXX7
3000544E000000AAXXXXXXXXXXXX7
3000544F000000AAXXXXXXXXXXXX7
30005450000000AAXXXXXXXXXXXX7
30005451000000AAXXXXXXXXXXXX7
30005452000000AAXXXXXXXXXXXX7
30005453000000AAXXXXXXXXXXXX7
30005454000000AAXXXXXXXXXXXX7
30005456000000AAXXXXXXXXXXXX7
30005457000000AAXXXXXXXXXXXX7
30005458000000AAXXXXXXXXXXXX7
30005459000000AAXXXXXXXXXXXX7
3000545A000000AAXXXXXXXXXXXX7
3000545B000000AAXXXXXXXXXXXX7
3000545C000000AAXXXXXXXXXXXX7
3000545E000000AAXXXXXXXXXXXX7
3000545F000000AAXXXXXXXXXXXX7
30005468000000AAXXXXXXXXXXXX7
30005469000000AAXXXXXXXXXXXX7
3000546A000000AAXXXXXXXXXXXX7
3000546B000000AAXXXXXXXXXXXX7
3000546C000000AAXXXXXXXXXXXX7
3000546E000000AAXXXXXXXXXXXX7
3000546F000000AAXXXXXXXXXXXX7
30005470000000AAXXXXXXXXXXXX7
30005471000000AAXXXXXXXXXXXX7
30005472000000AAXXXXXXXXXXXX7
30005473000000AAXXXXXXXXXXXX7
30005474000000AAXXXXXXXXXXXX7
30005476000000AAXXXXXXXXXXXX7
30005477000000AAXXXXXXXXXXXX7
30005478000000AAXXXXXXXXXXXX7
30005479000000AAXXXXXXXXXXXX7
3000547A000000AAXXXXXXXXXXXX7
3000547B000000AAXXXXXXXXXXXX7
3000547C000000AAXXXXXXXXXXXX7
3000547E000000AAXXXXXXXXXXXX7
3000547F000000AAXXXXXXXXXXXX7
30005480000000AAXXXXXXXXXXXX7
30005481000000AAXXXXXXXXXXXX7
30005482000000AAXXXXXXXXXXXX7
30005483000000AAXXXXXXXXXXXX7
30005484000000AAXXXXXXXXXXXX7
30005486000000AAXXXXXXXXXXXX7
30005487000000AAXXXXXXXXXXXX7
30005488000000AAXXXXXXXXXXXX7
30005489000000AAXXXXXXXXXXXX7
3000548A000000AAXXXXXXXXXXXX7
3000548B000000AAXXXXXXXXXXXX7
3000548C000000AAXXXXXXXXXXXX7
3000548E000000AAXXXXXXXXXXXX7
3000548F000000AAXXXXXXXXXXXX7
30005490000000AAXXXXXXXXXXXX7
30005491000000AAXXXXXXXXXXXX7
30005492000000AAXXXXXXXXXXXX7
30005493000000AAXXXXXXXXXXXX7
30005494000000AAXXXXXXXXXXXX7
30005496000000AAXXXXXXXXXXXX7
30005497000000AAXXXXXXXXXXXX7
30005498000000AAXXXXXXXXXXXX7
30005499000000AAXXXXXXXXXXXX7
3000549A000000AAXXXXXXXXXXXX7
3000549B000000AAXXXXXXXXXXXX7
3000549C000000AAXXXXXXXXXXXX7
3000549E000000AAXXXXXXXXXXXX7
3000549F000000AAXXXXXXXXXXXX7
300054A8000000AAXXXXXXXXXXXX7
300054A9000000AAXXXXXXXXXXXX7
300054AA000000AAXXXXXXXXXXXX7
300054AB000000AAXXXXXXXXXXXX7
300054AC000000AAXXXXXXXXXXXX7
300054AE000000AAXXXXXXXXXXXX7
300054AF000000AAXXXXXXXXXXXX7
300054B0000000AAXXXXXXXXXXXX7
300054B1000000AAXXXXXXXXXXXX7
300054B2000000AAXXXXXXXXXXXX7
300054B3000000AAXXXXXXXXXXXX7
300054B4000000AAXXXXXXXXXXXX7
300054B6000000AAXXXXXXXXXXXX7
300054B7000000AAXXXXXXXXXXXX7
300054B8000000AAXXXXXXXXXXXX7
300054B9000000AAXXXXXXXXXXXX7
300054BA000000AAXXXXXXXXXXXX7
300054BB000000AAXXXXXXXXXXXX7
300054BC000000AAXXXXXXXXXXXX7
300054BE000000AAXXXXXXXXXXXX7
300054BF000000AAXXXXXXXXXXXX7
300054C0000000AAXXXXXXXXXXXX7
300054C1000000AAXXXXXXXXXXXX7
300054C2000000AAXXXXXXXXXXXX7
300054C3000000AAXXXXXXXXXXXX7
300054C4000000AAXXXXXXXXXXXX7
300054C6000000AAXXXXXXXXXXXX7
300054C7000000AAXXXXXXXXXXXX7
300054C8000000AAXXXXXXXXXXXX7
300054C9000000AAXXXXXXXXXXXX7
300054CA000000AAXXXXXXXXXXXX7
300054CB000000AAXXXXXXXXXXXX7
300054CC000000AAXXXXXXXXXXXX7
300054CE000000AAXXXXXXXXXXXX7
300054CF000000AAXXXXXXXXXXXX7
300054D0000000AAXXXXXXXXXXXX7
300054D1000000AAXXXXXXXXXXXX7
300054D2000000AAXXXXXXXXXXXX7
300054D3000000AAXXXXXXXXXXXX7
300054D4000000AAXXXXXXXXXXXX7
300054D6000000AAXXXXXXXXXXXX7
300054D7000000AAXXXXXXXXXXXX7
300054D8000000AAXXXXXXXXXXXX7
300054D9000000AAXXXXXXXXXXXX7
300054DA000000AAXXXXXXXXXXXX7
300054DB000000AAXXXXXXXXXXXX7
300054DC000000AAXXXXXXXXXXXX7
300054DE000000AAXXXXXXXXXXXX7
300054DF000000AAXXXXXXXXXXXX7
300054E8000000AAXXXXXXXXXXXX7
300054E9000000AAXXXXXXXXXXXX7
300054EA000000AAXXXXXXXXXXXX7
300054EB000000AAXXXXXXXXXXXX7
300054EC000000AAXXXXXXXXXXXX7
300054EE000000AAXXXXXXXXXXXX7
300054EF000000AAXXXXXXXXXXXX7
300054F0000000AAXXXXXXXXXXXX7
300054F1000000AAXXXXXXXXXXXX7
300054F2000000AAXXXXXXXXXXXX7
300054F3000000AAXXXXXXXXXXXX7
300054F4000000AAXXXXXXXXXXXX7
300054F6000000AAXXXXXXXXXXXX7
300054F7000000AAXXXXXXXXXXXX7
300054F8000000AAXXXXXXXXXXXX7
300054F9000000AAXXXXXXXXXXXX7
300054FA000000AAXXXXXXXXXXXX7
300054FB000000AAXXXXXXXXXXXX7
300054FC000000AAXXXXXXXXXXXX7
300054FE000000AAXXXXXXXXXXXX7
300054FF000000AAXXXXXXXXXXXX7
300055XX000000AAXXXXXXXXXXXX6
300056XX000000AAXXXXXXXXXXXX6
300057XX000000AAXXXXXXXXXXXX6
300058XX000000AAXXXXXXXXXXXX6
300059XX000000AAXXXXXXXXXXXX6
30005AXX000000AAXXXXXXXXXXXX6
30005BXX000000AAXXXXXXXXXXXX6
30005CXX000000AAXXXXXXXXXXXX7
30005C01000000AAXXXXXXXXXXXX7
30005C02000000AAXXXXXXXXXXXX7
30005C03000000AAXXXXXXXXXXXX7
30005C04000000AAXXXXXXXXXXXX7
30005C06000000AAXXXXXXXXXXXX7
30005C07000000AAXXXXXXXXXXXX7
30005C08000000AAXXXXXXXXXXXX7
30005C09000000AAXXXXXXXXXXXX7
30005C0A000000AAXXXXXXXXXXXX7
30005C0B000000AAXXXXXXXXXXXX7
30005C0C000000AAXXXXXXXXXXXX7
30005C0E000000AAXXXXXXXXXXXX7
30005C0F000000AAXXXXXXXXXXXX7
30005C10000000AAXXXXXXXXXXXX7
30005C11000000AAXXXXXXXXXXXX7
30005C12000000AAXXXXXXXXXXXX7
30005C13000000AAXXXXXXXXXXXX7
30005C14000000AAXXXXXXXXXXXX7
30005C16000000AAXXXXXXXXXXXX7
30005C17000000AAXXXXXXXXXXXX7
30005C18000000AAXXXXXXXXXXXX7
30005C19000000AAXXXXXXXXXXXX7
30005C1A000000AAXXXXXXXXXXXX7
30005C1B000000AAXXXXXXXXXXXX7
30005C1C000000AAXXXXXXXXXXXX7
30005C1E000000AAXXXXXXXXXXXX7
30005C1F000000AAXXXXXXXXXXXX7
30005C28000000AAXXXXXXXXXXXX7
30005C29000000AAXXXXXXXXXXXX7
30005C2A000000AAXXXXXXXXXXXX7
30005C2B000000AAXXXXXXXXXXXX7
30005C2C000000AAXXXXXXXXXXXX7
30005C2E000000AAXXXXXXXXXXXX7
30005C2F000000AAXXXXXXXXXXXX7
30005C30000000AAXXXXXXXXXXXX7
30005C31000000AAXXXXXXXXXXXX7
30005C32000000AAXXXXXXXXXXXX7
30005C33000000AAXXXXXXXXXXXX7
30005C34000000AAXXXXXXXXXXXX7
30005C36000000AAXXXXXXXXXXXX7
30005C37000000AAXXXXXXXXXXXX7
30005C38000000AAXXXXXXXXXXXX7
30005C39000000AAXXXXXXXXXXXX7
30005C3A000000AAXXXXXXXXXXXX7
30005C3B000000AAXXXXXXXXXXXX7
30005C3C000000AAXXXXXXXXXXXX7
30005C3E000000AAXXXXXXXXXXXX7
30005C3F000000AAXXXXXXXXXXXX7
30005C40000000AAXXXXXXXXXXXX7
30005C41000000AAXXXXXXXXXXXX7
30005C42000000AAXXXXXXXXXXXX7
30005C43000000AAXXXXXXXXXXXX7
30005C44000000AAXXXXXXXXXXXX7
30005C46000000AAXXXXXXXXXXXX7
30005C47000000AAXXXXXXXXXXXX7
30005C48000000AAXXXXXXXXXXXX7
30005C49000000AAXXXXXXXXXXXX7
30005C4A000000AAXXXXXXXXXXXX7
30005C4B000000AAXXXXXXXXXXXX7
30005C4C000000AAXXXXXXXXXXXX7
30005C4E000000AAXXXXXXXXXXXX7
30005C4F000000AAXXXXXXXXXXXX7
30005C50000000AAXXXXXXXXXXXX7
30005C51000000AAXXXXXXXXXXXX7
30005C52000000AAXXXXXXXXXXXX7
30005C53000000AAXXXXXXXXXXXX7
30005C54000000AAXXXXXXXXXXXX7
30005C56000000AAXXXXXXXXXXXX7
30005C57000000AAXXXXXXXXXXXX7
30005C58000000AAXXXXXXXXXXXX7
30005C59000000AAXXXXXXXXXXXX7
30005C5A000000AAXXXXXXXXXXXX7
30005C5B000000AAXXXXXXXXXXXX7
30005C5C000000AAXXXXXXXXXXXX7
30005C5E000000AAXXXXXXXXXXXX7
30005C5F000000AAXXXXXXXXXXXX7
30005C68000000AAXXXXXXXXXXXX7
30005C69000000AAXXXXXXXXXXXX7
30005C6A000000AAXXXXXXXXXXXX7
30005C6B000000AAXXXXXXXXXXXX7
30005C6C000000AAXXXXXXXXXXXX7
30005C6E000000AAXXXXXXXXXXXX7
30005C6F000000AAXXXXXXXXXXXX7
30005C70000000AAXXXXXXXXXXXX7
30005C71000000AAXXXXXXXXXXXX7
30005C72000000AAXXXXXXXXXXXX7
30005C73000000AAXXXXXXXXXXXX7
30005C74000000AAXXXXXXXXXXXX7
30005C76000000AAXXXXXXXXXXXX7
30005C77000000AAXXXXXXXXXXXX7
30005C78000000AAXXXXXXXXXXXX7
30005C79000000AAXXXXXXXXXXXX7
30005C7A000000AAXXXXXXXXXXXX7
30005C7B000000AAXXXXXXXXXXXX7
30005C7C000000AAXXXXXXXXXXXX7
30005C7E000000AAXXXXXXXXXXXX7
30005C7F000000AAXXXXXXXXXXXX7
30005C80000000AAXXXXXXXXXXXX7
30005C81000000AAXXXXXXXXXXXX7
30005C82000000AAXXXXXXXXXXXX7
30005C83000000AAXXXXXXXXXXXX7
30005C84000000AAXXXXXXXXXXXX7
30005C86000000AAXXXXXXXXXXXX7
30005C87000000AAXXXXXXXXXXXX7
30005C88000000AAXXXXXXXXXXXX7
30005C89000000AAXXXXXXXXXXXX7
30005C8A000000AAXXXXXXXXXXXX7
30005C8B000000AAXXXXXXXXXXXX7
30005C8C000000AAXXXXXXXXXXXX7
30005C8E000000AAXXXXXXXXXXXX7
30005C8F000000AAXXXXXXXXXXXX7
30005C90000000AAXXXXXXXXXXXX7
30005C91000000AAXXXXXXXXXXXX7
30005C92000000AAXXXXXXXXXXXX7
30005C93000000AAXXXXXXXXXXXX7
30005C94000000AAXXXXXXXXXXXX7
30005C96000000AAXXXXXXXXXXXX7
30005C97000000AAXXXXXXXXXXXX7
30005C98000000AAXXXXXXXXXXXX7
30005C99000000AAXXXXXXXXXXXX7
30005C9A000000AAXXXXXXXXXXXX7
30005C9B000000AAXXXXXXXXXXXX7
30005C9C000000AAXXXXXXXXXXXX7
30005C9E000000AAXXXXXXXXXXXX7
30005C9F000000AAXXXXXXXXXXXX7
30005CA8000000AAXXXXXXXXXXXX7
30005CA9000000AAXXXXXXXXXXXX7
30005CAA000000AAXXXXXXXXXXXX7
30005CAB000000AAXXXXXXXXXXXX7
30005CAC000000AAXXXXXXXXXXXX7
30005CAE000000AAXXXXXXXXXXXX7
30005CAF000000AAXXXXXXXXXXXX7
30005CB0000000AAXXXXXXXXXXXX7
30005CB1000000AAXXXXXXXXXXXX7
30005CB2000000AAXXXXXXXXXXXX7
30005CB3000000AAXXXXXXXXXXXX7
30005CB4000000AAXXXXXXXXXXXX7
30005CB6000000AAXXXXXXXXXXXX7
30005CB7000000AAXXXXXXXXXXXX7
30005CB8000000AAXXXXXXXXXXXX7
30005CB9000000AAXXXXXXXXXXXX7
30005CBA000000AAXXXXXXXXXXXX7
30005CBB000000AAXXXXXXXXXXXX7
30005CBC000000AAXXXXXXXXXXXX7
30005CBE000000AAXXXXXXXXXXXX7
30005CBF000000AAXXXXXXXXXXXX7
30005CC0000000AAXXXXXXXXXXXX7
30005CC1000000AAXXXXXXXXXXXX7
30005CC2000000AAXXXXXXXXXXXX7
30005CC3000000AAXXXXXXXXXXXX7
30005CC4000000AAXXXXXXXXXXXX7
30005CC6000000AAXXXXXXXXXXXX7
30005CC7000000AAXXXXXXXXXXXX7
30005CC8000000AAXXXXXXXXXXXX7
30005CC9000000AAXXXXXXXXXXXX7
30005CCA000000AAXXXXXXXXXXXX7
30005CCB000000AAXXXXXXXXXXXX7
30005CCC000000AAXXXXXXXXXXXX7
30005CCE000000AAXXXXXXXXXXXX7
30005CCF000000AAXXXXXXXXXXXX7
30005CD0000000AAXXXXXXXXXXXX7
30005CD1000000AAXXXXXXXXXXXX7
30005CD2000000AAXXXXXXXXXXXX7
30005CD3000000AAXXXXXXXXXXXX7
30005CD4000000AAXXXXXXXXXXXX7
30005CD6000000AAXXXXXXXXXXXX7
30005CD7000000AAXXXXXXXXXXXX7
30005CD8000000AAXXXXXXXXXXXX7
30005CD9000000AAXXXXXXXXXXXX7
30005CDA000000AAXXXXXXXXXXXX7
30005CDB000000AAXXXXXXXXXXXX7
30005CDC000000AAXXXXXXXXXXXX7
30005CDE000000AAXXXXXXXXXXXX7
30005CDF000000AAXXXXXXXXXXXX7
30005CE8000000AAXXXXXXXXXXXX7
30005CE9000000AAXXXXXXXXXXXX7
30005CEA000000AAXXXXXXXXXXXX7
30005CEB000000AAXXXXXXXXXXXX7
30005CEC000000AAXXXXXXXXXXXX7
30005CEE000000AAXXXXXXXXXXXX7
30005CEF000000AAXXXXXXXXXXXX7
30005CF0000000AAXXXXXXXXXXXX7
30005CF1000000AAXXXXXXXXXXXX7
30005CF2000000AAXXXXXXXXXXXX7
30005CF3000000AAXXXXXXXXXXXX7
30005CF4000000AAXXXXXXXXXXXX7
30005CF6000000AAXXXXXXXXXXXX7
30005CF7000000AAXXXXXXXXXXXX7
30005CF8000000AAXXXXXXXXXXXX7
30005CF9000000AAXXXXXXXXXXXX7
30005CFA000000AAXXXXXXXXXXXX7
30005CFB000000AAXXXXXXXXXXXX7
30005CFC000000AAXXXXXXXXXXXX7
30005CFE000000AAXXXXXXXXXXXX7
30005CFF000000AAXXXXXXXXXXXX7
30005DXX000000AAXXXXXXXXXXXX6
30005EXX000000AAXXXXXXXXXXXX6
30005FXX000000AAXXXXXXXXXXXX6
300060XX000000AAXXXXXXXXXXXX6
300061XX000000AAXXXXXXXXXXXX6
300062XX000000AAXXXXXXXXXXXX6
300063XX000000AAXXXXXXXXXXXX6
300064XX000000AAXXXXXXXXXXXX7
30006401000000AAXXXXXXXXXXXX7
30006402000000AAXXXXXXXXXXXX7
30006403000000AAXXXXXXXXXXXX7
30006404000000AAXXXXXXXXXXXX7
30006406000000AAXXXXXXXXXXXX7
30006407000000AAXXXXXXXXXXXX7
30006408000000AAXXXXXXXXXXXX7
30006409000000AAXXXXXXXXXXXX7
3000640A000000AAXXXXXXXXXXXX7
3000640B000000AAXXXXXXXXXXXX7
3000640C000000AAXXXXXXXXXXXX7
3000640E000000AAXXXXXXXXXXXX7
3000640F000000AAXXXXXXXXXXXX7
30006410000000AAXXXXXXXXXXXX7
30006411000000AAXXXXXXXXXXXX7
30006412000000AAXXXXXXXXXXXX7
30006413000000AAXXXXXXXXXXXX7
30006414000000AAXXXXXXXXXXXX7
30006416000000AAXXXXXXXXXXXX7
30006417000000AAXXXXXXXXXXXX7
30006418000000AAXXXXXXXXXXXX7
30006419000000AAXXXXXXXXXXXX7
3000641A000000AAXXXXXXXXXXXX7
3000641B000000AAXXXXXXXXXXXX7
3000641C000000AAXXXXXXXXXXXX7
3000641E000000AAXXXXXXXXXXXX7
3000641F000000AAXXXXXXXXXXXX7
30006428000000AAXXXXXXXXXXXX7
30006429000000AAXXXXXXXXXXXX7
3000642A000000AAXXXXXXXXXXXX7
3000642B000000AAXXXXXXXXXXXX7
3000642C000000AAXXXXXXXXXXXX7
3000642E000000AAXXXXXXXXXXXX7
3000642F000000AAXXXXXXXXXXXX7
30006430000000AAXXXXXXXXXXXX7
30006431000000AAXXXXXXXXXXXX7
30006432000000AAXXXXXXXXXXXX7
30006433000000AAXXXXXXXXXXXX7
30006434000000AAXXXXXXXXXXXX7
30006436000000AAXXXXXXXXXXXX7
30006437000000AAXXXXXXXXXXXX7
30006438000000AAXXXXXXXXXXXX7
30006439000000AAXXXXXXXXXXXX7
3000643A000000AAXXXXXXXXXXXX7
3000643B000000AAXXXXXXXXXXXX7
3000643C000000AAXXXXXXXXXXXX7
3000643E000000AAXXXXXXXXXXXX7
3000643F000000AAXXXXXXXXXXXX7
30006440000000AAXXXXXXXXXXXX7
30006441000000AAXXXXXXXXXXXX7
30006442000000AAXXXXXXXXXXXX7
30006443000000AAXXXXXXXXXXXX7
30006444000000AAXXXXXXXXXXXX7
30006446000000AAXXXXXXXXXXXX7
30006447000000AAXXXXXXXXXXXX7
30006448000000AAXXXXXXXXXXXX7
30006449000000AAXXXXXXXXXXXX7
3000644A000000AAXXXXXXXXXXXX7
3000644B000000AAXXXXXXXXXXXX7
3000644C000000AAXXXXXXXXXXXX7
3000644E000000AAXXXXXXXXXXXX7
3000644F000000AAXXXXXXXXXXXX7
30006450000000AAXXXXXXXXXXXX7
30006451000000AAXXXXXXXXXXXX7
30006452000000AAXXXXXXXXXXXX7
30006453000000AAXXXXXXXXXXXX7
30006454000000AAXXXXXXXXXXXX7
30006456000000AAXXXXXXXXXXXX7
30006457000000AAXXXXXXXXXXXX7
30006458000000AAXXXXXXXXXXXX7
30006459000000AAXXXXXXXXXXXX7
3000645A000000AAXXXXXXXXXXXX7
3000645B000000AAXXXXXXXXXXXX7
3000645C000000AAXXXXXXXXXXXX7
3000645E000000AAXXXXXXXXXXXX7
3000645F000000AAXXXXXXXXXXXX7
30006468000000AAXXXXXXXXXXXX7
30006469000000AAXXXXXXXXXXXX7
3000646A000000AAXXXXXXXXXXXX7
3000646B000000AAXXXXXXXXXXXX7
3000646C000000AAXXXXXXXXXXXX7
3000646E000000AAXXXXXXXXXXXX7
3000646F000000AAXXXXXXXXXXXX7
30006470000000AAXXXXXXXXXXXX7
30006471000000AAXXXXXXXXXXXX7
30006472000000AAXXXXXXXXXXXX7
30006473000000AAXXXXXXXXXXXX7
30006474000000AAXXXXXXXXXXXX7
30006476000000AAXXXXXXXXXXXX7
30006477000000AAXXXXXXXXXXXX7
30006478000000AAXXXXXXXXXXXX7
30006479000000AAXXXXXXXXXXXX7
3000647A000000AAXXXXXXXXXXXX7
3000647B000000AAXXXXXXXXXXXX7
3000647C000000AAXXXXXXXXXXXX7
3000647E000000AAXXXXXXXXXXXX7
3000647F000000AAXXXXXXXXXXXX7
30006480000000AAXXXXXXXXXXXX7
30006481000000AAXXXXXXXXXXXX7
30006482000000AAXXXXXXXXXXXX7
30006483000000AAXXXXXXXXXXXX7
30006484000000AAXXXXXXXXXXXX7
30006486000000AAXXXXXXXXXXXX7
30006487000000AAXXXXXXXXXXXX7
30006488000000AAXXXXXXXXXXXX7
30006489000000AAXXXXXXXXXXXX7
3000648A000000AAXXXXXXXXXXXX7
3000648B000000AAXXXXXXXXXXXX7
3000648C000000AAXXXXXXXXXXXX7
3000648E000000AAXXXXXXXXXXXX7
3000648F000000AAXXXXXXXXXXXX7
30006490000000AAXXXXXXXXXXXX7
30006491000000AAXXXXXXXXXXXX7
30006492000000AAXXXXXXXXXXXX7
30006493000000AAXXXXXXXXXXXX7
30006494000000AAXXXXXXXXXXXX7
30006496000000AAXXXXXXXXXXXX7
30006497000000AAXXXXXXXXXXXX7
30006498000000AAXXXXXXXXXXXX7
30006499000000AAXXXXXXXXXXXX7
3000649A000000AAXXXXXXXXXXXX7
3000649B000000AAXXXXXXXXXXXX7
3000649C000000AAXXXXXXXXXXXX7
3000649E000000AAXXXXXXXXXXXX7
3000649F000000AAXXXXXXXXXXXX7
300064A8000000AAXXXXXXXXXXXX7
300064A9000000AAXXXXXXXXXXXX7
300064AA000000AAXXXXXXXXXXXX7
300064AB000000AAXXXXXXXXXXXX7
300064AC000000AAXXXXXXXXXXXX7
300064AE000000AAXXXXXXXXXXXX7
300064AF000000AAXXXXXXXXXXXX7
300064B0000000AAXXXXXXXXXXXX7
300064B1000000AAXXXXXXXXXXXX7
300064B2000000AAXXXXXXXXXXXX7
300064B3000000AAXXXXXXXXXXXX7
300064B4000000AAXXXXXXXXXXXX7
300064B6000000AAXXXXXXXXXXXX7
300064B7000000AAXXXXXXXXXXXX7
300064B8000000AAXXXXXXXXXXXX7
300064B9000000AAXXXXXXXXXXXX7
300064BA000000AAXXXXXXXXXXXX7
300064BB000000AAXXXXXXXXXXXX7
300064BC000000AAXXXXXXXXXXXX7
300064BE000000AAXXXXXXXXXXXX7
300064BF000000AAXXXXXXXXXXXX7
300064C0000000AAXXXXXXXXXXXX7
300064C1000000AAXXXXXXXXXXXX7
300064C2000000AAXXXXXXXXXXXX7
300064C3000000AAXXXXXXXXXXXX7
300064C4000000AAXXXXXXXXXXXX7
300064C6000000AAXXXXXXXXXXXX7
300064C7000000AAXXXXXXXXXXXX7
300064C8000000AAXXXXXXXXXXXX7
300064C9000000AAXXXXXXXXXXXX7
300064CA000000AAXXXXXXXXXXXX7
300064CB000000AAXXXXXXXXXXXX7
300064CC000000AAXXXXXXXXXXXX7
300064CE000000AAXXXXXXXXXXXX7
300064CF000000AAXXXXXXXXXXXX7
300064D0000000AAXXXXXXXXXXXX7
300064D1000000AAXXXXXXXXXXXX7
300064D2000000AAXXXXXXXXXXXX7
300064D3000000AAXXXXXXXXXXXX7
300064D4000000AAXXXXXXXXXXXX7
300064D6000000AAXXXXXXXXXXXX7
300064D7000000AAXXXXXXXXXXXX7
300064D8000000AAXXXXXXXXXXXX7
300064D9000000AAXXXXXXXXXXXX7
300064DA000000AAXXXXXXXXXXXX7
300064DB000000AAXXXXXXXXXXXX7
300064DC000000AAXXXXXXXXXXXX7
300064DE000000AAXXXXXXXXXXXX7
300064DF000000AAXXXXXXXXXXXX7
300064E8000000AAXXXXXXXXXXXX7
300064E9000000AAXXXXXXXXXXXX7
300064EA000000AAXXXXXXXXXXXX7
300064EB000000AAXXXXXXXXXXXX7
300064EC000000AAXXXXXXXXXXXX7
300064EE000000AAXXXXXXXXXXXX7
300064EF000000AAXXXXXXXXXXXX7
300064F0000000AAXXXXXXXXXXXX7
300064F1000000AAXXXXXXXXXXXX7
300064F2000000AAXXXXXXXXXXXX7
300064F3000000AAXXXXXXXXXXXX7
300064F4000000AAXXXXXXXXXXXX7
300064F6000000AAXXXXXXXXXXXX7
300064F7000000AAXXXXXXXXXXXX7
300064F8000000AAXXXXXXXXXXXX7
300064F9000000AAXXXXXXXXXXXX7
300064FA000000AAXXXXXXXXXXXX7
300064FB000000AAXXXXXXXXXXXX7
300064FC000000AAXXXXXXXXXXXX7
300064FE000000AAXXXXXXXXXXXX7
300064FF000000AAXXXXXXXXXXXX7
300065XX000000AAXXXXXXXXXXXX6
300066XX000000AAXXXXXXXXXXXX6
300067XX000000AAXXXXXXXXXXXX6
300068XX000000AAXXXXXXXXXXXX6
300069XX000000AAXXXXXXXXXXXX6
30006AXX000000AAXXXXXXXXXXXX6
30006BXX000000AAXXXXXXXXXXXX6
30006CXX000000AAXXXXXXXXXXXX7
30006C01000000AAXXXXXXXXXXXX7
30006C02000000AAXXXXXXXXXXXX7
30006C03000000AAXXXXXXXXXXXX7
30006C04000000AAXXXXXXXXXXXX7
30006C06000000AAXXXXXXXXXXXX7
30006C07000000AAXXXXXXXXXXXX7
30006C08000000AAXXXXXXXXXXXX7
30006C09000000AAXXXXXXXXXXXX7
30006C0A000000AAXXXXXXXXXXXX7
30006C0B000000AAXXXXXXXXXXXX7
30006C0C000000AAXXXXXXXXXXXX7
30006C0E000000AAXXXXXXXXXXXX7
30006C0F000000AAXXXXXXXXXXXX7
30006C10000000AAXXXXXXXXXXXX7
30006C11000000AAXXXXXXXXXXXX7
30006C12000000AAXXXXXXXXXXXX7
30006C13000000AAXXXXXXXXXXXX7
30006C14000000AAXXXXXXXXXXXX7
30006C16000000AAXXXXXXXXXXXX7
30006C17000000AAXXXXXXXXXXXX7
30006C18000000AAXXXXXXXXXXXX7
30006C19000000AAXXXXXXXXXXXX7
30006C1A000000AAXXXXXXXXXXXX7
30006C1B000000AAXXXXXXXXXXXX7
30006C1C000000AAXXXXXXXXXXXX7
30006C1E000000AAXXXXXXXXXXXX7
30006C1F000000AAXXXXXXXXXXXX7
30006C28000000AAXXXXXXXXXXXX7
30006C29000000AAXXXXXXXXXXXX7
30006C2A000000AAXXXXXXXXXXXX7
30006C2B000000AAXXXXXXXXXXXX7
30006C2C000000AAXXXXXXXXXXXX7
30006C2E000000AAXXXXXXXXXXXX7
30006C2F000000AAXXXXXXXXXXXX7
30006C30000000AAXXXXXXXXXXXX7
30006C31000000AAXXXXXXXXXXXX7
30006C32000000AAXXXXXXXXXXXX7
30006C33000000AAXXXXXXXXXXXX7
30006C34000000AAXXXXXXXXXXXX7
30006C36000000AAXXXXXXXXXXXX7
30006C37000000AAXXXXXXXXXXXX7
30006C38000000AAXXXXXXXXXXXX7
30006C39000000AAXXXXXXXXXXXX7
30006C3A000000AAXXXXXXXXXXXX7
30006C3B000000AAXXXXXXXXXXXX7
30006C3C000000AAXXXXXXXXXXXX7
30006C3E000000AAXXXXXXXXXXXX7
30006C3F000000AAXXXXXXXXXXXX7
30006C40000000AAXXXXXXXXXXXX7
30006C41000000AAXXXXXXXXXXXX7
30006C42000000AAXXXXXXXXXXXX7
30006C43000000AAXXXXXXXXXXXX7
30006C44000000AAXXXXXXXXXXXX7
30006C46000000AAXXXXXXXXXXXX7
30006C47000000AAXXXXXXXXXXXX7
30006C48000000AAXXXXXXXXXXXX7
30006C49000000AAXXXXXXXXXXXX7
30006C4A000000AAXXXXXXXXXXXX7
30006C4B000000AAXXXXXXXXXXXX7
30006C4C000000AAXXXXXXXXXXXX7
30006C4E000000AAXXXXXXXXXXXX7
30006C4F000000AAXXXXXXXXXXXX7
30006C50000000AAXXXXXXXXXXXX7
30006C51000000AAXXXXXXXXXXXX7
30006C52000000AAXXXXXXXXXXXX7
30006C53000000AAXXXXXXXXXXXX7
30006C54000000AAXXXXXXXXXXXX7
30006C56000000AAXXXXXXXXXXXX7
30006C57000000AAXXXXXXXXXXXX7
30006C58000000AAXXXXXXXXXXXX7
30006C59000000AAXXXXXXXXXXXX7
30006C5A000000AAXXXXXXXXXXXX7
30006C5B000000AAXXXXXXXXXXXX7
30006C5C000000AAXXXXXXXXXXXX7
30006C5E000000AAXXXXXXXXXXXX7
30006C5F000000AAXXXXXXXXXXXX7
30006C68000000AAXXXXXXXXXXXX7
30006C69000000AAXXXXXXXXXXXX7
30006C6A000000AAXXXXXXXXXXXX7
30006C6B000000AAXXXXXXXXXXXX7
30006C6C000000AAXXXXXXXXXXXX7
30006C6E000000AAXXXXXXXXXXXX7
30006C6F000000AAXXXXXXXXXXXX7
30006C70000000AAXXXXXXXXXXXX7
30006C71000000AAXXXXXXXXXXXX7
30006C72000000AAXXXXXXXXXXXX7
30006C73000000AAXXXXXXXXXXXX7
30006C74000000AAXXXXXXXXXXXX7
30006C76000000AAXXXXXXXXXXXX7
30006C77000000AAXXXXXXXXXXXX7
30006C78000000AAXXXXXXXXXXXX7
30006C79000000AAXXXXXXXXXXXX7
30006C7A000000AAXXXXXXXXXXXX7
30006C7B000000AAXXXXXXXXXXXX7
30006C7C000000AAXXXXXXXXXXXX7
30006C7E000000AAXXXXXXXXXXXX7
30006C7F000000AAXXXXXXXXXXXX7
30006C80000000AAXXXXXXXXXXXX7
30006C81000000AAXXXXXXXXXXXX7
30006C82000000AAXXXXXXXXXXXX7
30006C83000000AAXXXXXXXXXXXX7
30006C84000000AAXXXXXXXXXXXX7
30006C86000000AAXXXXXXXXXXXX7
30006C87000000AAXXXXXXXXXXXX7
30006C88000000AAXXXXXXXXXXXX7
30006C89000000AAXXXXXXXXXXXX7
30006C8A000000AAXXXXXXXXXXXX7
30006C8B000000AAXXXXXXXXXXXX7
30006C8C000000AAXXXXXXXXXXXX7
30006C8E000000AAXXXXXXXXXXXX7
30006C8F000000AAXXXXXXXXXXXX7
30006C90000000AAXXXXXXXXXXXX7
30006C91000000AAXXXXXXXXXXXX7
30006C92000000AAXXXXXXXXXXXX7
30006C93000000AAXXXXXXXXXXXX7
30006C94000000AAXXXXXXXXXXXX7
30006C96000000AAXXXXXXXXXXXX7
30006C97000000AAXXXXXXXXXXXX7
30006C98000000AAXXXXXXXXXXXX7
30006C99000000AAXXXXXXXXXXXX7
30006C9A000000AAXXXXXXXXXXXX7
30006C9B000000AAXXXXXXXXXXXX7
30006C9C000000AAXXXXXXXXXXXX7
30006C9E000000AAXXXXXXXXXXXX7
30006C9F000000AAXXXXXXXXXXXX7
30006CA8000000AAXXXXXXXXXXXX7
30006CA9000000AAXXXXXXXXXXXX7
30006CAA000000AAXXXXXXXXXXXX7
30006CAB000000AAXXXXXXXXXXXX7
30006CAC000000AAXXXXXXXXXXXX7
30006CAE000000AAXXXXXXXXXXXX7
30006CAF000000AAXXXXXXXXXXXX7
30006CB0000000AAXXXXXXXXXXXX7
30006CB1000000AAXXXXXXXXXXXX7
30006CB2000000AAXXXXXXXXXXXX7
30006CB3000000AAXXXXXXXXXXXX7
30006CB4000000AAXXXXXXXXXXXX7
30006CB6000000AAXXXXXXXXXXXX7
30006CB7000000AAXXXXXXXXXXXX7
30006CB8000000AAXXXXXXXXXXXX7
30006CB9000000AAXXXXXXXXXXXX7
30006CBA000000AAXXXXXXXXXXXX7
30006CBB000000AAXXXXXXXXXXXX7
30006CBC000000AAXXXXXXXXXXXX7
30006CBE000000AAXXXXXXXXXXXX7
30006CBF000000AAXXXXXXXXXXXX7
30006CC0000000AAXXXXXXXXXXXX7
30006CC1000000AAXXXXXXXXXXXX7
30006CC2000000AAXXXXXXXXXXXX7
30006CC3000000AAXXXXXXXXXXXX7
30006CC4000000AAXXXXXXXXXXXX7
30006CC6000000AAXXXXXXXXXXXX7
30006CC7000000AAXXXXXXXXXXXX7
30006CC8000000AAXXXXXXXXXXXX7
30006CC9000000AAXXXXXXXXXXXX7
30006CCA000000AAXXXXXXXXXXXX7
30006CCB000000AAXXXXXXXXXXXX7
30006CCC000000AAXXXXXXXXXXXX7
30006CCE000000AAXXXXXXXXXXXX7
30006CCF000000AAXXXXXXXXXXXX7
30006CD0000000AAXXXXXXXXXXXX7
30006CD1000000AAXXXXXXXXXXXX7
30006CD2000000AAXXXXXXXXXXXX7
30006CD3000000AAXXXXXXXXXXXX7
30006CD4000000AAXXXXXXXXXXXX7
30006CD6000000AAXXXXXXXXXXXX7
30006CD7000000AAXXXXXXXXXXXX7
30006CD8000000AAXXXXXXXXXXXX7
30006CD9000000AAXXXXXXXXXXXX7
30006CDA000000AAXXXXXXXXXXXX7
30006CDB000000AAXXXXXXXXXXXX7
30006CDC000000AAXXXXXXXXXXXX7
30006CDE000000AAXXXXXXXXXXXX7
30006CDF000000AAXXXXXXXXXXXX7
30006CE8000000AAXXXXXXXXXXXX7
30006CE9000000AAXXXXXXXXXXXX7
30006CEA000000AAXXXXXXXXXXXX7
30006CEB000000AAXXXXXXXXXXXX7
30006CEC000000AAXXXXXXXXXXXX7
30006CEE000000AAXXXXXXXXXXXX7
30006CEF000000AAXXXXXXXXXXXX7
30006CF0000000AAXXXXXXXXXXXX7
30006CF1000000AAXXXXXXXXXXXX7
30006CF2000000AAXXXXXXXXXXXX7
30006CF3000000AAXXXXXXXXXXXX7
30006CF4000000AAXXXXXXXXXXXX7
30006CF6000000AAXXXXXXXXXXXX7
30006CF7000000AAXXXXXXXXXXXX7
30006CF8000000AAXXXXXXXXXXXX7
30006CF9000000AAXXXXXXXXXXXX7
30006CFA000000AAXXXXXXXXXXXX7
30006CFB000000AAXXXXXXXXXXXX7
30006CFC000000AAXXXXXXXXXXXX7
30006CFE000000AAXXXXXXXXXXXX7
30006CFF000000AAXXXXXXXXXXXX7
30006DXX000000AAXXXXXXXXXXXX6
30006EXX000000AAXXXXXXXXXXXX6
30006FXX000000AAXXXXXXXXXXXX6
300070XX000000AAXXXXXXXXXXXX6
300071XX000000AAXXXXXXXXXXXX6
300072XX000000AAXXXXXXXXXXXX6
300073XX000000AAXXXXXXXXXXXX6
300074XX000000AAXXXXXXXXXXXX7
30007401000000AAXXXXXXXXXXXX7
30007402000000AAXXXXXXXXXXXX7
30007403000000AAXXXXXXXXXXXX7
30007404000000AAXXXXXXXXXXXX7
30007406000000AAXXXXXXXXXXXX7
30007407000000AAXXXXXXXXXXXX7
30007408000000AAXXXXXXXXXXXX7
30007409000000AAXXXXXXXXXXXX7
3000740A000000AAXXXXXXXXXXXX7
3000740B000000AAXXXXXXXXXXXX7
3000740C000000AAXXXXXXXXXXXX7
3000740E000000AAXXXXXXXXXXXX7
3000740F000000AAXXXXXXXXXXXX7
30007410000000AAXXXXXXXXXXXX7
30007411000000AAXXXXXXXXXXXX7
30007412000000AAXXXXXXXXXXXX7
30007413000000AAXXXXXXXXXXXX7
30007414000000AAXXXXXXXXXXXX7
30007416000000AAXXXXXXXXXXXX7
30007417000000AAXXXXXXXXXXXX7
30007418000000AAXXXXXXXXXXXX7
30007419000000AAXXXXXXXXXXXX7
3000741A000000AAXXXXXXXXXXXX7
3000741B000000AAXXXXXXXXXXXX7
3000741C000000AAXXXXXXXXXXXX7
3000741E000000AAXXXXXXXXXXXX7
3000741F000000AAXXXXXXXXXXXX7
30007428000000AAXXXXXXXXXXXX7
30007429000000AAXXXXXXXXXXXX7
3000742A000000AAXXXXXXXXXXXX7
3000742B000000AAXXXXXXXXXXXX7
3000742C000000AAXXXXXXXXXXXX7
3000742E000000AAXXXXXXXXXXXX7
3000742F000000AAXXXXXXXXXXXX7
30007430000000AAXXXXXXXXXXXX7
30007431000000AAXXXXXXXXXXXX7
30007432000000AAXXXXXXXXXXXX7
30007433000000AAXXXXXXXXXXXX7
30007434000000AAXXXXXXXXXXXX7
30007436000000AAXXXXXXXXXXXX7
30007437000000AAXXXXXXXXXXXX7
30007438000000AAXXXXXXXXXXXX7
30007439000000AAXXXXXXXXXXXX7
3000743A000000AAXXXXXXXXXXXX7
3000743B000000AAXXXXXXXXXXXX7
3000743C000000AAXXXXXXXXXXXX7
3000743E000000AAXXXXXXXXXXXX7
3000743F000000AAXXXXXXXXXXXX7
30007440000000AAXXXXXXXXXXXX7
30007441000000AAXXXXXXXXXXXX7
30007442000000AAXXXXXXXXXXXX7
30007443000000AAXXXXXXXXXXXX7
30007444000000AAXXXXXXXXXXXX7
30007446000000AAXXXXXXXXXXXX7
30007447000000AAXXXXXXXXXXXX7
30007448000000AAXXXXXXXXXXXX7
30007449000000AAXXXXXXXXXXXX7
3000744A000000AAXXXXXXXXXXXX7
3000744B000000AAXXXXXXXXXXXX7
3000744C000000AAXXXXXXXXXXXX7
3000744E000000AAXXXXXXXXXXXX7
3000744F000000AAXXXXXXXXXXXX7
30007450000000AAXXXXXXXXXXXX7
30007451000000AAXXXXXXXXXXXX7
30007452000000AAXXXXXXXXXXXX7
30007453000000AAXXXXXXXXXXXX7
30007454000000AAXXXXXXXXXXXX7
30007456000000AAXXXXXXXXXXXX7
30007457000000AAXXXXXXXXXXXX7
30007458000000AAXXXXXXXXXXXX7
30007459000000AAXXXXXXXXXXXX7
3000745A000000AAXXXXXXXXXXXX7
3000745B000000AAXXXXXXXXXXXX7
3000745C000000AAXXXXXXXXXXXX7
3000745E000000AAXXXXXXXXXXXX7
3000745F000000AAXXXXXXXXXXXX7
30007468000000AAXXXXXXXXXXXX7
30007469000000AAXXXXXXXXXXXX7
3000746A000000AAXXXXXXXXXXXX7
3000746B000000AAXXXXXXXXXXXX7
3000746C000000AAXXXXXXXXXXXX7
3000746E000000AAXXXXXXXXXXXX7
3000746F000000AAXXXXXXXXXXXX7
30007470000000AAXXXXXXXXXXXX7
30007471000000AAXXXXXXXXXXXX7
30007472000000AAXXXXXXXXXXXX7
30007473000000AAXXXXXXXXXXXX7
30007474000000AAXXXXXXXXXXXX7
30007476000000AAXXXXXXXXXXXX7
30007477000000AAXXXXXXXXXXXX7
30007478000000AAXXXXXXXXXXXX7
30007479000000AAXXXXXXXXXXXX7
3000747A000000AAXXXXXXXXXXXX7
3000747B000000AAXXXXXXXXXXXX7
3000747C000000AAXXXXXXXXXXXX7
3000747E000000AAXXXXXXXXXXXX7
3000747F000000AAXXXXXXXXXXXX7
30007480000000AAXXXXXXXXXXXX7
30007481000000AAXXXXXXXXXXXX7
30007482000000AAXXXXXXXXXXXX7
30007483000000AAXXXXXXXXXXXX7
30007484000000AAXXXXXXXXXXXX7
30007486000000AAXXXXXXXXXXXX7
30007487000000AAXXXXXXXXXXXX7
30007488000000AAXXXXXXXXXXXX7
30007489000000AAXXXXXXXXXXXX7
3000748A000000AAXXXXXXXXXXXX7
3000748B000000AAXXXXXXXXXXXX7
3000748C000000AAXXXXXXXXXXXX7
3000748E000000AAXXXXXXXXXXXX7
3000748F000000AAXXXXXXXXXXXX7
30007490000000AAXXXXXXXXXXXX7
30007491000000AAXXXXXXXXXXXX7
30007492000000AAXXXXXXXXXXXX7
30007493000000AAXXXXXXXXXXXX7
30007494000000AAXXXXXXXXXXXX7
30007496000000AAXXXXXXXXXXXX7
30007497000000AAXXXXXXXXXXXX7
30007498000000AAXXXXXXXXXXXX7
30007499000000AAXXXXXXXXXXXX7
3000749A000000AAXXXXXXXXXXXX7
3000749B000000AAXXXXXXXXXXXX7
3000749C000000AAXXXXXXXXXXXX7
3000749E000000AAXXXXXXXXXXXX7
3000749F000000AAXXXXXXXXXXXX7
300074A8000000AAXXXXXXXXXXXX7
300074A9000000AAXXXXXXXXXXXX7
300074AA000000AAXXXXXXXXXXXX7
300074AB000000AAXXXXXXXXXXXX7
300074AC000000AAXXXXXXXXXXXX7
300074AE000000AAXXXXXXXXXXXX7
300074AF000000AAXXXXXXXXXXXX7
300074B0000000AAXXXXXXXXXXXX7
300074B1000000AAXXXXXXXXXXXX7
300074B2000000AAXXXXXXXXXXXX7
300074B3000000AAXXXXXXXXXXXX7
300074B4000000AAXXXXXXXXXXXX7
300074B6000000AAXXXXXXXXXXXX7
300074B7000000AAXXXXXXXXXXXX7
300074B8000000AAXXXXXXXXXXXX7
300074B9000000AAXXXXXXXXXXXX7
300074BA000000AAXXXXXXXXXXXX7
300074BB000000AAXXXXXXXXXXXX7
300074BC000000AAXXXXXXXXXXXX7
300074BE000000AAXXXXXXXXXXXX7
300074BF000000AAXXXXXXXXXXXX7
300074C0000000AAXXXXXXXXXXXX7
300074C1000000AAXXXXXXXXXXXX7
300074C2000000AAXXXXXXXXXXXX7
300074C3000000AAXXXXXXXXXXXX7
300074C4000000AAXXXXXXXXXXXX7
300074C6000000AAXXXXXXXXXXXX7
300074C7000000AAXXXXXXXXXXXX7
300074C8000000AAXXXXXXXXXXXX7
300074C9000000AAXXXXXXXXXXXX7
300074CA000000AAXXXXXXXXXXXX7
300074CB000000AAXXXXXXXXXXXX7
300074CC000000AAXXXXXXXXXXXX7
300074CE000000AAXXXXXXXXXXXX7
300074CF000000AAXXXXXXXXXXXX7
300074D0000000AAXXXXXXXXXXXX7
300074D1000000AAXXXXXXXXXXXX7
300074D2000000AAXXXXXXXXXXXX7
300074D3000000AAXXXXXXXXXXXX7
300074D4000000AAXXXXXXXXXXXX7
300074D6000000AAXXXXXXXXXXXX7
300074D7000000AAXXXXXXXXXXXX7
300074D8000000AAXXXXXXXXXXXX7
300074D9000000AAXXXXXXXXXXXX7
300074DA000000AAXXXXXXXXXXXX7
300074DB000000AAXXXXXXXXXXXX7
300074DC000000AAXXXXXXXXXXXX7
300074DE000000AAXXXXXXXXXXXX7
300074DF000000AAXXXXXXXXXXXX7
300074E8000000AAXXXXXXXXXXXX7
300074E9000000AAXXXXXXXXXXXX7
300074EA000000AAXXXXXXXXXXXX7
300074EB000000AAXXXXXXXXXXXX7
300074EC000000AAXXXXXXXXXXXX7
300074EE000000AAXXXXXXXXXXXX7
300074EF000000AAXXXXXXXXXXXX7
300074F0000000AAXXXXXXXXXXXX7
300074F1000000AAXXXXXXXXXXXX7
300074F2000000AAXXXXXXXXXXXX7
300074F3000000AAXXXXXXXXXXXX7
300074F4000000AAXXXXXXXXXXXX7
300074F6000000AAXXXXXXXXXXXX7
300074F7000000AAXXXXXXXXXXXX7
300074F8000000AAXXXXXXXXXXXX7
300074F9000000AAXXXXXXXXXXXX7
300074FA000000AAXXXXXXXXXXXX7
300074FB000000AAXXXXXXXXXXXX7
300074FC000000AAXXXXXXXXXXXX7
300074FE000000AAXXXXXXXXXXXX7
300074FF000000AAXXXXXXXXXXXX7
300075XX000000AAXXXXXXXXXXXX6
300076XX000000AAXXXXXXXXXXXX6
300077XX000000AAXXXXXXXXXXXX6
300078XX000000AAXXXXXXXXXXXX6
300079XX000000AAXXXXXXXXXXXX6
30007AXX000000AAXXXXXXXXXXXX6
30007BXX000000AAXXXXXXXXXXXX6
30007CXX000000AAXXXXXXXXXXXX7
30007C01000000AAXXXXXXXXXXXX7
30007C02000000AAXXXXXXXXXXXX7
30007C03000000AAXXXXXXXXXXXX7
30007C04000000AAXXXXXXXXXXXX7
30007C06000000AAXXXXXXXXXXXX7
30007C07000000AAXXXXXXXXXXXX7
30007C08000000AAXXXXXXXXXXXX7
30007C09000000AAXXXXXXXXXXXX7
30007C0A000000AAXXXXXXXXXXXX7
30007C0B000000AAXXXXXXXXXXXX7
30007C0C000000AAXXXXXXXXXXXX7
30007C0E000000AAXXXXXXXXXXXX7
30007C0F000000AAXXXXXXXXXXXX7
30007C10000000AAXXXXXXXXXXXX7
30007C11000000AAXXXXXXXXXXXX7
30007C12000000AAXXXXXXXXXXXX7
30007C13000000AAXXXXXXXXXXXX7
30007C14000000AAXXXXXXXXXXXX7
30007C16000000AAXXXXXXXXXXXX7
30007C17000000AAXXXXXXXXXXXX7
30007C18000000AAXXXXXXXXXXXX7
30007C19000000AAXXXXXXXXXXXX7
30007C1A000000AAXXXXXXXXXXXX7
30007C1B000000AAXXXXXXXXXXXX7
30007C1C000000AAXXXXXXXXXXXX7
30007C1E000000AAXXXXXXXXXXXX7
30007C1F000000AAXXXXXXXXXXXX7
30007C28000000AAXXXXXXXXXXXX7
30007C29000000AAXXXXXXXXXXXX7
30007C2A000000AAXXXXXXXXXXXX7
30007C2B000000AAXXXXXXXXXXXX7
30007C2C000000AAXXXXXXXXXXXX7
30007C2E000000AAXXXXXXXXXXXX7
30007C2F000000AAXXXXXXXXXXXX7
30007C30000000AAXXXXXXXXXXXX7
30007C31000000AAXXXXXXXXXXXX7
30007C32000000AAXXXXXXXXXXXX7
30007C33000000AAXXXXXXXXXXXX7
30007C34000000AAXXXXXXXXXXXX7
30007C36000000AAXXXXXXXXXXXX7
30007C37000000AAXXXXXXXXXXXX7
30007C38000000AAXXXXXXXXXXXX7
30007C39000000AAXXXXXXXXXXXX7
30007C3A000000AAXXXXXXXXXXXX7
30007C3B000000AAXXXXXXXXXXXX7
30007C3C000000AAXXXXXXXXXXXX7
30007C3E000000AAXXXXXXXXXXXX7
30007C3F000000AAXXXXXXXXXXXX7
30007C40000000AAXXXXXXXXXXXX7
30007C41000000AAXXXXXXXXXXXX7
30007C42000000AAXXXXXXXXXXXX7
30007C43000000AAXXXXXXXXXXXX7
30007C44000000AAXXXXXXXXXXXX7
30007C46000000AAXXXXXXXXXXXX7
30007C47000000AAXXXXXXXXXXXX7
30007C48000000AAXXXXXXXXXXXX7
30007C49000000AAXXXXXXXXXXXX7
30007C4A000000AAXXXXXXXXXXXX7
30007C4B000000AAXXXXXXXXXXXX7
30007C4C000000AAXXXXXXXXXXXX7
30007C4E000000AAXXXXXXXXXXXX7
30007C4F000000AAXXXXXXXXXXXX7
30007C50000000AAXXXXXXXXXXXX7
30007C51000000AAXXXXXXXXXXXX7
30007C52000000AAXXXXXXXXXXXX7
30007C53000000AAXXXXXXXXXXXX7
30007C54000000AAXXXXXXXXXXXX7
30007C56000000AAXXXXXXXXXXXX7
30007C57000000AAXXXXXXXXXXXX7
30007C58000000AAXXXXXXXXXXXX7
30007C59000000AAXXXXXXXXXXXX7
30007C5A000000AAXXXXXXXXXXXX7
30007C5B000000AAXXXXXXXXXXXX7
30007C5C000000AAXXXXXXXXXXXX7
30007C5E000000AAXXXXXXXXXXXX7
30007C5F000000AAXXXXXXXXXXXX7
30007C68000000AAXXXXXXXXXXXX7
30007C69000000AAXXXXXXXXXXXX7
30007C6A000000AAXXXXXXXXXXXX7
30007C6B000000AAXXXXXXXXXXXX7
30007C6C000000AAXXXXXXXXXXXX7
30007C6E000000AAXXXXXXXXXXXX7
30007C6F000000AAXXXXXXXXXXXX7
30007C70000000AAXXXXXXXXXXXX7
30007C71000000AAXXXXXXXXXXXX7
30007C72000000AAXXXXXXXXXXXX7
30007C73000000AAXXXXXXXXXXXX7
30007C74000000AAXXXXXXXXXXXX7
30007C76000000AAXXXXXXXXXXXX7
30007C77000000AAXXXXXXXXXXXX7
30007C78000000AAXXXXXXXXXXXX7
30007C79000000AAXXXXXXXXXXXX7
30007C7A000000AAXXXXXXXXXXXX7
30007C7B000000AAXXXXXXXXXXXX7
30007C7C000000AAXXXXXXXXXXXX7
30007C7E000000AAXXXXXXXXXXXX7
30007C7F000000AAXXXXXXXXXXXX7
30007C80000000AAXXXXXXXXXXXX7
30007C81000000AAXXXXXXXXXXXX7
30007C82000000AAXXXXXXXXXXXX7
30007C83000000AAXXXXXXXXXXXX7
30007C84000000AAXXXXXXXXXXXX7
30007C86000000AAXXXXXXXXXXXX7
30007C87000000AAXXXXXXXXXXXX7
30007C88000000AAXXXXXXXXXXXX7
30007C89000000AAXXXXXXXXXXXX7
30007C8A000000AAXXXXXXXXXXXX7
30007C8B000000AAXXXXXXXXXXXX7
30007C8C000000AAXXXXXXXXXXXX7
30007C8E000000AAXXXXXXXXXXXX7
30007C8F000000AAXXXXXXXXXXXX7
30007C90000000AAXXXXXXXXXXXX7
30007C91000000AAXXXXXXXXXXXX7
30007C92000000AAXXXXXXXXXXXX7
30007C93000000AAXXXXXXXXXXXX7
30007C94000000AAXXXXXXXXXXXX7
30007C96000000AAXXXXXXXXXXXX7
30007C97000000AAXXXXXXXXXXXX7
30007C98000000AAXXXXXXXXXXXX7
30007C99000000AAXXXXXXXXXXXX7
30007C9A000000AAXXXXXXXXXXXX7
30007C9B000000AAXXXXXXXXXXXX7
30007C9C000000AAXXXXXXXXXXXX7
30007C9E000000AAXXXXXXXXXXXX7
30007C9F000000AAXXXXXXXXXXXX7
30007CA8000000AAXXXXXXXXXXXX7
30007CA9000000AAXXXXXXXXXXXX7
30007CAA000000AAXXXXXXXXXXXX7
30007CAB000000AAXXXXXXXXXXXX7
30007CAC000000AAXXXXXXXXXXXX7
30007CAE000000AAXXXXXXXXXXXX7
30007CAF000000AAXXXXXXXXXXXX7
30007CB0000000AAXXXXXXXXXXXX7
30007CB1000000AAXXXXXXXXXXXX7
30007CB2000000AAXXXXXXXXXXXX7
30007CB3000000AAXXXXXXXXXXXX7
30007CB4000000AAXXXXXXXXXXXX7
30007CB6000000AAXXXXXXXXXXXX7
30007CB7000000AAXXXXXXXXXXXX7
30007CB8000000AAXXXXXXXXXXXX7
30007CB9000000AAXXXXXXXXXXXX7
30007CBA000000AAXXXXXXXXXXXX7
30007CBB000000AAXXXXXXXXXXXX7
30007CBC000000AAXXXXXXXXXXXX7
30007CBE000000AAXXXXXXXXXXXX7
30007CBF000000AAXXXXXXXXXXXX7
30007CC0000000AAXXXXXXXXXXXX7
30007CC1000000AAXXXXXXXXXXXX7
30007CC2000000AAXXXXXXXXXXXX7
30007CC3000000AAXXXXXXXXXXXX7
30007CC4000000AAXXXXXXXXXXXX7
30007CC6000000AAXXXXXXXXXXXX7
30007CC7000000AAXXXXXXXXXXXX7
30007CC8000000AAXXXXXXXXXXXX7
30007CC9000000AAXXXXXXXXXXXX7
30007CCA000000AAXXXXXXXXXXXX7
30007CCB000000AAXXXXXXXXXXXX7
30007CCC000000AAXXXXXXXXXXXX7
30007CCE000000AAXXXXXXXXXXXX7
30007CCF000000AAXXXXXXXXXXXX7
30007CD0000000AAXXXXXXXXXXXX7
30007CD1000000AAXXXXXXXXXXXX7
30007CD2000000AAXXXXXXXXXXXX7
30007CD3000000AAXXXXXXXXXXXX7
30007CD4000000AAXXXXXXXXXXXX7
30007CD6000000AAXXXXXXXXXXXX7
30007CD7000000AAXXXXXXXXXXXX7
30007CD8000000AAXXXXXXXXXXXX7
30007CD9000000AAXXXXXXXXXXXX7
30007CDA000000AAXXXXXXXXXXXX7
30007CDB000000AAXXXXXXXXXXXX7
30007CDC000000AAXXXXXXXXXXXX7
30007CDE000000AAXXXXXXXXXXXX7
30007CDF000000AAXXXXXXXXXXXX7
30007CE8000000AAXXXXXXXXXXXX7
30007CE9000000AAXXXXXXXXXXXX7
30007CEA000000AAXXXXXXXXXXXX7
30007CEB000000AAXXXXXXXXXXXX7
30007CEC000000AAXXXXXXXXXXXX7
30007CEE000000AAXXXXXXXXXXXX7
30007CEF000000AAXXXXXXXXXXXX7
30007CF0000000AAXXXXXXXXXXXX7
30007CF1000000AAXXXXXXXXXXXX7
30007CF2000000AAXXXXXXXXXXXX7
30007CF3000000AAXXXXXXXXXXXX7
30007CF4000000AAXXXXXXXXXXXX7
30007CF6000000AAXXXXXXXXXXXX7
30007CF7000000AAXXXXXXXXXXXX7
30007CF8000000AAXXXXXXXXXXXX7
30007CF9000000AAXXXXXXXXXXXX7
30007CFA000000AAXXXXXXXXXXXX7
30007CFB000000AAXXXXXXXXXXXX7
30007CFC000000AAXXXXXXXXXXXX7
30007CFE000000AAXXXXXXXXXXXX7
30007CFF000000AAXXXXXXXXXXXX7
30007DXX000000AAXXXXXXXXXXXX6
30007EXX000000AAXXXXXXXXXXXX6
30007FXX000000AAXXXXXXXXXXXX6
300080XXDDCCBBAAXXXXXXXXXXXX9
300081XXDDCCBBAAXXXXXXXXXXXX9
300082XXDDCCBBAAXXXXXXXXXXXX9
300083XXDDCCBBAAXXXXXXXXXXXX9
300084XXDDCCBBAAXXXXXXXXXXXXA
30008401DDCCBBAAXXXXXXXXXXXXA
30008402DDCCBBAAXXXXXXXXXXXXA
30008403DDCCBBAAXXXXXXXXXXXXA
30008404DDCCBBAAXXXXXXXXXXXXA
30008406DDCCBBAAXXXXXXXXXXXXA
30008407DDCCBBAAXXXXXXXXXXXXA
30008408DDCCBBAAXXXXXXXXXXXXA
30008409DDCCBBAAXXXXXXXXXXXXA
3000840ADDCCBBAAXXXXXXXXXXXXA
3000840BDDCCBBAAXXXXXXXXXXXXA
3000840CDDCCBBAAXXXXXXXXXXXXA
3000840EDDCCBBAAXXXXXXXXXXXXA
3000840FDDCCBBAAXXXXXXXXXXXXA
30008410DDCCBBAAXXXXXXXXXXXXA
30008411DDCCBBAAXXXXXXXXXXXXA
30008412DDCCBBAAXXXXXXXXXXXXA
30008413DDCCBBAAXXXXXXXXXXXXA
30008414DDCCBBAAXXXXXXXXXXXXA
30008416DDCCBBAAXXXXXXXXXXXXA
30008417DDCCBBAAXXXXXXXXXXXXA
30008418DDCCBBAAXXXXXXXXXXXXA
30008419DDCCBBAAXXXXXXXXXXXXA
3000841ADDCCBBAAXXXXXXXXXXXXA
3000841BDDCCBBAAXXXXXXXXXXXXA
3000841CDDCCBBAAXXXXXXXXXXXXA
3000841EDDCCBBAAXXXXXXXXXXXXA
3000841FDDCCBBAAXXXXXXXXXXXXA
30008428DDCCBBAAXXXXXXXXXXXXA
30008429DDCCBBAAXXXXXXXXXXXXA
3000842ADDCCBBAAXXXXXXXXXXXXA
3000842BDDCCBBAAXXXXXXXXXXXXA
3000842CDDCCBBAAXXXXXXXXXXXXA
3000842EDDCCBBAAXXXXXXXXXXXXA
3000842FDDCCBBAAXXXXXXXXXXXXA
30008430DDCCBBAAXXXXXXXXXXXXA
30008431DDCCBBAAXXXXXXXXXXXXA
30008432DDCCBBAAXXXXXXXXXXXXA
30008433DDCCBBAAXXXXXXXXXXXXA
30008434DDCCBBAAXXXXXXXXXXXXA
30008436DDCCBBAAXXXXXXXXXXXXA
30008437DDCCBBAAXXXXXXXXXXXXA
30008438DDCCBBAAXXXXXXXXXXXXA
30008439DDCCBBAAXXXXXXXXXXXXA
3000843ADDCCBBAAXXXXXXXXXXXXA
3000843BDDCCBBAAXXXXXXXXXXXXA
3000843CDDCCBBAAXXXXXXXXXXXXA
3000843EDDCCBBAAXXXXXXXXXXXXA
3000843FDDCCBBAAXXXXXXXXXXXXA
30008440DDCCBBAAXXXXXXXXXXXXA
30008441DDCCBBAAXXXXXXXXXXXXA
30008442DDCCBBAAXXXXXXXXXXXXA
30008443DDCCBBAAXXXXXXXXXXXXA
30008444DDCCBBAAXXXXXXXXXXXXA
30008446DDCCBBAAXXXXXXXXXXXXA
30008447DDCCBBAAXXXXXXXXXXXXA
30008448DDCCBBAAXXXXXXXXXXXXA
30008449DDCCBBAAXXXXXXXXXXXXA
3000844ADDCCBBAAXXXXXXXXXXXXA
3000844BDDCCBBAAXXXXXXXXXXXXA
3000844CDDCCBBAAXXXXXXXXXXXXA
3000844EDDCCBBAAXXXXXXXXXXXXA
3000844FDDCCBBAAXXXXXXXXXXXXA
30008450DDCCBBAAXXXXXXXXXXXXA
30008451DDCCBBAAXXXXXXXXXXXXA
30008452DDCCBBAAXXXXXXXXXXXXA
30008453DDCCBBAAXXXXXXXXXXXXA
30008454DDCCBBAAXXXXXXXXXXXXA
30008456DDCCBBAAXXXXXXXXXXXXA
30008457DDCCBBAAXXXXXXXXXXXXA
30008458DDCCBBAAXXXXXXXXXXXXA
30008459DDCCBBAAXXXXXXXXXXXXA
3000845ADDCCBBAAXXXXXXXXXXXXA
3000845BDDCCBBAAXXXXXXXXXXXXA
3000845CDDCCBBAAXXXXXXXXXXXXA
3000845EDDCCBBAAXXXXXXXXXXXXA
3000845FDDCCBBAAXXXXXXXXXXXXA
30008468DDCCBBAAXXXXXXXXXXXXA
30008469DDCCBBAAXXXXXXXXXXXXA
3000846ADDCCBBAAXXXXXXXXXXXXA
3000846BDDCCBBAAXXXXXXXXXXXXA
3000846CDDCCBBAAXXXXXXXXXXXXA
3000846EDDCCBBAAXXXXXXXXXXXXA
3000846FDDCCBBAAXXXXXXXXXXXXA
30008470DDCCBBAAXXXXXXXXXXXXA
30008471DDCCBBAAXXXXXXXXXXXXA
30008472DDCCBBAAXXXXXXXXXXXXA
30008473DDCCBBAAXXXXXXXXXXXXA
30008474DDCCBBAAXXXXXXXXXXXXA
30008476DDCCBBAAXXXXXXXXXXXXA
30008477DDCCBBAAXXXXXXXXXXXXA
30008478DDCCBBAAXXXXXXXXXXXXA
30008479DDCCBBAAXXXXXXXXXXXXA
3000847ADDCCBBAAXXXXXXXXXXXXA
3000847BDDCCBBAAXXXXXXXXXXXXA
3000847CDDCCBBAAXXXXXXXXXXXXA
3000847EDDCCBBAAXXXXXXXXXXXXA
3000847FDDCCBBAAXXXXXXXXXXXXA
30008480DDCCBBAAXXXXXXXXXXXXA
30008481DDCCBBAAXXXXXXXXXXXXA
30008482DDCCBBAAXXXXXXXXXXXXA
30008483DDCCBBAAXXXXXXXXXXXXA
30008484DDCCBBAAXXXXXXXXXXXXA
30008486DDCCBBAAXXXXXXXXXXXXA
30008487DDCCBBAAXXXXXXXXXXXXA
30008488DDCCBBAAXXXXXXXXXXXXA
30008489DDCCBBAAXXXXXXXXXXXXA
3000848ADDCCBBAAXXXXXXXXXXXXA
3000848BDDCCBBAAXXXXXXXXXXXXA
3000848CDDCCBBAAXXXXXXXXXXXXA
3000848EDDCCBBAAXXXXXXXXXXXXA
3000848FDDCCBBAAXXXXXXXXXXXXA
30008490DDCCBBAAXXXXXXXXXXXXA
30008491DDCCBBAAXXXXXXXXXXXXA
30008492DDCCBBAAXXXXXXXXXXXXA
30008493DDCCBBAAXXXXXXXXXXXXA
30008494DDCCBBAAXXXXXXXXXXXXA
30008496DDCCBBAAXXXXXXXXXXXXA
30008497DDCCBBAAXXXXXXXXXXXXA
30008498DDCCBBAAXXXXXXXXXXXXA
30008499DDCCBBAAXXXXXXXXXXXXA
3000849ADDCCBBAAXXXXXXXXXXXXA
3000849BDDCCBBAAXXXXXXXXXXXXA
3000849CDDCCBBAAXXXXXXXXXXXXA
3000849EDDCCBBAAXXXXXXXXXXXXA
3000849FDDCCBBAAXXXXXXXXXXXXA
300084A8DDCCBBAAXXXXXXXXXXXXA
300084A9DDCCBBAAXXXXXXXXXXXXA
300084AADDCCBBAAXXXXXXXXXXXXA
300084ABDDCCBBAAXXXXXXXXXXXXA
300084ACDDCCBBAAXXXXXXXXXXXXA
300084AEDDCCBBAAXXXXXXXXXXXXA
300084AFDDCCBBAAXXXXXXXXXXXXA
300084B0DDCCBBAAXXXXXXXXXXXXA
300084B1DDCCBBAAXXXXXXXXXXXXA
300084B2DDCCBBAAXXXXXXXXXXXXA
300084B3DDCCBBAAXXXXXXXXXXXXA
300084B4DDCCBBAAXXXXXXXXXXXXA
300084B6DDCCBBAAXXXXXXXXXXXXA
300084B7DDCCBBAAXXXXXXXXXXXXA
300084B8DDCCBBAAXXXXXXXXXXXXA
300084B9DDCCBBAAXXXXXXXXXXXXA
300084BADDCCBBAAXXXXXXXXXXXXA
300084BBDDCCBBAAXXXXXXXXXXXXA
300084BCDDCCBBAAXXXXXXXXXXXXA
300084BEDDCCBBAAXXXXXXXXXXXXA
300084BFDDCCBBAAXXXXXXXXXXXXA
300084C0DDCCBBAAXXXXXXXXXXXXA
300084C1DDCCBBAAXXXXXXXXXXXXA
300084C2DDCCBBAAXXXXXXXXXXXXA
300084C3DDCCBBAAXXXXXXXXXXXXA
300084C4DDCCBBAAXXXXXXXXXXXXA
300084C6DDCCBBAAXXXXXXXXXXXXA
300084C7DDCCBBAAXXXXXXXXXXXXA
300084C8DDCCBBAAXXXXXXXXXXXXA
300084C9DDCCBBAAXXXXXXXXXXXXA
300084CADDCCBBAAXXXXXXXXXXXXA
300084CBDDCCBBAAXXXXXXXXXXXXA
300084CCDDCCBBAAXXXXXXXXXXXXA
300084CEDDCCBBAAXXXXXXXXXXXXA
300084CFDDCCBBAAXXXXXXXXXXXXA
300084D0DDCCBBAAXXXXXXXXXXXXA
300084D1DDCCBBAAXXXXXXXXXXXXA
300084D2DDCCBBAAXXXXXXXXXXXXA
300084D3DDCCBBAAXXXXXXXXXXXXA
300084D4DDCCBBAAXXXXXXXXXXXXA
300084D6DDCCBBAAXXXXXXXXXXXXA
300084D7DDCCBBAAXXXXXXXXXXXXA
300084D8DDCCBBAAXXXXXXXXXXXXA
300084D9DDCCBBAAXXXXXXXXXXXXA
300084DADDCCBBAAXXXXXXXXXXXXA
300084DBDDCCBBAAXXXXXXXXXXXXA
300084DCDDCCBBAAXXXXXXXXXXXXA
300084DEDDCCBBAAXXXXXXXXXXXXA
300084DFDDCCBBAAXXXXXXXXXXXXA
300084E8DDCCBBAAXXXXXXXXXXXXA
300084E9DDCCBBAAXXXXXXXXXXXXA
300084EADDCCBBAAXXXXXXXXXXXXA
300084EBDDCCBBAAXXXXXXXXXXXXA
300084ECDDCCBBAAXXXXXXXXXXXXA
300084EEDDCCBBAAXXXXXXXXXXXXA
300084EFDDCCBBAAXXXXXXXXXXXXA
300084F0DDCCBBAAXXXXXXXXXXXXA
300084F1DDCCBBAAXXXXXXXXXXXXA
300084F2DDCCBBAAXXXXXXXXXXXXA
300084F3DDCCBBAAXXXXXXXXXXXXA
300084F4DDCCBBAAXXXXXXXXXXXXA
300084F6DDCCBBAAXXXXXXXXXXXXA
300084F7DDCCBBAAXXXXXXXXXXXXA
300084F8DDCCBBAAXXXXXXXXXXXXA
300084F9DDCCBBAAXXXXXXXXXXXXA
300084FADDCCBBAAXXXXXXXXXXXXA
300084FBDDCCBBAAXXXXXXXXXXXXA
300084FCDDCCBBAAXXXXXXXXXXXXA
300084FEDDCCBBAAXXXXXXXXXXXXA
300084FFDDCCBBAAXXXXXXXXXXXXA
300085XXDDCCBBAAXXXXXXXXXXXX9
300086XXDDCCBBAAXXXXXXXXXXXX9
300087XXDDCCBBAAXXXXXXXXXXXX9
300088XXDDCCBBAAXXXXXXXXXXXX9
300089XXDDCCBBAAXXXXXXXXXXXX9
30008AXXDDCCBBAAXXXXXXXXXXXX9
30008BXXDDCCBBAAXXXXXXXXXXXX9
30008CXXDDCCBBAAXXXXXXXXXXXXA
30008C01DDCCBBAAXXXXXXXXXXXXA
30008C02DDCCBBAAXXXXXXXXXXXXA
30008C03DDCCBBAAXXXXXXXXXXXXA
30008C04DDCCBBAAXXXXXXXXXXXXA
30008C06DDCCBBAAXXXXXXXXXXXXA
30008C07DDCCBBAAXXXXXXXXXXXXA
30008C08DDCCBBAAXXXXXXXXXXXXA
30008C09DDCCBBAAXXXXXXXXXXXXA
30008C0ADDCCBBAAXXXXXXXXXXXXA
30008C0BDDCCBBAAXXXXXXXXXXXXA
30008C0CDDCCBBAAXXXXXXXXXXXXA
30008C0EDDCCBBAAXXXXXXXXXXXXA
30008C0FDDCCBBAAXXXXXXXXXXXXA
30008C10DDCCBBAAXXXXXXXXXXXXA
30008C11DDCCBBAAXXXXXXXXXXXXA
30008C12DDCCBBAAXXXXXXXXXXXXA
30008C13DDCCBBAAXXXXXXXXXXXXA
30008C14DDCCBBAAXXXXXXXXXXXXA
30008C16DDCCBBAAXXXXXXXXXXXXA
30008C17DDCCBBAAXXXXXXXXXXXXA
30008C18DDCCBBAAXXXXXXXXXXXXA
30008C19DDCCBBAAXXXXXXXXXXXXA
30008C1ADDCCBBAAXXXXXXXXXXXXA
30008C1BDDCCBBAAXXXXXXXXXXXXA
30008C1CDDCCBBAAXXXXXXXXXXXXA
30008C1EDDCCBBAAXXXXXXXXXXXXA
30008C1FDDCCBBAAXXXXXXXXXXXXA
30008C28DDCCBBAAXXXXXXXXXXXXA
30008C29DDCCBBAAXXXXXXXXXXXXA
30008C2ADDCCBBAAXXXXXXXXXXXXA
30008C2BDDCCBBAAXXXXXXXXXXXXA
30008C2CDDCCBBAAXXXXXXXXXXXXA
30008C2EDDCCBBAAXXXXXXXXXXXXA
30008C2FDDCCBBAAXXXXXXXXXXXXA
30008C30DDCCBBAAXXXXXXXXXXXXA
30008C31DDCCBBAAXXXXXXXXXXXXA
30008C32DDCCBBAAXXXXXXXXXXXXA
30008C33DDCCBBAAXXXXXXXXXXXXA
30008C34DDCCBBAAXXXXXXXXXXXXA
30008C36DDCCBBAAXXXXXXXXXXXXA
30008C37DDCCBBAAXXXXXXXXXXXXA
30008C38DDCCBBAAXXXXXXXXXXXXA
30008C39DDCCBBAAXXXXXXXXXXXXA
30008C3ADDCCBBAAXXXXXXXXXXXXA
30008C3BDDCCBBAAXXXXXXXXXXXXA
30008C3CDDCCBBAAXXXXXXXXXXXXA
30008C3EDDCCBBAAXXXXXXXXXXXXA
30008C3FDDCCBBAAXXXXXXXXXXXXA
30008C40DDCCBBAAXXXXXXXXXXXXA
30008C41DDCCBBAAXXXXXXXXXXXXA
30008C42DDCCBBAAXXXXXXXXXXXXA
30008C43DDCCBBAAXXXXXXXXXXXXA
30008C44DDCCBBAAXXXXXXXXXXXXA
30008C46DDCCBBAAXXXXXXXXXXXXA
30008C47DDCCBBAAXXXXXXXXXXXXA
30008C48DDCCBBAAXXXXXXXXXXXXA
30008C49DDCCBBAAXXXXXXXXXXXXA
30008C4ADDCCBBAAXXXXXXXXXXXXA
30008C4BDDCCBBAAXXXXXXXXXXXXA
30008C4CDDCCBBAAXXXXXXXXXXXXA
30008C4EDDCCBBAAXXXXXXXXXXXXA
30008C4FDDCCBBAAXXXXXXXXXXXXA
30008C50DDCCBBAAXXXXXXXXXXXXA
30008C51DDCCBBAAXXXXXXXXXXXXA
30008C52DDCCBBAAXXXXXXXXXXXXA
30008C53DDCCBBAAXXXXXXXXXXXXA
30008C54DDCCBBAAXXXXXXXXXXXXA
30008C56DDCCBBAAXXXXXXXXXXXXA
30008C57DDCCBBAAXXXXXXXXXXXXA
30008C58DDCCBBAAXXXXXXXXXXXXA
30008C59DDCCBBAAXXXXXXXXXXXXA
30008C5ADDCCBBAAXXXXXXXXXXXXA
30008C5BDDCCBBAAXXXXXXXXXXXXA
30008C5CDDCCBBAAXXXXXXXXXXXXA
30008C5EDDCCBBAAXXXXXXXXXXXXA
30008C5FDDCCBBAAXXXXXXXXXXXXA
30008C68DDCCBBAAXXXXXXXXXXXXA
30008C69DDCCBBAAXXXXXXXXXXXXA
30008C6ADDCCBBAAXXXXXXXXXXXXA
30008C6BDDCCBBAAXXXXXXXXXXXXA
30008C6CDDCCBBAAXXXXXXXXXXXXA
30008C6EDDCCBBAAXXXXXXXXXXXXA
30008C6FDDCCBBAAXXXXXXXXXXXXA
30008C70DDCCBBAAXXXXXXXXXXXXA
30008C71DDCCBBAAXXXXXXXXXXXXA
30008C72DDCCBBAAXXXXXXXXXXXXA
30008C73DDCCBBAAXXXXXXXXXXXXA
30008C74DDCCBBAAXXXXXXXXXXXXA
30008C76DDCCBBAAXXXXXXXXXXXXA
30008C77DDCCBBAAXXXXXXXXXXXXA
30008C78DDCCBBAAXXXXXXXXXXXXA
30008C79DDCCBBAAXXXXXXXXXXXXA
30008C7ADDCCBBAAXXXXXXXXXXXXA
30008C7BDDCCBBAAXXXXXXXXXXXXA
30008C7CDDCCBBAAXXXXXXXXXXXXA
30008C7EDDCCBBAAXXXXXXXXXXXXA
30008C7FDDCCBBAAXXXXXXXXXXXXA
30008C80DDCCBBAAXXXXXXXXXXXXA
30008C81DDCCBBAAXXXXXXXXXXXXA
30008C82DDCCBBAAXXXXXXXXXXXXA
30008C83DDCCBBAAXXXXXXXXXXXXA
30008C84DDCCBBAAXXXXXXXXXXXXA
30008C86DDCCBBAAXXXXXXXXXXXXA
30008C87DDCCBBAAXXXXXXXXXXXXA
30008C88DDCCBBAAXXXXXXXXXXXXA
30008C89DDCCBBAAXXXXXXXXXXXXA
30008C8ADDCCBBAAXXXXXXXXXXXXA
30008C8BDDCCBBAAXXXXXXXXXXXXA
30008C8CDDCCBBAAXXXXXXXXXXXXA
30008C8EDDCCBBAAXXXXXXXXXXXXA
30008C8FDDCCBBAAXXXXXXXXXXXXA
30008C90DDCCBBAAXXXXXXXXXXXXA
30008C91DDCCBBAAXXXXXXXXXXXXA
30008C92DDCCBBAAXXXXXXXXXXXXA
30008C93DDCCBBAAXXXXXXXXXXXXA
30008C94DDCCBBAAXXXXXXXXXXXXA
30008C96DDCCBBAAXXXXXXXXXXXXA
30008C97DDCCBBAAXXXXXXXXXXXXA
30008C98DDCCBBAAXXXXXXXXXXXXA
30008C99DDCCBBAAXXXXXXXXXXXXA
30008C9ADDCCBBAAXXXXXXXXXXXXA
30008C9BDDCCBBAAXXXXXXXXXXXXA
30008C9CDDCCBBAAXXXXXXXXXXXXA
30008C9EDDCCBBAAXXXXXXXXXXXXA
30008C9FDDCCBBAAXXXXXXXXXXXXA
30008CA8DDCCBBAAXXXXXXXXXXXXA
30008CA9DDCCBBAAXXXXXXXXXXXXA
30008CAADDCCBBAAXXXXXXXXXXXXA
30008CABDDCCBBAAXXXXXXXXXXXXA
30008CACDDCCBBAAXXXXXXXXXXXXA
30008CAEDDCCBBAAXXXXXXXXXXXXA
30008CAFDDCCBBAAXXXXXXXXXXXXA
30008CB0DDCCBBAAXXXXXXXXXXXXA
30008CB1DDCCBBAAXXXXXXXXXXXXA
30008CB2DDCCBBAAXXXXXXXXXXXXA
30008CB3DDCCBBAAXXXXXXXXXXXXA
30008CB4DDCCBBAAXXXXXXXXXXXXA
30008CB6DDCCBBAAXXXXXXXXXXXXA
30008CB7DDCCBBAAXXXXXXXXXXXXA
30008CB8DDCCBBAAXXXXXXXXXXXXA
30008CB9DDCCBBAAXXXXXXXXXXXXA
30008CBADDCCBBAAXXXXXXXXXXXXA
30008CBBDDCCBBAAXXXXXXXXXXXXA
30008CBCDDCCBBAAXXXXXXXXXXXXA
30008CBEDDCCBBAAXXXXXXXXXXXXA
30008CBFDDCCBBAAXXXXXXXXXXXXA
30008CC0DDCCBBAAXXXXXXXXXXXXA
30008CC1DDCCBBAAXXXXXXXXXXXXA
30008CC2DDCCBBAAXXXXXXXXXXXXA
30008CC3DDCCBBAAXXXXXXXXXXXXA
30008CC4DDCCBBAAXXXXXXXXXXXXA
30008CC6DDCCBBAAXXXXXXXXXXXXA
30008CC7DDCCBBAAXXXXXXXXXXXXA
30008CC8DDCCBBAAXXXXXXXXXXXXA
30008CC9DDCCBBAAXXXXXXXXXXXXA
30008CCADDCCBBAAXXXXXXXXXXXXA
30008CCBDDCCBBAAXXXXXXXXXXXXA
30008CCCDDCCBBAAXXXXXXXXXXXXA
30008CCEDDCCBBAAXXXXXXXXXXXXA
30008CCFDDCCBBAAXXXXXXXXXXXXA
30008CD0DDCCBBAAXXXXXXXXXXXXA
30008CD1DDCCBBAAXXXXXXXXXXXXA
30008CD2DDCCBBAAXXXXXXXXXXXXA
30008CD3DDCCBBAAXXXXXXXXXXXXA
30008CD4DDCCBBAAXXXXXXXXXXXXA
30008CD6DDCCBBAAXXXXXXXXXXXXA
30008CD7DDCCBBAAXXXXXXXXXXXXA
30008CD8DDCCBBAAXXXXXXXXXXXXA
30008CD9DDCCBBAAXXXXXXXXXXXXA
30008CDADDCCBBAAXXXXXXXXXXXXA
30008CDBDDCCBBAAXXXXXXXXXXXXA
30008CDCDDCCBBAAXXXXXXXXXXXXA
30008CDEDDCCBBAAXXXXXXXXXXXXA
30008CDFDDCCBBAAXXXXXXXXXXXXA
30008CE8DDCCBBAAXXXXXXXXXXXXA
30008CE9DDCCBBAAXXXXXXXXXXXXA
30008CEADDCCBBAAXXXXXXXXXXXXA
30008CEBDDCCBBAAXXXXXXXXXXXXA
30008CECDDCCBBAAXXXXXXXXXXXXA
30008CEEDDCCBBAAXXXXXXXXXXXXA
30008CEFDDCCBBAAXXXXXXXXXXXXA
30008CF0DDCCBBAAXXXXXXXXXXXXA
30008CF1DDCCBBAAXXXXXXXXXXXXA
30008CF2DDCCBBAAXXXXXXXXXXXXA
30008CF3DDCCBBAAXXXXXXXXXXXXA
30008CF4DDCCBBAAXXXXXXXXXXXXA
30008CF6DDCCBBAAXXXXXXXXXXXXA
30008CF7DDCCBBAAXXXXXXXXXXXXA
30008CF8DDCCBBAAXXXXXXXXXXXXA
30008CF9DDCCBBAAXXXXXXXXXXXXA
30008CFADDCCBBAAXXXXXXXXXXXXA
30008CFBDDCCBBAAXXXXXXXXXXXXA
30008CFCDDCCBBAAXXXXXXXXXXXXA
30008CFEDDCCBBAAXXXXXXXXXXXXA
30008CFFDDCCBBAAXXXXXXXXXXXXA
30008DXXDDCCBBAAXXXXXXXXXXXX9
30008EXXDDCCBBAAXXXXXXXXXXXX9
30008FXXDDCCBBAAXXXXXXXXXXXX9
300090XXDDCCBBAAXXXXXXXXXXXX9
300091XXDDCCBBAAXXXXXXXXXXXX9
300092XXDDCCBBAAXXXXXXXXXXXX9
300093XXDDCCBBAAXXXXXXXXXXXX9
300094XXDDCCBBAAXXXXXXXXXXXXA
30009401DDCCBBAAXXXXXXXXXXXXA
30009402DDCCBBAAXXXXXXXXXXXXA
30009403DDCCBBAAXXXXXXXXXXXXA
30009404DDCCBBAAXXXXXXXXXXXXA
30009406DDCCBBAAXXXXXXXXXXXXA
30009407DDCCBBAAXXXXXXXXXXXXA
30009408DDCCBBAAXXXXXXXXXXXXA
30009409DDCCBBAAXXXXXXXXXXXXA
3000940ADDCCBBAAXXXXXXXXXXXXA
3000940BDDCCBBAAXXXXXXXXXXXXA
3000940CDDCCBBAAXXXXXXXXXXXXA
3000940EDDCCBBAAXXXXXXXXXXXXA
3000940FDDCCBBAAXXXXXXXXXXXXA
30009410DDCCBBAAXXXXXXXXXXXXA
30009411DDCCBBAAXXXXXXXXXXXXA
30009412DDCCBBAAXXXXXXXXXXXXA
30009413DDCCBBAAXXXXXXXXXXXXA
30009414DDCCBBAAXXXXXXXXXXXXA
30009416DDCCBBAAXXXXXXXXXXXXA
30009417DDCCBBAAXXXXXXXXXXXXA
30009418DDCCBBAAXXXXXXXXXXXXA
30009419DDCCBBAAXXXXXXXXXXXXA
3000941ADDCCBBAAXXXXXXXXXXXXA
3000941BDDCCBBAAXXXXXXXXXXXXA
3000941CDDCCBBAAXXXXXXXXXXXXA
3000941EDDCCBBAAXXXXXXXXXXXXA
3000941FDDCCBBAAXXXXXXXXXXXXA
30009428DDCCBBAAXXXXXXXXXXXXA
30009429DDCCBBAAXXXXXXXXXXXXA
3000942ADDCCBBAAXXXXXXXXXXXXA
3000942BDDCCBBAAXXXXXXXXXXXXA
3000942CDDCCBBAAXXXXXXXXXXXXA
3000942EDDCCBBAAXXXXXXXXXXXXA
3000942FDDCCBBAAXXXXXXXXXXXXA
30009430DDCCBBAAXXXXXXXXXXXXA
30009431DDCCBBAAXXXXXXXXXXXXA
30009432DDCCBBAAXXXXXXXXXXXXA
30009433DDCCBBAAXXXXXXXXXXXXA
30009434DDCCBBAAXXXXXXXXXXXXA
30009436DDCCBBAAXXXXXXXXXXXXA
30009437DDCCBBAAXXXXXXXXXXXXA
30009438DDCCBBAAXXXXXXXXXXXXA
30009439DDCCBBAAXXXXXXXXXXXXA
3000943ADDCCBBAAXXXXXXXXXXXXA
3000943BDDCCBBAAXXXXXXXXXXXXA
3000943CDDCCBBAAXXXXXXXXXXXXA
3000943EDDCCBBAAXXXXXXXXXXXXA
3000943FDDCCBBAAXXXXXXXXXXXXA
30009440DDCCBBAAXXXXXXXXXXXXA
30009441DDCCBBAAXXXXXXXXXXXXA
30009442DDCCBBAAXXXXXXXXXXXXA
30009443DDCCBBAAXXXXXXXXXXXXA
30009444DDCCBBAAXXXXXXXXXXXXA
30009446DDCCBBAAXXXXXXXXXXXXA
30009447DDCCBBAAXXXXXXXXXXXXA
30009448DDCCBBAAXXXXXXXXXXXXA
30009449DDCCBBAAXXXXXXXXXXXXA
3000944ADDCCBBAAXXXXXXXXXXXXA
3000944BDDCCBBAAXXXXXXXXXXXXA
3000944CDDCCBBAAXXXXXXXXXXXXA
3000944EDDCCBBAAXXXXXXXXXXXXA
3000944FDDCCBBAAXXXXXXXXXXXXA
30009450DDCCBBAAXXXXXXXXXXXXA
30009451DDCCBBAAXXXXXXXXXXXXA
30009452DDCCBBAAXXXXXXXXXXXXA
30009453DDCCBBAAXXXXXXXXXXXXA
30009454DDCCBBAAXXXXXXXXXXXXA
30009456DDCCBBAAXXXXXXXXXXXXA
30009457DDCCBBAAXXXXXXXXXXXXA
30009458DDCCBBAAXXXXXXXXXXXXA
30009459DDCCBBAAXXXXXXXXXXXXA
3000945ADDCCBBAAXXXXXXXXXXXXA
3000945BDDCCBBAAXXXXXXXXXXXXA
3000945CDDCCBBAAXXXXXXXXXXXXA
3000945EDDCCBBAAXXXXXXXXXXXXA
3000945FDDCCBBAAXXXXXXXXXXXXA
30009468DDCCBBAAXXXXXXXXXXXXA
30009469DDCCBBAAXXXXXXXXXXXXA
3000946ADDCCBBAAXXXXXXXXXXXXA
3000946BDDCCBBAAXXXXXXXXXXXXA
3000946CDDCCBBAAXXXXXXXXXXXXA
3000946EDDCCBBAAXXXXXXXXXXXXA
3000946FDDCCBBAAXXXXXXXXXXXXA
30009470DDCCBBAAXXXXXXXXXXXXA
30009471DDCCBBAAXXXXXXXXXXXXA
30009472DDCCBBAAXXXXXXXXXXXXA
30009473DDCCBBAAXXXXXXXXXXXXA
30009474DDCCBBAAXXXXXXXXXXXXA
30009476DDCCBBAAXXXXXXXXXXXXA
30009477DDCCBBAAXXXXXXXXXXXXA
30009478DDCCBBAAXXXXXXXXXXXXA
30009479DDCCBBAAXXXXXXXXXXXXA
3000947ADDCCBBAAXXXXXXXXXXXXA
3000947BDDCCBBAAXXXXXXXXXXXXA
3000947CDDCCBBAAXXXXXXXXXXXXA
3000947EDDCCBBAAXXXXXXXXXXXXA
3000947FDDCCBBAAXXXXXXXXXXXXA
30009480DDCCBBAAXXXXXXXXXXXXA
30009481DDCCBBAAXXXXXXXXXXXXA
30009482DDCCBBAAXXXXXXXXXXXXA
30009483DDCCBBAAXXXXXXXXXXXXA
30009484DDCCBBAAXXXXXXXXXXXXA
30009486DDCCBBAAXXXXXXXXXXXXA
30009487DDCCBBAAXXXXXXXXXXXXA
30009488DDCCBBAAXXXXXXXXXXXXA
30009489DDCCBBAAXXXXXXXXXXXXA
3000948ADDCCBBAAXXXXXXXXXXXXA
3000948BDDCCBBAAXXXXXXXXXXXXA
3000948CDDCCBBAAXXXXXXXXXXXXA
3000948EDDCCBBAAXXXXXXXXXXXXA
3000948FDDCCBBAAXXXXXXXXXXXXA
30009490DDCCBBAAXXXXXXXXXXXXA
30009491DDCCBBAAXXXXXXXXXXXXA
30009492DDCCBBAAXXXXXXXXXXXXA
30009493DDCCBBAAXXXXXXXXXXXXA
30009494DDCCBBAAXXXXXXXXXXXXA
30009496DDCCBBAAXXXXXXXXXXXXA
30009497DDCCBBAAXXXXXXXXXXXXA
30009498DDCCBBAAXXXXXXXXXXXXA
30009499DDCCBBAAXXXXXXXXXXXXA
3000949ADDCCBBAAXXXXXXXXXXXXA
3000949BDDCCBBAAXXXXXXXXXXXXA
3000949CDDCCBBAAXXXXXXXXXXXXA
3000949EDDCCBBAAXXXXXXXXXXXXA
3000949FDDCCBBAAXXXXXXXXXXXXA
300094A8DDCCBBAAXXXXXXXXXXXXA
300094A9DDCCBBAAXXXXXXXXXXXXA
300094AADDCCBBAAXXXXXXXXXXXXA
300094ABDDCCBBAAXXXXXXXXXXXXA
300094ACDDCCBBAAXXXXXXXXXXXXA
300094AEDDCCBBAAXXXXXXXXXXXXA
300094AFDDCCBBAAXXXXXXXXXXXXA
300094B0DDCCBBAAXXXXXXXXXXXXA
300094B1DDCCBBAAXXXXXXXXXXXXA
300094B2DDCCBBAAXXXXXXXXXXXXA
300094B3DDCCBBAAXXXXXXXXXXXXA
300094B4DDCCBBAAXXXXXXXXXXXXA
300094B6DDCCBBAAXXXXXXXXXXXXA
300094B7DDCCBBAAXXXXXXXXXXXXA
300094B8DDCCBBAAXXXXXXXXXXXXA
300094B9DDCCBBAAXXXXXXXXXXXXA
300094BADDCCBBAAXXXXXXXXXXXXA
300094BBDDCCBBAAXXXXXXXXXXXXA
300094BCDDCCBBAAXXXXXXXXXXXXA
300094BEDDCCBBAAXXXXXXXXXXXXA
300094BFDDCCBBAAXXXXXXXXXXXXA
300094C0DDCCBBAAXXXXXXXXXXXXA
300094C1DDCCBBAAXXXXXXXXXXXXA
300094C2DDCCBBAAXXXXXXXXXXXXA
300094C3DDCCBBAAXXXXXXXXXXXXA
300094C4DDCCBBAAXXXXXXXXXXXXA
300094C6DDCCBBAAXXXXXXXXXXXXA
300094C7DDCCBBAAXXXXXXXXXXXXA
300094C8DDCCBBAAXXXXXXXXXXXXA
300094C9DDCCBBAAXXXXXXXXXXXXA
300094CADDCCBBAAXXXXXXXXXXXXA
300094CBDDCCBBAAXXXXXXXXXXXXA
300094CCDDCCBBAAXXXXXXXXXXXXA
300094CEDDCCBBAAXXXXXXXXXXXXA
300094CFDDCCBBAAXXXXXXXXXXXXA
300094D0DDCCBBAAXXXXXXXXXXXXA
300094D1DDCCBBAAXXXXXXXXXXXXA
300094D2DDCCBBAAXXXXXXXXXXXXA
300094D3DDCCBBAAXXXXXXXXXXXXA
300094D4DDCCBBAAXXXXXXXXXXXXA
300094D6DDCCBBAAXXXXXXXXXXXXA
300094D7DDCCBBAAXXXXXXXXXXXXA
300094D8DDCCBBAAXXXXXXXXXXXXA
300094D9DDCCBBAAXXXXXXXXXXXXA
300094DADDCCBBAAXXXXXXXXXXXXA
300094DBDDCCBBAAXXXXXXXXXXXXA
300094DCDDCCBBAAXXXXXXXXXXXXA
300094DEDDCCBBAAXXXXXXXXXXXXA
300094DFDDCCBBAAXXXXXXXXXXXXA
300094E8DDCCBBAAXXXXXXXXXXXXA
300094E9DDCCBBAAXXXXXXXXXXXXA
300094EADDCCBBAAXXXXXXXXXXXXA
300094EBDDCCBBAAXXXXXXXXXXXXA
300094ECDDCCBBAAXXXXXXXXXXXXA
300094EEDDCCBBAAXXXXXXXXXXXXA
300094EFDDCCBBAAXXXXXXXXXXXXA
300094F0DDCCBBAAXXXXXXXXXXXXA
300094F1DDCCBBAAXXXXXXXXXXXXA
300094F2DDCCBBAAXXXXXXXXXXXXA
300094F3DDCCBBAAXXXXXXXXXXXXA
300094F4DDCCBBAAXXXXXXXXXXXXA
300094F6DDCCBBAAXXXXXXXXXXXXA
300094F7DDCCBBAAXXXXXXXXXXXXA
300094F8DDCCBBAAXXXXXXXXXXXXA
300094F9DDCCBBAAXXXXXXXXXXXXA
300094FADDCCBBAAXXXXXXXXXXXXA
300094FBDDCCBBAAXXXXXXXXXXXXA
300094FCDDCCBBAAXXXXXXXXXXXXA
300094FEDDCCBBAAXXXXXXXXXXXXA
300094FFDDCCBBAAXXXXXXXXXXXXA
300095XXDDCCBBAAXXXXXXXXXXXX9
300096XXDDCCBBAAXXXXXXXXXXXX9
300097XXDDCCBBAAXXXXXXXXXXXX9
300098XXDDCCBBAAXXXXXXXXXXXX9
300099XXDDCCBBAAXXXXXXXXXXXX9
30009AXXDDCCBBAAXXXXXXXXXXXX9
30009BXXDDCCBBAAXXXXXXXXXXXX9
30009CXXDDCCBBAAXXXXXXXXXXXXA
30009C01DDCCBBAAXXXXXXXXXXXXA
30009C02DDCCBBAAXXXXXXXXXXXXA
30009C03DDCCBBAAXXXXXXXXXXXXA
30009C04DDCCBBAAXXXXXXXXXXXXA
30009C06DDCCBBAAXXXXXXXXXXXXA
30009C07DDCCBBAAXXXXXXXXXXXXA
30009C08DDCCBBAAXXXXXXXXXXXXA
30009C09DDCCBBAAXXXXXXXXXXXXA
30009C0ADDCCBBAAXXXXXXXXXXXXA
30009C0BDDCCBBAAXXXXXXXXXXXXA
30009C0CDDCCBBAAXXXXXXXXXXXXA
30009C0EDDCCBBAAXXXXXXXXXXXXA
30009C0FDDCCBBAAXXXXXXXXXXXXA
30009C10DDCCBBAAXXXXXXXXXXXXA
30009C11DDCCBBAAXXXXXXXXXXXXA
30009C12DDCCBBAAXXXXXXXXXXXXA
30009C13DDCCBBAAXXXXXXXXXXXXA
30009C14DDCCBBAAXXXXXXXXXXXXA
30009C16DDCCBBAAXXXXXXXXXXXXA
30009C17DDCCBBAAXXXXXXXXXXXXA
30009C18DDCCBBAAXXXXXXXXXXXXA
30009C19DDCCBBAAXXXXXXXXXXXXA
30009C1ADDCCBBAAXXXXXXXXXXXXA
30009C1BDDCCBBAAXXXXXXXXXXXXA
30009C1CDDCCBBAAXXXXXXXXXXXXA
30009C1EDDCCBBAAXXXXXXXXXXXXA
30009C1FDDCCBBAAXXXXXXXXXXXXA
30009C28DDCCBBAAXXXXXXXXXXXXA
30009C29DDCCBBAAXXXXXXXXXXXXA
30009C2ADDCCBBAAXXXXXXXXXXXXA
30009C2BDDCCBBAAXXXXXXXXXXXXA
30009C2CDDCCBBAAXXXXXXXXXXXXA
30009C2EDDCCBBAAXXXXXXXXXXXXA
30009C2FDDCCBBAAXXXXXXXXXXXXA
30009C30DDCCBBAAXXXXXXXXXXXXA
30009C31DDCCBBAAXXXXXXXXXXXXA
30009C32DDCCBBAAXXXXXXXXXXXXA
30009C33DDCCBBAAXXXXXXXXXXXXA
30009C34DDCCBBAAXXXXXXXXXXXXA
30009C36DDCCBBAAXXXXXXXXXXXXA
30009C37DDCCBBAAXXXXXXXXXXXXA
30009C38DDCCBBAAXXXXXXXXXXXXA
30009C39DDCCBBAAXXXXXXXXXXXXA
30009C3ADDCCBBAAXXXXXXXXXXXXA
30009C3BDDCCBBAAXXXXXXXXXXXXA
30009C3CDDCCBBAAXXXXXXXXXXXXA
30009C3EDDCCBBAAXXXXXXXXXXXXA
30009C3FDDCCBBAAXXXXXXXXXXXXA
30009C40DDCCBBAAXXXXXXXXXXXXA
30009C41DDCCBBAAXXXXXXXXXXXXA
30009C42DDCCBBAAXXXXXXXXXXXXA
30009C43DDCCBBAAXXXXXXXXXXXXA
30009C44DDCCBBAAXXXXXXXXXXXXA
30009C46DDCCBBAAXXXXXXXXXXXXA
30009C47DDCCBBAAXXXXXXXXXXXXA
30009C48DDCCBBAAXXXXXXXXXXXXA
30009C49DDCCBBAAXXXXXXXXXXXXA
30009C4ADDCCBBAAXXXXXXXXXXXXA
30009C4BDDCCBBAAXXXXXXXXXXXXA
30009C4CDDCCBBAAXXXXXXXXXXXXA
30009C4EDDCCBBAAXXXXXXXXXXXXA
30009C4FDDCCBBAAXXXXXXXXXXXXA
30009C50DDCCBBAAXXXXXXXXXXXXA
30009C51DDCCBBAAXXXXXXXXXXXXA
30009C52DDCCBBAAXXXXXXXXXXXXA
30009C53DDCCBBAAXXXXXXXXXXXXA
30009C54DDCCBBAAXXXXXXXXXXXXA
30009C56DDCCBBAAXXXXXXXXXXXXA
30009C57DDCCBBAAXXXXXXXXXXXXA
30009C58DDCCBBAAXXXXXXXXXXXXA
30009C59DDCCBBAAXXXXXXXXXXXXA
30009C5ADDCCBBAAXXXXXXXXXXXXA
30009C5BDDCCBBAAXXXXXXXXXXXXA
30009C5CDDCCBBAAXXXXXXXXXXXXA
30009C5EDDCCBBAAXXXXXXXXXXXXA
30009C5FDDCCBBAAXXXXXXXXXXXXA
30009C68DDCCBBAAXXXXXXXXXXXXA
30009C69DDCCBBAAXXXXXXXXXXXXA
30009C6ADDCCBBAAXXXXXXXXXXXXA
30009C6BDDCCBBAAXXXXXXXXXXXXA
30009C6CDDCCBBAAXXXXXXXXXXXXA
30009C6EDDCCBBAAXXXXXXXXXXXXA
30009C6FDDCCBBAAXXXXXXXXXXXXA
30009C70DDCCBBAAXXXXXXXXXXXXA
30009C71DDCCBBAAXXXXXXXXXXXXA
30009C72DDCCBBAAXXXXXXXXXXXXA
30009C73DDCCBBAAXXXXXXXXXXXXA
30009C74DDCCBBAAXXXXXXXXXXXXA
30009C76DDCCBBAAXXXXXXXXXXXXA
30009C77DDCCBBAAXXXXXXXXXXXXA
30009C78DDCCBBAAXXXXXXXXXXXXA
30009C79DDCCBBAAXXXXXXXXXXXXA
30009C7ADDCCBBAAXXXXXXXXXXXXA
30009C7BDDCCBBAAXXXXXXXXXXXXA
30009C7CDDCCBBAAXXXXXXXXXXXXA
30009C7EDDCCBBAAXXXXXXXXXXXXA
30009C7FDDCCBBAAXXXXXXXXXXXXA
30009C80DDCCBBAAXXXXXXXXXXXXA
30009C81DDCCBBAAXXXXXXXXXXXXA
30009C82DDCCBBAAXXXXXXXXXXXXA
30009C83DDCCBBAAXXXXXXXXXXXXA
30009C84DDCCBBAAXXXXXXXXXXXXA
30009C86DDCCBBAAXXXXXXXXXXXXA
30009C87DDCCBBAAXXXXXXXXXXXXA
30009C88DDCCBBAAXXXXXXXXXXXXA
30009C89DDCCBBAAXXXXXXXXXXXXA
30009C8ADDCCBBAAXXXXXXXXXXXXA
30009C8BDDCCBBAAXXXXXXXXXXXXA
30009C8CDDCCBBAAXXXXXXXXXXXXA
30009C8EDDCCBBAAXXXXXXXXXXXXA
30009C8FDDCCBBAAXXXXXXXXXXXXA
30009C90DDCCBBAAXXXXXXXXXXXXA
30009C91DDCCBBAAXXXXXXXXXXXXA
30009C92DDCCBBAAXXXXXXXXXXXXA
30009C93DDCCBBAAXXXXXXXXXXXXA
30009C94DDCCBBAAXXXXXXXXXXXXA
30009C96DDCCBBAAXXXXXXXXXXXXA
30009C97DDCCBBAAXXXXXXXXXXXXA
30009C98DDCCBBAAXXXXXXXXXXXXA
30009C99DDCCBBAAXXXXXXXXXXXXA
30009C9ADDCCBBAAXXXXXXXXXXXXA
30009C9BDDCCBBAAXXXXXXXXXXXXA
30009C9CDDCCBBAAXXXXXXXXXXXXA
30009C9EDDCCBBAAXXXXXXXXXXXXA
30009C9FDDCCBBAAXXXXXXXXXXXXA
30009CA8DDCCBBAAXXXXXXXXXXXXA
30009CA9DDCCBBAAXXXXXXXXXXXXA
30009CAADDCCBBAAXXXXXXXXXXXXA
30009CABDDCCBBAAXXXXXXXXXXXXA
30009CACDDCCBBAAXXXXXXXXXXXXA
30009CAEDDCCBBAAXXXXXXXXXXXXA
30009CAFDDCCBBAAXXXXXXXXXXXXA
30009CB0DDCCBBAAXXXXXXXXXXXXA
30009CB1DDCCBBAAXXXXXXXXXXXXA
30009CB2DDCCBBAAXXXXXXXXXXXXA
30009CB3DDCCBBAAXXXXXXXXXXXXA
30009CB4DDCCBBAAXXXXXXXXXXXXA
30009CB6DDCCBBAAXXXXXXXXXXXXA
30009CB7DDCCBBAAXXXXXXXXXXXXA
30009CB8DDCCBBAAXXXXXXXXXXXXA
30009CB9DDCCBBAAXXXXXXXXXXXXA
30009CBADDCCBBAAXXXXXXXXXXXXA
30009CBBDDCCBBAAXXXXXXXXXXXXA
30009CBCDDCCBBAAXXXXXXXXXXXXA
30009CBEDDCCBBAAXXXXXXXXXXXXA
30009CBFDDCCBBAAXXXXXXXXXXXXA
30009CC0DDCCBBAAXXXXXXXXXXXXA
30009CC1DDCCBBAAXXXXXXXXXXXXA
30009CC2DDCCBBAAXXXXXXXXXXXXA
30009CC3DDCCBBAAXXXXXXXXXXXXA
30009CC4DDCCBBAAXXXXXXXXXXXXA
30009CC6DDCCBBAAXXXXXXXXXXXXA
30009CC7DDCCBBAAXXXXXXXXXXXXA
30009CC8DDCCBBAAXXXXXXXXXXXXA
30009CC9DDCCBBAAXXXXXXXXXXXXA
30009CCADDCCBBAAXXXXXXXXXXXXA
30009CCBDDCCBBAAXXXXXXXXXXXXA
30009CCCDDCCBBAAXXXXXXXXXXXXA
30009CCEDDCCBBAAXXXXXXXXXXXXA
30009CCFDDCCBBAAXXXXXXXXXXXXA
30009CD0DDCCBBAAXXXXXXXXXXXXA
30009CD1DDCCBBAAXXXXXXXXXXXXA
30009CD2DDCCBBAAXXXXXXXXXXXXA
30009CD3DDCCBBAAXXXXXXXXXXXXA
30009CD4DDCCBBAAXXXXXXXXXXXXA
30009CD6DDCCBBAAXXXXXXXXXXXXA
30009CD7DDCCBBAAXXXXXXXXXXXXA
30009CD8DDCCBBAAXXXXXXXXXXXXA
30009CD9DDCCBBAAXXXXXXXXXXXXA
30009CDADDCCBBAAXXXXXXXXXXXXA
30009CDBDDCCBBAAXXXXXXXXXXXXA
30009CDCDDCCBBAAXXXXXXXXXXXXA
30009CDEDDCCBBAAXXXXXXXXXXXXA
30009CDFDDCCBBAAXXXXXXXXXXXXA
30009CE8DDCCBBAAXXXXXXXXXXXXA
30009CE9DDCCBBAAXXXXXXXXXXXXA
30009CEADDCCBBAAXXXXXXXXXXXXA
30009CEBDDCCBBAAXXXXXXXXXXXXA
30009CECDDCCBBAAXXXXXXXXXXXXA
30009CEEDDCCBBAAXXXXXXXXXXXXA
30009CEFDDCCBBAAXXXXXXXXXXXXA
30009CF0DDCCBBAAXXXXXXXXXXXXA
30009CF1DDCCBBAAXXXXXXXXXXXXA
30009CF2DDCCBBAAXXXXXXXXXXXXA
30009CF3DDCCBBAAXXXXXXXXXXXXA
30009CF4DDCCBBAAXXXXXXXXXXXXA
30009CF6DDCCBBAAXXXXXXXXXXXXA
30009CF7DDCCBBAAXXXXXXXXXXXXA
30009CF8DDCCBBAAXXXXXXXXXXXXA
30009CF9DDCCBBAAXXXXXXXXXXXXA
30009CFADDCCBBAAXXXXXXXXXXXXA
30009CFBDDCCBBAAXXXXXXXXXXXXA
30009CFCDDCCBBAAXXXXXXXXXXXXA
30009CFEDDCCBBAAXXXXXXXXXXXXA
30009CFFDDCCBBAAXXXXXXXXXXXXA
30009DXXDDCCBBAAXXXXXXXXXXXX9
30009EXXDDCCBBAAXXXXXXXXXXXX9
30009FXXDDCCBBAAXXXXXXXXXXXX9
3000A0XXDDCCBBAAXXXXXXXXXXXX9
3000A1XXDDCCBBAAXXXXXXXXXXXX9
3000A2XXDDCCBBAAXXXXXXXXXXXX9
3000A3XXDDCCBBAAXXXXXXXXXXXX9
3000A4XXDDCCBBAAXXXXXXXXXXXXA
3000A401DDCCBBAAXXXXXXXXXXXXA
3000A402DDCCBBAAXXXXXXXXXXXXA
3000A403DDCCBBAAXXXXXXXXXXXXA
3000A404DDCCBBAAXXXXXXXXXXXXA
3000A406DDCCBBAAXXXXXXXXXXXXA
3000A407DDCCBBAAXXXXXXXXXXXXA
3000A408DDCCBBAAXXXXXXXXXXXXA
3000A409DDCCBBAAXXXXXXXXXXXXA
3000A40ADDCCBBAAXXXXXXXXXXXXA
3000A40BDDCCBBAAXXXXXXXXXXXXA
3000A40CDDCCBBAAXXXXXXXXXXXXA
3000A40EDDCCBBAAXXXXXXXXXXXXA
3000A40FDDCCBBAAXXXXXXXXXXXXA
3000A410DDCCBBAAXXXXXXXXXXXXA
3000A411DDCCBBAAXXXXXXXXXXXXA
3000A412DDCCBBAAXXXXXXXXXXXXA
3000A413DDCCBBAAXXXXXXXXXXXXA
3000A414DDCCBBAAXXXXXXXXXXXXA
3000A416DDCCBBAAXXXXXXXXXXXXA
3000A417DDCCBBAAXXXXXXXXXXXXA
3000A418DDCCBBAAXXXXXXXXXXXXA
3000A419DDCCBBAAXXXXXXXXXXXXA
3000A41ADDCCBBAAXXXXXXXXXXXXA
3000A41BDDCCBBAAXXXXXXXXXXXXA
3000A41CDDCCBBAAXXXXXXXXXXXXA
3000A41EDDCCBBAAXXXXXXXXXXXXA
3000A41FDDCCBBAAXXXXXXXXXXXXA
3000A428DDCCBBAAXXXXXXXXXXXXA
3000A429DDCCBBAAXXXXXXXXXXXXA
3000A42ADDCCBBAAXXXXXXXXXXXXA
3000A42BDDCCBBAAXXXXXXXXXXXXA
3000A42CDDCCBBAAXXXXXXXXXXXXA
3000A42EDDCCBBAAXXXXXXXXXXXXA
3000A42FDDCCBBAAXXXXXXXXXXXXA
3000A430DDCCBBAAXXXXXXXXXXXXA
3000A431DDCCBBAAXXXXXXXXXXXXA
3000A432DDCCBBAAXXXXXXXXXXXXA
3000A433DDCCBBAAXXXXXXXXXXXXA
3000A434DDCCBBAAXXXXXXXXXXXXA
3000A436DDCCBBAAXXXXXXXXXXXXA
3000A437DDCCBBAAXXXXXXXXXXXXA
3000A438DDCCBBAAXXXXXXXXXXXXA
3000A439DDCCBBAAXXXXXXXXXXXXA
3000A43ADDCCBBAAXXXXXXXXXXXXA
3000A43BDDCCBBAAXXXXXXXXXXXXA
3000A43CDDCCBBAAXXXXXXXXXXXXA
3000A43EDDCCBBAAXXXXXXXXXXXXA
3000A43FDDCCBBAAXXXXXXXXXXXXA
3000A440DDCCBBAAXXXXXXXXXXXXA
3000A441DDCCBBAAXXXXXXXXXXXXA
3000A442DDCCBBAAXXXXXXXXXXXXA
3000A443DDCCBBAAXXXXXXXXXXXXA
3000A444DDCCBBAAXXXXXXXXXXXXA
3000A446DDCCBBAAXXXXXXXXXXXXA
3000A447DDCCBBAAXXXXXXXXXXXXA
3000A448DDCCBBAAXXXXXXXXXXXXA
3000A449DDCCBBAAXXXXXXXXXXXXA
3000A44ADDCCBBAAXXXXXXXXXXXXA
3000A44BDDCCBBAAXXXXXXXXXXXXA
3000A44CDDCCBBAAXXXXXXXXXXXXA
3000A44EDDCCBBAAXXXXXXXXXXXXA
3000A44FDDCCBBAAXXXXXXXXXXXXA
3000A450DDCCBBAAXXXXXXXXXXXXA
3000A451DDCCBBAAXXXXXXXXXXXXA
3000A452DDCCBBAAXXXXXXXXXXXXA
3000A453DDCCBBAAXXXXXXXXXXXXA
3000A454DDCCBBAAXXXXXXXXXXXXA
3000A456DDCCBBAAXXXXXXXXXXXXA
3000A457DDCCBBAAXXXXXXXXXXXXA
3000A458DDCCBBAAXXXXXXXXXXXXA
3000A459DDCCBBAAXXXXXXXXXXXXA
3000A45ADDCCBBAAXXXXXXXXXXXXA
3000A45BDDCCBBAAXXXXXXXXXXXXA
3000A45CDDCCBBAAXXXXXXXXXXXXA
3000A45EDDCCBBAAXXXXXXXXXXXXA
3000A45FDDCCBBAAXXXXXXXXXXXXA
3000A468DDCCBBAAXXXXXXXXXXXXA
3000A469DDCCBBAAXXXXXXXXXXXXA
3000A46ADDCCBBAAXXXXXXXXXXXXA
3000A46BDDCCBBAAXXXXXXXXXXXXA
3000A46CDDCCBBAAXXXXXXXXXXXXA
3000A46EDDCCBBAAXXXXXXXXXXXXA
3000A46FDDCCBBAAXXXXXXXXXXXXA
3000A470DDCCBBAAXXXXXXXXXXXXA
3000A471DDCCBBAAXXXXXXXXXXXXA
3000A472DDCCBBAAXXXXXXXXXXXXA
3000A473DDCCBBAAXXXXXXXXXXXXA
3000A474DDCCBBAAXXXXXXXXXXXXA
3000A476DDCCBBAAXXXXXXXXXXXXA
3000A477DDCCBBAAXXXXXXXXXXXXA
3000A478DDCCBBAAXXXXXXXXXXXXA
3000A479DDCCBBAAXXXXXXXXXXXXA
3000A47ADDCCBBAAXXXXXXXXXXXXA
3000A47BDDCCBBAAXXXXXXXXXXXXA
3000A47CDDCCBBAAXXXXXXXXXXXXA
3000A47EDDCCBBAAXXXXXXXXXXXXA
3000A47FDDCCBBAAXXXXXXXXXXXXA
3000A480DDCCBBAAXXXXXXXXXXXXA
3000A481DDCCBBAAXXXXXXXXXXXXA
3000A482DDCCBBAAXXXXXXXXXXXXA
3000A483DDCCBBAAXXXXXXXXXXXXA
3000A484DDCCBBAAXXXXXXXXXXXXA
3000A486DDCCBBAAXXXXXXXXXXXXA
3000A487DDCCBBAAXXXXXXXXXXXXA
3000A488DDCCBBAAXXXXXXXXXXXXA
3000A489DDCCBBAAXXXXXXXXXXXXA
3000A48ADDCCBBAAXXXXXXXXXXXXA
3000A48BDDCCBBAAXXXXXXXXXXXXA
3000A48CDDCCBBAAXXXXXXXXXXXXA
3000A48EDDCCBBAAXXXXXXXXXXXXA
3000A48FDDCCBBAAXXXXXXXXXXXXA
3000A490DDCCBBAAXXXXXXXXXXXXA
3000A491DDCCBBAAXXXXXXXXXXXXA
3000A492DDCCBBAAXXXXXXXXXXXXA
3000A493DDCCBBAAXXXXXXXXXXXXA
3000A494DDCCBBAAXXXXXXXXXXXXA
3000A496DDCCBBAAXXXXXXXXXXXXA
3000A497DDCCBBAAXXXXXXXXXXXXA
3000A498DDCCBBAAXXXXXXXXXXXXA
3000A499DDCCBBAAXXXXXXXXXXXXA
3000A49ADDCCBBAAXXXXXXXXXXXXA
3000A49BDDCCBBAAXXXXXXXXXXXXA
3000A49CDDCCBBAAXXXXXXXXXXXXA
3000A49EDDCCBBAAXXXXXXXXXXXXA
3000A49FDDCCBBAAXXXXXXXXXXXXA
3000A4A8DDCCBBAAXXXXXXXXXXXXA
3000A4A9DDCCBBAAXXXXXXXXXXXXA
3000A4AADDCCBBAAXXXXXXXXXXXXA
3000A4ABDDCCBBAAXXXXXXXXXXXXA
3000A4ACDDCCBBAAXXXXXXXXXXXXA
3000A4AEDDCCBBAAXXXXXXXXXXXXA
3000A4AFDDCCBBAAXXXXXXXXXXXXA
3000A4B0DDCCBBAAXXXXXXXXXXXXA
3000A4B1DDCCBBAAXXXXXXXXXXXXA
3000A4B2DDCCBBAAXXXXXXXXXXXXA
3000A4B3DDCCBBAAXXXXXXXXXXXXA
3000A4B4DDCCBBAAXXXXXXXXXXXXA
3000A4B6DDCCBBAAXXXXXXXXXXXXA
3000A4B7DDCCBBAAXXXXXXXXXXXXA
3000A4B8DDCCBBAAXXXXXXXXXXXXA
3000A4B9DDCCBBAAXXXXXXXXXXXXA
3000A4BADDCCBBAAXXXXXXXXXXXXA
3000A4BBDDCCBBAAXXXXXXXXXXXXA
3000A4BCDDCCBBAAXXXXXXXXXXXXA
3000A4BEDDCCBBAAXXXXXXXXXXXXA
3000A4BFDDCCBBAAXXXXXXXXXXXXA
3000A4C0DDCCBBAAXXXXXXXXXXXXA
3000A4C1DDCCBBAAXXXXXXXXXXXXA
3000A4C2DDCCBBAAXXXXXXXXXXXXA
3000A4C3DDCCBBAAXXXXXXXXXXXXA
3000A4C4DDCCBBAAXXXXXXXXXXXXA
3000A4C6DDCCBBAAXXXXXXXXXXXXA
3000A4C7DDCCBBAAXXXXXXXXXXXXA
3000A4C8DDCCBBAAXXXXXXXXXXXXA
3000A4C9DDCCBBAAXXXXXXXXXXXXA
3000A4CADDCCBBAAXXXXXXXXXXXXA
3000A4CBDDCCBBAAXXXXXXXXXXXXA
3000A4CCDDCCBBAAXXXXXXXXXXXXA
3000A4CEDDCCBBAAXXXXXXXXXXXXA
3000A4CFDDCCBBAAXXXXXXXXXXXXA
3000A4D0DDCCBBAAXXXXXXXXXXXXA
3000A4D1DDCCBBAAXXXXXXXXXXXXA
3000A4D2DDCCBBAAXXXXXXXXXXXXA
3000A4D3DDCCBBAAXXXXXXXXXXXXA
3000A4D4DDCCBBAAXXXXXXXXXXXXA
3000A4D6DDCCBBAAXXXXXXXXXXXXA
3000A4D7DDCCBBAAXXXXXXXXXXXXA
3000A4D8DDCCBBAAXXXXXXXXXXXXA
3000A4D9DDCCBBAAXXXXXXXXXXXXA
3000A4DADDCCBBAAXXXXXXXXXXXXA
3000A4DBDDCCBBAAXXXXXXXXXXXXA
3000A4DCDDCCBBAAXXXXXXXXXXXXA
3000A4DEDDCCBBAAXXXXXXXXXXXXA
3000A4DFDDCCBBAAXXXXXXXXXXXXA
3000A4E8DDCCBBAAXXXXXXXXXXXXA
3000A4E9DDCCBBAAXXXXXXXXXXXXA
3000A4EADDCCBBAAXXXXXXXXXXXXA
3000A4EBDDCCBBAAXXXXXXXXXXXXA
3000A4ECDDCCBBAAXXXXXXXXXXXXA
3000A4EEDDCCBBAAXXXXXXXXXXXXA
3000A4EFDDCCBBAAXXXXXXXXXXXXA
3000A4F0DDCCBBAAXXXXXXXXXXXXA
3000A4F1DDCCBBAAXXXXXXXXXXXXA
3000A4F2DDCCBBAAXXXXXXXXXXXXA
3000A4F3DDCCBBAAXXXXXXXXXXXXA
3000A4F4DDCCBBAAXXXXXXXXXXXXA
3000A4F6DDCCBBAAXXXXXXXXXXXXA
3000A4F7DDCCBBAAXXXXXXXXXXXXA
3000A4F8DDCCBBAAXXXXXXXXXXXXA
3000A4F9DDCCBBAAXXXXXXXXXXXXA
3000A4FADDCCBBAAXXXXXXXXXXXXA
3000A4FBDDCCBBAAXXXXXXXXXXXXA
3000A4FCDDCCBBAAXXXXXXXXXXXXA
3000A4FEDDCCBBAAXXXXXXXXXXXXA
3000A4FFDDCCBBAAXXXXXXXXXXXXA
3000A5XXDDCCBBAAXXXXXXXXXXXX9
3000A6XXDDCCBBAAXXXXXXXXXXXX9
3000A7XXDDCCBBAAXXXXXXXXXXXX9
3000A8XXDDCCBBAAXXXXXXXXXXXX9
3000A9XXDDCCBBAAXXXXXXXXXXXX9
3000AAXXDDCCBBAAXXXXXXXXXXXX9
3000ABXXDDCCBBAAXXXXXXXXXXXX9
3000ACXXDDCCBBAAXXXXXXXXXXXXA
3000AC01DDCCBBAAXXXXXXXXXXXXA
3000AC02DDCCBBAAXXXXXXXXXXXXA
3000AC03DDCCBBAAXXXXXXXXXXXXA
3000AC04DDCCBBAAXXXXXXXXXXXXA
3000AC06DDCCBBAAXXXXXXXXXXXXA
3000AC07DDCCBBAAXXXXXXXXXXXXA
3000AC08DDCCBBAAXXXXXXXXXXXXA
3000AC09DDCCBBAAXXXXXXXXXXXXA
3000AC0ADDCCBBAAXXXXXXXXXXXXA
3000AC0BDDCCBBAAXXXXXXXXXXXXA
3000AC0CDDCCBBAAXXXXXXXXXXXXA
3000AC0EDDCCBBAAXXXXXXXXXXXXA
3000AC0FDDCCBBAAXXXXXXXXXXXXA
3000AC10DDCCBBAAXXXXXXXXXXXXA
3000AC11DDCCBBAAXXXXXXXXXXXXA
3000AC12DDCCBBAAXXXXXXXXXXXXA
3000AC13DDCCBBAAXXXXXXXXXXXXA
3000AC14DDCCBBAAXXXXXXXXXXXXA
3000AC16DDCCBBAAXXXXXXXXXXXXA
3000AC17DDCCBBAAXXXXXXXXXXXXA
3000AC18DDCCBBAAXXXXXXXXXXXXA
3000AC19DDCCBBAAXXXXXXXXXXXXA
3000AC1ADDCCBBAAXXXXXXXXXXXXA
3000AC1BDDCCBBAAXXXXXXXXXXXXA
3000AC1CDDCCBBAAXXXXXXXXXXXXA
3000AC1EDDCCBBAAXXXXXXXXXXXXA
3000AC1FDDCCBBAAXXXXXXXXXXXXA
3000AC28DDCCBBAAXXXXXXXXXXXXA
3000AC29DDCCBBAAXXXXXXXXXXXXA
3000AC2ADDCCBBAAXXXXXXXXXXXXA
3000AC2BDDCCBBAAXXXXXXXXXXXXA
3000AC2CDDCCBBAAXXXXXXXXXXXXA
3000AC2EDDCCBBAAXXXXXXXXXXXXA
3000AC2FDDCCBBAAXXXXXXXXXXXXA
3000AC30DDCCBBAAXXXXXXXXXXXXA
3000AC31DDCCBBAAXXXXXXXXXXXXA
3000AC32DDCCBBAAXXXXXXXXXXXXA
3000AC33DDCCBBAAXXXXXXXXXXXXA
3000AC34DDCCBBAAXXXXXXXXXXXXA
3000AC36DDCCBBAAXXXXXXXXXXXXA
3000AC37DDCCBBAAXXXXXXXXXXXXA
3000AC38DDCCBBAAXXXXXXXXXXXXA
3000AC39DDCCBBAAXXXXXXXXXXXXA
3000AC3ADDCCBBAAXXXXXXXXXXXXA
3000AC3BDDCCBBAAXXXXXXXXXXXXA
3000AC3CDDCCBBAAXXXXXXXXXXXXA
3000AC3EDDCCBBAAXXXXXXXXXXXXA
3000AC3FDDCCBBAAXXXXXXXXXXXXA
3000AC40DDCCBBAAXXXXXXXXXXXXA
3000AC41DDCCBBAAXXXXXXXXXXXXA
3000AC42DDCCBBAAXXXXXXXXXXXXA
3000AC43DDCCBBAAXXXXXXXXXXXXA
3000AC44DDCCBBAAXXXXXXXXXXXXA
3000AC46DDCCBBAAXXXXXXXXXXXXA
3000AC47DDCCBBAAXXXXXXXXXXXXA
3000AC48DDCCBBAAXXXXXXXXXXXXA
3000AC49DDCCBBAAXXXXXXXXXXXXA
3000AC4ADDCCBBAAXXXXXXXXXXXXA
3000AC4BDDCCBBAAXXXXXXXXXXXXA
3000AC4CDDCCBBAAXXXXXXXXXXXXA
3000AC4EDDCCBBAAXXXXXXXXXXXXA
3000AC4FDDCCBBAAXXXXXXXXXXXXA
3000AC50DDCCBBAAXXXXXXXXXXXXA
3000AC51DDCCBBAAXXXXXXXXXXXXA
3000AC52DDCCBBAAXXXXXXXXXXXXA
3000AC53DDCCBBAAXXXXXXXXXXXXA
3000AC54DDCCBBAAXXXXXXXXXXXXA
3000AC56DDCCBBAAXXXXXXXXXXXXA
3000AC57DDCCBBAAXXXXXXXXXXXXA
3000AC58DDCCBBAAXXXXXXXXXXXXA
3000AC59DDCCBBAAXXXXXXXXXXXXA
3000AC5ADDCCBBAAXXXXXXXXXXXXA
3000AC5BDDCCBBAAXXXXXXXXXXXXA
3000AC5CDDCCBBAAXXXXXXXXXXXXA
3000AC5EDDCCBBAAXXXXXXXXXXXXA
3000AC5FDDCCBBAAXXXXXXXXXXXXA
3000AC68DDCCBBAAXXXXXXXXXXXXA
3000AC69DDCCBBAAXXXXXXXXXXXXA
3000AC6ADDCCBBAAXXXXXXXXXXXXA
3000AC6BDDCCBBAAXXXXXXXXXXXXA
3000AC6CDDCCBBAAXXXXXXXXXXXXA
3000AC6EDDCCBBAAXXXXXXXXXXXXA
3000AC6FDDCCBBAAXXXXXXXXXXXXA
3000AC70DDCCBBAAXXXXXXXXXXXXA
3000AC71DDCCBBAAXXXXXXXXXXXXA
3000AC72DDCCBBAAXXXXXXXXXXXXA
3000AC73DDCCBBAAXXXXXXXXXXXXA
3000AC74DDCCBBAAXXXXXXXXXXXXA
3000AC76DDCCBBAAXXXXXXXXXXXXA
3000AC77DDCCBBAAXXXXXXXXXXXXA
3000AC78DDCCBBAAXXXXXXXXXXXXA
3000AC79DDCCBBAAXXXXXXXXXXXXA
3000AC7ADDCCBBAAXXXXXXXXXXXXA
3000AC7BDDCCBBAAXXXXXXXXXXXXA
3000AC7CDDCCBBAAXXXXXXXXXXXXA
3000AC7EDDCCBBAAXXXXXXXXXXXXA
3000AC7FDDCCBBAAXXXXXXXXXXXXA
3000AC80DDCCBBAAXXXXXXXXXXXXA
3000AC81DDCCBBAAXXXXXXXXXXXXA
3000AC82DDCCBBAAXXXXXXXXXXXXA
3000AC83DDCCBBAAXXXXXXXXXXXXA
3000AC84DDCCBBAAXXXXXXXXXXXXA
3000AC86DDCCBBAAXXXXXXXXXXXXA
3000AC87DDCCBBAAXXXXXXXXXXXXA
3000AC88DDCCBBAAXXXXXXXXXXXXA
3000AC89DDCCBBAAXXXXXXXXXXXXA
3000AC8ADDCCBBAAXXXXXXXXXXXXA
3000AC8BDDCCBBAAXXXXXXXXXXXXA
3000AC8CDDCCBBAAXXXXXXXXXXXXA
3000AC8EDDCCBBAAXXXXXXXXXXXXA
3000AC8FDDCCBBAAXXXXXXXXXXXXA
3000AC90DDCCBBAAXXXXXXXXXXXXA
3000AC91DDCCBBAAXXXXXXXXXXXXA
3000AC92DDCCBBAAXXXXXXXXXXXXA
3000AC93DDCCBBAAXXXXXXXXXXXXA
3000AC94DDCCBBAAXXXXXXXXXXXXA
3000AC96DDCCBBAAXXXXXXXXXXXXA
3000AC97DDCCBBAAXXXXXXXXXXXXA
3000AC98DDCCBBAAXXXXXXXXXXXXA
3000AC99DDCCBBAAXXXXXXXXXXXXA
3000AC9ADDCCBBAAXXXXXXXXXXXXA
3000AC9BDDCCBBAAXXXXXXXXXXXXA
3000AC9CDDCCBBAAXXXXXXXXXXXXA
3000AC9EDDCCBBAAXXXXXXXXXXXXA
3000AC9FDDCCBBAAXXXXXXXXXXXXA
3000ACA8DDCCBBAAXXXXXXXXXXXXA
3000ACA9DDCCBBAAXXXXXXXXXXXXA
3000ACAADDCCBBAAXXXXXXXXXXXXA
3000ACABDDCCBBAAXXXXXXXXXXXXA
3000ACACDDCCBBAAXXXXXXXXXXXXA
3000ACAEDDCCBBAAXXXXXXXXXXXXA
3000ACAFDDCCBBAAXXXXXXXXXXXXA
3000ACB0DDCCBBAAXXXXXXXXXXXXA
3000ACB1DDCCBBAAXXXXXXXXXXXXA
3000ACB2DDCCBBAAXXXXXXXXXXXXA
3000ACB3DDCCBBAAXXXXXXXXXXXXA
3000ACB4DDCCBBAAXXXXXXXXXXXXA
3000ACB6DDCCBBAAXXXXXXXXXXXXA
3000ACB7DDCCBBAAXXXXXXXXXXXXA
3000ACB8DDCCBBAAXXXXXXXXXXXXA
3000ACB9DDCCBBAAXXXXXXXXXXXXA
3000ACBADDCCBBAAXXXXXXXXXXXXA
3000ACBBDDCCBBAAXXXXXXXXXXXXA
3000ACBCDDCCBBAAXXXXXXXXXXXXA
3000ACBEDDCCBBAAXXXXXXXXXXXXA
3000ACBFDDCCBBAAXXXXXXXXXXXXA
3000ACC0DDCCBBAAXXXXXXXXXXXXA
3000ACC1DDCCBBAAXXXXXXXXXXXXA
3000ACC2DDCCBBAAXXXXXXXXXXXXA
3000ACC3DDCCBBAAXXXXXXXXXXXXA
3000ACC4DDCCBBAAXXXXXXXXXXXXA
3000ACC6DDCCBBAAXXXXXXXXXXXXA
3000ACC7DDCCBBAAXXXXXXXXXXXXA
3000ACC8DDCCBBAAXXXXXXXXXXXXA
3000ACC9DDCCBBAAXXXXXXXXXXXXA
3000ACCADDCCBBAAXXXXXXXXXXXXA
3000ACCBDDCCBBAAXXXXXXXXXXXXA
3000ACCCDDCCBBAAXXXXXXXXXXXXA
3000ACCEDDCCBBAAXXXXXXXXXXXXA
3000ACCFDDCCBBAAXXXXXXXXXXXXA
3000ACD0DDCCBBAAXXXXXXXXXXXXA
3000ACD1DDCCBBAAXXXXXXXXXXXXA
3000ACD2DDCCBBAAXXXXXXXXXXXXA
3000ACD3DDCCBBAAXXXXXXXXXXXXA
3000ACD4DDCCBBAAXXXXXXXXXXXXA
3000ACD6DDCCBBAAXXXXXXXXXXXXA
3000ACD7DDCCBBAAXXXXXXXXXXXXA
3000ACD8DDCCBBAAXXXXXXXXXXXXA
3000ACD9DDCCBBAAXXXXXXXXXXXXA
3000ACDADDCCBBAAXXXXXXXXXXXXA
3000ACDBDDCCBBAAXXXXXXXXXXXXA
3000ACDCDDCCBBAAXXXXXXXXXXXXA
3000ACDEDDCCBBAAXXXXXXXXXXXXA
3000ACDFDDCCBBAAXXXXXXXXXXXXA
3000ACE8DDCCBBAAXXXXXXXXXXXXA
3000ACE9DDCCBBAAXXXXXXXXXXXXA
3000ACEADDCCBBAAXXXXXXXXXXXXA
3000ACEBDDCCBBAAXXXXXXXXXXXXA
3000ACECDDCCBBAAXXXXXXXXXXXXA
3000ACEEDDCCBBAAXXXXXXXXXXXXA
3000ACEFDDCCBBAAXXXXXXXXXXXXA
3000ACF0DDCCBBAAXXXXXXXXXXXXA
3000ACF1DDCCBBAAXXXXXXXXXXXXA
3000ACF2DDCCBBAAXXXXXXXXXXXXA
3000ACF3DDCCBBAAXXXXXXXXXXXXA
3000ACF4DDCCBBAAXXXXXXXXXXXXA
3000ACF6DDCCBBAAXXXXXXXXXXXXA
3000ACF7DDCCBBAAXXXXXXXXXXXXA
3000ACF8DDCCBBAAXXXXXXXXXXXXA
3000ACF9DDCCBBAAXXXXXXXXXXXXA
3000ACFADDCCBBAAXXXXXXXXXXXXA
3000ACFBDDCCBBAAXXXXXXXXXXXXA
3000ACFCDDCCBBAAXXXXXXXXXXXXA
3000ACFEDDCCBBAAXXXXXXXXXXXXA
3000ACFFDDCCBBAAXXXXXXXXXXXXA
3000ADXXDDCCBBAAXXXXXXXXXXXX9
3000AEXXDDCCBBAAXXXXXXXXXXXX9
3000AFXXDDCCBBAAXXXXXXXXXXXX9
3000B0XXDDCCBBAAXXXXXXXXXXXX9
3000B1XXDDCCBBAAXXXXXXXXXXXX9
3000B2XXDDCCBBAAXXXXXXXXXXXX9
3000B3XXDDCCBBAAXXXXXXXXXXXX9
3000B4XXDDCCBBAAXXXXXXXXXXXXA
3000B401DDCCBBAAXXXXXXXXXXXXA
3000B402DDCCBBAAXXXXXXXXXXXXA
3000B403DDCCBBAAXXXXXXXXXXXXA
3000B404DDCCBBAAXXXXXXXXXXXXA
3000B406DDCCBBAAXXXXXXXXXXXXA
3000B407DDCCBBAAXXXXXXXXXXXXA
3000B408DDCCBBAAXXXXXXXXXXXXA
3000B409DDCCBBAAXXXXXXXXXXXXA
3000B40ADDCCBBAAXXXXXXXXXXXXA
3000B40BDDCCBBAAXXXXXXXXXXXXA
3000B40CDDCCBBAAXXXXXXXXXXXXA
3000B40EDDCCBBAAXXXXXXXXXXXXA
3000B40FDDCCBBAAXXXXXXXXXXXXA
3000B410DDCCBBAAXXXXXXXXXXXXA
3000B411DDCCBBAAXXXXXXXXXXXXA
3000B412DDCCBBAAXXXXXXXXXXXXA
3000B413DDCCBBAAXXXXXXXXXXXXA
3000B414DDCCBBAAXXXXXXXXXXXXA
3000B416DDCCBBAAXXXXXXXXXXXXA
3000B417DDCCBBAAXXXXXXXXXXXXA
3000B418DDCCBBAAXXXXXXXXXXXXA
3000B419DDCCBBAAXXXXXXXXXXXXA
3000B41ADDCCBBAAXXXXXXXXXXXXA
3000B41BDDCCBBAAXXXXXXXXXXXXA
3000B41CDDCCBBAAXXXXXXXXXXXXA
3000B41EDDCCBBAAXXXXXXXXXXXXA
3000B41FDDCCBBAAXXXXXXXXXXXXA
3000B428DDCCBBAAXXXXXXXXXXXXA
3000B429DDCCBBAAXXXXXXXXXXXXA
3000B42ADDCCBBAAXXXXXXXXXXXXA
3000B42BDDCCBBAAXXXXXXXXXXXXA
3000B42CDDCCBBAAXXXXXXXXXXXXA
3000B42EDDCCBBAAXXXXXXXXXXXXA
3000B42FDDCCBBAAXXXXXXXXXXXXA
3000B430DDCCBBAAXXXXXXXXXXXXA
3000B431DDCCBBAAXXXXXXXXXXXXA
3000B432DDCCBBAAXXXXXXXXXXXXA
3000B433DDCCBBAAXXXXXXXXXXXXA
3000B434DDCCBBAAXXXXXXXXXXXXA
3000B436DDCCBBAAXXXXXXXXXXXXA
3000B437DDCCBBAAXXXXXXXXXXXXA
3000B438DDCCBBAAXXXXXXXXXXXXA
3000B439DDCCBBAAXXXXXXXXXXXXA
3000B43ADDCCBBAAXXXXXXXXXXXXA
3000B43BDDCCBBAAXXXXXXXXXXXXA
3000B43CDDCCBBAAXXXXXXXXXXXXA
3000B43EDDCCBBAAXXXXXXXXXXXXA
3000B43FDDCCBBAAXXXXXXXXXXXXA
3000B440DDCCBBAAXXXXXXXXXXXXA
3000B441DDCCBBAAXXXXXXXXXXXXA
3000B442DDCCBBAAXXXXXXXXXXXXA
3000B443DDCCBBAAXXXXXXXXXXXXA
3000B444DDCCBBAAXXXXXXXXXXXXA
3000B446DDCCBBAAXXXXXXXXXXXXA
3000B447DDCCBBAAXXXXXXXXXXXXA
3000B448DDCCBBAAXXXXXXXXXXXXA
3000B449DDCCBBAAXXXXXXXXXXXXA
3000B44ADDCCBBAAXXXXXXXXXXXXA
3000B44BDDCCBBAAXXXXXXXXXXXXA
3000B44CDDCCBBAAXXXXXXXXXXXXA
3000B44EDDCCBBAAXXXXXXXXXXXXA
3000B44FDDCCBBAAXXXXXXXXXXXXA
3000B450DDCCBBAAXXXXXXXXXXXXA
3000B451DDCCBBAAXXXXXXXXXXXXA
3000B452DDCCBBAAXXXXXXXXXXXXA
3000B453DDCCBBAAXXXXXXXXXXXXA
3000B454DDCCBBAAXXXXXXXXXXXXA
3000B456DDCCBBAAXXXXXXXXXXXXA
3000B457DDCCBBAAXXXXXXXXXXXXA
3000B458DDCCBBAAXXXXXXXXXXXXA
3000B459DDCCBBAAXXXXXXXXXXXXA
3000B45ADDCCBBAAXXXXXXXXXXXXA
3000B45BDDCCBBAAXXXXXXXXXXXXA
3000B45CDDCCBBAAXXXXXXXXXXXXA
3000B45EDDCCBBAAXXXXXXXXXXXXA
3000B45FDDCCBBAAXXXXXXXXXXXXA
3000B468DDCCBBAAXXXXXXXXXXXXA
3000B469DDCCBBAAXXXXXXXXXXXXA
3000B46ADDCCBBAAXXXXXXXXXXXXA
3000B46BDDCCBBAAXXXXXXXXXXXXA
3000B46CDDCCBBAAXXXXXXXXXXXXA
3000B46EDDCCBBAAXXXXXXXXXXXXA
3000B46FDDCCBBAAXXXXXXXXXXXXA
3000B470DDCCBBAAXXXXXXXXXXXXA
3000B471DDCCBBAAXXXXXXXXXXXXA
3000B472DDCCBBAAXXXXXXXXXXXXA
3000B473DDCCBBAAXXXXXXXXXXXXA
3000B474DDCCBBAAXXXXXXXXXXXXA
3000B476DDCCBBAAXXXXXXXXXXXXA
3000B477DDCCBBAAXXXXXXXXXXXXA
3000B478DDCCBBAAXXXXXXXXXXXXA
3000B479DDCCBBAAXXXXXXXXXXXXA
3000B47ADDCCBBAAXXXXXXXXXXXXA
3000B47BDDCCBBAAXXXXXXXXXXXXA
3000B47CDDCCBBAAXXXXXXXXXXXXA
3000B47EDDCCBBAAXXXXXXXXXXXXA
3000B47FDDCCBBAAXXXXXXXXXXXXA
3000B480DDCCBBAAXXXXXXXXXXXXA
3000B481DDCCBBAAXXXXXXXXXXXXA
3000B482DDCCBBAAXXXXXXXXXXXXA
3000B483DDCCBBAAXXXXXXXXXXXXA
3000B484DDCCBBAAXXXXXXXXXXXXA
3000B486DDCCBBAAXXXXXXXXXXXXA
3000B487DDCCBBAAXXXXXXXXXXXXA
3000B488DDCCBBAAXXXXXXXXXXXXA
3000B489DDCCBBAAXXXXXXXXXXXXA
3000B48ADDCCBBAAXXXXXXXXXXXXA
3000B48BDDCCBBAAXXXXXXXXXXXXA
3000B48CDDCCBBAAXXXXXXXXXXXXA
3000B48EDDCCBBAAXXXXXXXXXXXXA
3000B48FDDCCBBAAXXXXXXXXXXXXA
3000B490DDCCBBAAXXXXXXXXXXXXA
3000B491DDCCBBAAXXXXXXXXXXXXA
3000B492DDCCBBAAXXXXXXXXXXXXA
3000B493DDCCBBAAXXXXXXXXXXXXA
3000B494DDCCBBAAXXXXXXXXXXXXA
3000B496DDCCBBAAXXXXXXXXXXXXA
3000B497DDCCBBAAXXXXXXXXXXXXA
3000B498DDCCBBAAXXXXXXXXXXXXA
3000B499DDCCBBAAXXXXXXXXXXXXA
3000B49ADDCCBBAAXXXXXXXXXXXXA
3000B49BDDCCBBAAXXXXXXXXXXXXA
3000B49CDDCCBBAAXXXXXXXXXXXXA
3000B49EDDCCBBAAXXXXXXXXXXXXA
3000B49FDDCCBBAAXXXXXXXXXXXXA
3000B4A8DDCCBBAAXXXXXXXXXXXXA
3000B4A9DDCCBBAAXXXXXXXXXXXXA
3000B4AADDCCBBAAXXXXXXXXXXXXA
3000B4ABDDCCBBAAXXXXXXXXXXXXA
3000B4ACDDCCBBAAXXXXXXXXXXXXA
3000B4AEDDCCBBAAXXXXXXXXXXXXA
3000B4AFDDCCBBAAXXXXXXXXXXXXA
3000B4B0DDCCBBAAXXXXXXXXXXXXA
3000B4B1DDCCBBAAXXXXXXXXXXXXA
3000B4B2DDCCBBAAXXXXXXXXXXXXA
3000B4B3DDCCBBAAXXXXXXXXXXXXA
3000B4B4DDCCBBAAXXXXXXXXXXXXA
3000B4B6DDCCBBAAXXXXXXXXXXXXA
3000B4B7DDCCBBAAXXXXXXXXXXXXA
3000B4B8DDCCBBAAXXXXXXXXXXXXA
3000B4B9DDCCBBAAXXXXXXXXXXXXA
3000B4BADDCCBBAAXXXXXXXXXXXXA
3000B4BBDDCCBBAAXXXXXXXXXXXXA
3000B4BCDDCCBBAAXXXXXXXXXXXXA
3000B4BEDDCCBBAAXXXXXXXXXXXXA
3000B4BFDDCCBBAAXXXXXXXXXXXXA
3000B4C0DDCCBBAAXXXXXXXXXXXXA
3000B4C1DDCCBBAAXXXXXXXXXXXXA
3000B4C2DDCCBBAAXXXXXXXXXXXXA
3000B4C3DDCCBBAAXXXXXXXXXXXXA
3000B4C4DDCCBBAAXXXXXXXXXXXXA
3000B4C6DDCCBBAAXXXXXXXXXXXXA
3000B4C7DDCCBBAAXXXXXXXXXXXXA
3000B4C8DDCCBBAAXXXXXXXXXXXXA
3000B4C9DDCCBBAAXXXXXXXXXXXXA
3000B4CADDCCBBAAXXXXXXXXXXXXA
3000B4CBDDCCBBAAXXXXXXXXXXXXA
3000B4CCDDCCBBAAXXXXXXXXXXXXA
3000B4CEDDCCBBAAXXXXXXXXXXXXA
3000B4CFDDCCBBAAXXXXXXXXXXXXA
3000B4D0DDCCBBAAXXXXXXXXXXXXA
3000B4D1DDCCBBAAXXXXXXXXXXXXA
3000B4D2DDCCBBAAXXXXXXXXXXXXA
3000B4D3DDCCBBAAXXXXXXXXXXXXA
3000B4D4DDCCBBAAXXXXXXXXXXXXA
3000B4D6DDCCBBAAXXXXXXXXXXXXA
3000B4D7DDCCBBAAXXXXXXXXXXXXA
3000B4D8DDCCBBAAXXXXXXXXXXXXA
3000B4D9DDCCBBAAXXXXXXXXXXXXA
3000B4DADDCCBBAAXXXXXXXXXXXXA
3000B4DBDDCCBBAAXXXXXXXXXXXXA
3000B4DCDDCCBBAAXXXXXXXXXXXXA
3000B4DEDDCCBBAAXXXXXXXXXXXXA
3000B4DFDDCCBBAAXXXXXXXXXXXXA
3000B4E8DDCCBBAAXXXXXXXXXXXXA
3000B4E9DDCCBBAAXXXXXXXXXXXXA
3000B4EADDCCBBAAXXXXXXXXXXXXA
3000B4EBDDCCBBAAXXXXXXXXXXXXA
3000B4ECDDCCBBAAXXXXXXXXXXXXA
3000B4EEDDCCBBAAXXXXXXXXXXXXA
3000B4EFDDCCBBAAXXXXXXXXXXXXA
3000B4F0DDCCBBAAXXXXXXXXXXXXA
3000B4F1DDCCBBAAXXXXXXXXXXXXA
3000B4F2DDCCBBAAXXXXXXXXXXXXA
3000B4F3DDCCBBAAXXXXXXXXXXXXA
3000B4F4DDCCBBAAXXXXXXXXXXXXA
3000B4F6DDCCBBAAXXXXXXXXXXXXA
3000B4F7DDCCBBAAXXXXXXXXXXXXA
3000B4F8DDCCBBAAXXXXXXXXXXXXA
3000B4F9DDCCBBAAXXXXXXXXXXXXA
3000B4FADDCCBBAAXXXXXXXXXXXXA
3000B4FBDDCCBBAAXXXXXXXXXXXXA
3000B4FCDDCCBBAAXXXXXXXXXXXXA
3000B4FEDDCCBBAAXXXXXXXXXXXXA
3000B4FFDDCCBBAAXXXXXXXXXXXXA
3000B5XXDDCCBBAAXXXXXXXXXXXX9
3000B6XXDDCCBBAAXXXXXXXXXXXX9
3000B7XXDDCCBBAAXXXXXXXXXXXX9
3000B8XXDDCCBBAAXXXXXXXXXXXX9
3000B9XXDDCCBBAAXXXXXXXXXXXX9
3000BAXXDDCCBBAAXXXXXXXXXXXX9
3000BBXXDDCCBBAAXXXXXXXXXXXX9
3000BCXXDDCCBBAAXXXXXXXXXXXXA
3000BC01DDCCBBAAXXXXXXXXXXXXA
3000BC02DDCCBBAAXXXXXXXXXXXXA
3000BC03DDCCBBAAXXXXXXXXXXXXA
3000BC04DDCCBBAAXXXXXXXXXXXXA
3000BC06DDCCBBAAXXXXXXXXXXXXA
3000BC07DDCCBBAAXXXXXXXXXXXXA
3000BC08DDCCBBAAXXXXXXXXXXXXA
3000BC09DDCCBBAAXXXXXXXXXXXXA
3000BC0ADDCCBBAAXXXXXXXXXXXXA
3000BC0BDDCCBBAAXXXXXXXXXXXXA
3000BC0CDDCCBBAAXXXXXXXXXXXXA
3000BC0EDDCCBBAAXXXXXXXXXXXXA
3000BC0FDDCCBBAAXXXXXXXXXXXXA
3000BC10DDCCBBAAXXXXXXXXXXXXA
3000BC11DDCCBBAAXXXXXXXXXXXXA
3000BC12DDCCBBAAXXXXXXXXXXXXA
3000BC13DDCCBBAAXXXXXXXXXXXXA
3000BC14DDCCBBAAXXXXXXXXXXXXA
3000BC16DDCCBBAAXXXXXXXXXXXXA
3000BC17DDCCBBAAXXXXXXXXXXXXA
3000BC18DDCCBBAAXXXXXXXXXXXXA
3000BC19DDCCBBAAXXXXXXXXXXXXA
3000BC1ADDCCBBAAXXXXXXXXXXXXA
3000BC1BDDCCBBAAXXXXXXXXXXXXA
3000BC1CDDCCBBAAXXXXXXXXXXXXA
3000BC1EDDCCBBAAXXXXXXXXXXXXA
3000BC1FDDCCBBAAXXXXXXXXXXXXA
3000BC28DDCCBBAAXXXXXXXXXXXXA
3000BC29DDCCBBAAXXXXXXXXXXXXA
3000BC2ADDCCBBAAXXXXXXXXXXXXA
3000BC2BDDCCBBAAXXXXXXXXXXXXA
3000BC2CDDCCBBAAXXXXXXXXXXXXA
3000BC2EDDCCBBAAXXXXXXXXXXXXA
3000BC2FDDCCBBAAXXXXXXXXXXXXA
3000BC30DDCCBBAAXXXXXXXXXXXXA
3000BC31DDCCBBAAXXXXXXXXXXXXA
3000BC32DDCCBBAAXXXXXXXXXXXXA
3000BC33DDCCBBAAXXXXXXXXXXXXA
3000BC34DDCCBBAAXXXXXXXXXXXXA
3000BC36DDCCBBAAXXXXXXXXXXXXA
3000BC37DDCCBBAAXXXXXXXXXXXXA
3000BC38DDCCBBAAXXXXXXXXXXXXA
3000BC39DDCCBBAAXXXXXXXXXXXXA
3000BC3ADDCCBBAAXXXXXXXXXXXXA
3000BC3BDDCCBBAAXXXXXXXXXXXXA
3000BC3CDDCCBBAAXXXXXXXXXXXXA
3000BC3EDDCCBBAAXXXXXXXXXXXXA
3000BC3FDDCCBBAAXXXXXXXXXXXXA
3000BC40DDCCBBAAXXXXXXXXXXXXA
3000BC41DDCCBBAAXXXXXXXXXXXXA
3000BC42DDCCBBAAXXXXXXXXXXXXA
3000BC43DDCCBBAAXXXXXXXXXXXXA
3000BC44DDCCBBAAXXXXXXXXXXXXA
3000BC46DDCCBBAAXXXXXXXXXXXXA
3000BC47DDCCBBAAXXXXXXXXXXXXA
3000BC48DDCCBBAAXXXXXXXXXXXXA
3000BC49DDCCBBAAXXXXXXXXXXXXA
3000BC4ADDCCBBAAXXXXXXXXXXXXA
3000BC4BDDCCBBAAXXXXXXXXXXXXA
3000BC4CDDCCBBAAXXXXXXXXXXXXA
3000BC4EDDCCBBAAXXXXXXXXXXXXA
3000BC4FDDCCBBAAXXXXXXXXXXXXA
3000BC50DDCCBBAAXXXXXXXXXXXXA
3000BC51DDCCBBAAXXXXXXXXXXXXA
3000BC52DDCCBBAAXXXXXXXXXXXXA
3000BC53DDCCBBAAXXXXXXXXXXXXA
3000BC54DDCCBBAAXXXXXXXXXXXXA
3000BC56DDCCBBAAXXXXXXXXXXXXA
3000BC57DDCCBBAAXXXXXXXXXXXXA
3000BC58DDCCBBAAXXXXXXXXXXXXA
3000BC59DDCCBBAAXXXXXXXXXXXXA
3000BC5ADDCCBBAAXXXXXXXXXXXXA
3000BC5BDDCCBBAAXXXXXXXXXXXXA
3000BC5CDDCCBBAAXXXXXXXXXXXXA
3000BC5EDDCCBBAAXXXXXXXXXXXXA
3000BC5FDDCCBBAAXXXXXXXXXXXXA
3000BC68DDCCBBAAXXXXXXXXXXXXA
3000BC69DDCCBBAAXXXXXXXXXXXXA
3000BC6ADDCCBBAAXXXXXXXXXXXXA
3000BC6BDDCCBBAAXXXXXXXXXXXXA
3000BC6CDDCCBBAAXXXXXXXXXXXXA
3000BC6EDDCCBBAAXXXXXXXXXXXXA
3000BC6FDDCCBBAAXXXXXXXXXXXXA
3000BC70DDCCBBAAXXXXXXXXXXXXA
3000BC71DDCCBBAAXXXXXXXXXXXXA
3000BC72DDCCBBAAXXXXXXXXXXXXA
3000BC73DDCCBBAAXXXXXXXXXXXXA
3000BC74DDCCBBAAXXXXXXXXXXXXA
3000BC76DDCCBBAAXXXXXXXXXXXXA
3000BC77DDCCBBAAXXXXXXXXXXXXA
3000BC78DDCCBBAAXXXXXXXXXXXXA
3000BC79DDCCBBAAXXXXXXXXXXXXA
3000BC7ADDCCBBAAXXXXXXXXXXXXA
3000BC7BDDCCBBAAXXXXXXXXXXXXA
3000BC7CDDCCBBAAXXXXXXXXXXXXA
3000BC7EDDCCBBAAXXXXXXXXXXXXA
3000BC7FDDCCBBAAXXXXXXXXXXXXA
3000BC80DDCCBBAAXXXXXXXXXXXXA
3000BC81DDCCBBAAXXXXXXXXXXXXA
3000BC82DDCCBBAAXXXXXXXXXXXXA
3000BC83DDCCBBAAXXXXXXXXXXXXA
3000BC84DDCCBBAAXXXXXXXXXXXXA
3000BC86DDCCBBAAXXXXXXXXXXXXA
3000BC87DDCCBBAAXXXXXXXXXXXXA
3000BC88DDCCBBAAXXXXXXXXXXXXA
3000BC89DDCCBBAAXXXXXXXXXXXXA
3000BC8ADDCCBBAAXXXXXXXXXXXXA
3000BC8BDDCCBBAAXXXXXXXXXXXXA
3000BC8CDDCCBBAAXXXXXXXXXXXXA
3000BC8EDDCCBBAAXXXXXXXXXXXXA
3000BC8FDDCCBBAAXXXXXXXXXXXXA
3000BC90DDCCBBAAXXXXXXXXXXXXA
3000BC91DDCCBBAAXXXXXXXXXXXXA
3000BC92DDCCBBAAXXXXXXXXXXXXA
3000BC93DDCCBBAAXXXXXXXXXXXXA
3000BC94DDCCBBAAXXXXXXXXXXXXA
3000BC96DDCCBBAAXXXXXXXXXXXXA
3000BC97DDCCBBAAXXXXXXXXXXXXA
3000BC98DDCCBBAAXXXXXXXXXXXXA
3000BC99DDCCBBAAXXXXXXXXXXXXA
3000BC9ADDCCBBAAXXXXXXXXXXXXA
3000BC9BDDCCBBAAXXXXXXXXXXXXA
3000BC9CDDCCBBAAXXXXXXXXXXXXA
3000BC9EDDCCBBAAXXXXXXXXXXXXA
3000BC9FDDCCBBAAXXXXXXXXXXXXA
3000BCA8DDCCBBAAXXXXXXXXXXXXA
3000BCA9DDCCBBAAXXXXXXXXXXXXA
3000BCAADDCCBBAAXXXXXXXXXXXXA
3000BCABDDCCBBAAXXXXXXXXXXXXA
3000BCACDDCCBBAAXXXXXXXXXXXXA
3000BCAEDDCCBBAAXXXXXXXXXXXXA
3000BCAFDDCCBBAAXXXXXXXXXXXXA
3000BCB0DDCCBBAAXXXXXXXXXXXXA
3000BCB1DDCCBBAAXXXXXXXXXXXXA
3000BCB2DDCCBBAAXXXXXXXXXXXXA
3000BCB3DDCCBBAAXXXXXXXXXXXXA
3000BCB4DDCCBBAAXXXXXXXXXXXXA
3000BCB6DDCCBBAAXXXXXXXXXXXXA
3000BCB7DDCCBBAAXXXXXXXXXXXXA
3000BCB8DDCCBBAAXXXXXXXXXXXXA
3000BCB9DDCCBBAAXXXXXXXXXXXXA
3000BCBADDCCBBAAXXXXXXXXXXXXA
3000BCBBDDCCBBAAXXXXXXXXXXXXA
3000BCBCDDCCBBAAXXXXXXXXXXXXA
3000BCBEDDCCBBAAXXXXXXXXXXXXA
3000BCBFDDCCBBAAXXXXXXXXXXXXA
3000BCC0DDCCBBAAXXXXXXXXXXXXA
3000BCC1DDCCBBAAXXXXXXXXXXXXA
3000BCC2DDCCBBAAXXXXXXXXXXXXA
3000BCC3DDCCBBAAXXXXXXXXXXXXA
3000BCC4DDCCBBAAXXXXXXXXXXXXA
3000BCC6DDCCBBAAXXXXXXXXXXXXA
3000BCC7DDCCBBAAXXXXXXXXXXXXA
3000BCC8DDCCBBAAXXXXXXXXXXXXA
3000BCC9DDCCBBAAXXXXXXXXXXXXA
3000BCCADDCCBBAAXXXXXXXXXXXXA
3000BCCBDDCCBBAAXXXXXXXXXXXXA
3000BCCCDDCCBBAAXXXXXXXXXXXXA
3000BCCEDDCCBBAAXXXXXXXXXXXXA
3000BCCFDDCCBBAAXXXXXXXXXXXXA
3000BCD0DDCCBBAAXXXXXXXXXXXXA
3000BCD1DDCCBBAAXXXXXXXXXXXXA
3000BCD2DDCCBBAAXXXXXXXXXXXXA
3000BCD3DDCCBBAAXXXXXXXXXXXXA
3000BCD4DDCCBBAAXXXXXXXXXXXXA
3000BCD6DDCCBBAAXXXXXXXXXXXXA
3000BCD7DDCCBBAAXXXXXXXXXXXXA
3000BCD8DDCCBBAAXXXXXXXXXXXXA
3000BCD9DDCCBBAAXXXXXXXXXXXXA
3000BCDADDCCBBAAXXXXXXXXXXXXA
3000BCDBDDCCBBAAXXXXXXXXXXXXA
3000BCDCDDCCBBAAXXXXXXXXXXXXA
3000BCDEDDCCBBAAXXXXXXXXXXXXA
3000BCDFDDCCBBAAXXXXXXXXXXXXA
3000BCE8DDCCBBAAXXXXXXXXXXXXA
3000BCE9DDCCBBAAXXXXXXXXXXXXA
3000BCEADDCCBBAAXXXXXXXXXXXXA
3000BCEBDDCCBBAAXXXXXXXXXXXXA
3000BCECDDCCBBAAXXXXXXXXXXXXA
3000BCEEDDCCBBAAXXXXXXXXXXXXA
3000BCEFDDCCBBAAXXXXXXXXXXXXA
3000BCF0DDCCBBAAXXXXXXXXXXXXA
3000BCF1DDCCBBAAXXXXXXXXXXXXA
3000BCF2DDCCBBAAXXXXXXXXXXXXA
3000BCF3DDCCBBAAXXXXXXXXXXXXA
3000BCF4DDCCBBAAXXXXXXXXXXXXA
3000BCF6DDCCBBAAXXXXXXXXXXXXA
3000BCF7DDCCBBAAXXXXXXXXXXXXA
3000BCF8DDCCBBAAXXXXXXXXXXXXA
3000BCF9DDCCBBAAXXXXXXXXXXXXA
3000BCFADDCCBBAAXXXXXXXXXXXXA
3000BCFBDDCCBBAAXXXXXXXXXXXXA
3000BCFCDDCCBBAAXXXXXXXXXXXXA
3000BCFEDDCCBBAAXXXXXXXXXXXXA
3000BCFFDDCCBBAAXXXXXXXXXXXXA
3000BDXXDDCCBBAAXXXXXXXXXXXX9
3000BEXXDDCCBBAAXXXXXXXXXXXX9
3000BFXXDDCCBBAAXXXXXXXXXXXX9
3000C0XXXXXXXXXXXXXXXXXXXXXX5
3000C1XXXXXXXXXXXXXXXXXXXXXX5
3000C2XXXXXXXXXXXXXXXXXXXXXX5
3000C3XXXXXXXXXXXXXXXXXXXXXX5
3000C4XXXXXXXXXXXXXXXXXXXXXX5
3000C5XXXXXXXXXXXXXXXXXXXXXX5
3000C6XXXXXXXXXXXXXXXXXXXXXX5
3000C7XXXXXXXXXXXXXXXXXXXXXX5
3000C8XXXXXXXXXXXXXXXXXXXXXX5
3000C9XXXXXXXXXXXXXXXXXXXXXX5
3000CAXXXXXXXXXXXXXXXXXXXXXX5
3000CBXXXXXXXXXXXXXXXXXXXXXX5
3000CCXXXXXXXXXXXXXXXXXXXXXX5
3000CDXXXXXXXXXXXXXXXXXXXXXX5
3000CEXXXXXXXXXXXXXXXXXXXXXX5
3000CFXXXXXXXXXXXXXXXXXXXXXX5
3000D0XXXXXXXXXXXXXXXXXXXXXX5
3000D1XXXXXXXXXXXXXXXXXXXXXX5
3000D2XXXXXXXXXXXXXXXXXXXXXX5
3000D3XXXXXXXXXXXXXXXXXXXXXX5
3000D4XXXXXXXXXXXXXXXXXXXXXX5
3000D5XXXXXXXXXXXXXXXXXXXXXX5
3000D6XXXXXXXXXXXXXXXXXXXXXX5
3000D7XXXXXXXXXXXXXXXXXXXXXX5
3000D8XXXXXXXXXXXXXXXXXXXXXX5
3000D9XXXXXXXXXXXXXXXXXXXXXX5
3000DAXXXXXXXXXXXXXXXXXXXXXX5
3000DBXXXXXXXXXXXXXXXXXXXXXX5
3000DCXXXXXXXXXXXXXXXXXXXXXX5
3000DDXXXXXXXXXXXXXXXXXXXXXX5
3000DEXXXXXXXXXXXXXXXXXXXXXX5
3000DFXXXXXXXXXXXXXXXXXXXXXX5
3000E0XXXXXXXXXXXXXXXXXXXXXX5
3000E1XXXXXXXXXXXXXXXXXXXXXX5
3000E2XXXXXXXXXXXXXXXXXXXXXX5
3000E3XXXXXXXXXXXXXXXXXXXXXX5
3000E4XXXXXXXXXXXXXXXXXXXXXX5
3000E5XXXXXXXXXXXXXXXXXXXXXX5
3000E6XXXXXXXXXXXXXXXXXXXXXX5
3000E7XXXXXXXXXXXXXXXXXXXXXX5
3000E8XXXXXXXXXXXXXXXXXXXXXX5
3000E9XXXXXXXXXXXXXXXXXXXXXX5
3000EAXXXXXXXXXXXXXXXXXXXXXX5
3000EBXXXXXXXXXXXXXXXXXXXXXX5
3000ECXXXXXXXXXXXXXXXXXXXXXX5
3000EDXXXXXXXXXXXXXXXXXXXXXX5
3000EEXXXXXXXXXXXXXXXXXXXXXX5
3000EFXXXXXXXXXXXXXXXXXXXXXX5
3000F0XXXXXXXXXXXXXXXXXXXXXX5
3000F1XXXXXXXXXXXXXXXXXXXXXX5
3000F2XXXXXXXXXXXXXXXXXXXXXX5
3000F3XXXXXXXXXXXXXXXXXXXXXX5
3000F4XXXXXXXXXXXXXXXXXXXXXX5
3000F5XXXXXXXXXXXXXXXXXXXXXX5
3000F6XXXXXXXXXXXXXXXXXXXXXX5
3000F7XXXXXXXXXXXXXXXXXXXXXX5
3000F8XXXXXXXXXXXXXXXXXXXXXX5
3000F9XXXXXXXXXXXXXXXXXXXXXX5
3000FAXXXXXXXXXXXXXXXXXXXXXX5
3000FBXXXXXXXXXXXXXXXXXXXXXX5
3000FCXXXXXXXXXXXXXXXXXXXXXX5
3000FDXXXXXXXXXXXXXXXXXXXXXX5
3000FEXXXXXXXXXXXXXXXXXXXXXX5
3000FFXXXXXXXXXXXXXXXXXXXXXX5
31B1XXXXXXXXXXXXXXXXXXXXXXXX6
31B101XXXXXXXXXXXXXXXXXXXXXX6
31B102XXXXXXXXXXXXXXXXXXXXXX6
31B103XXXXXXXXXXXXXXXXXXXXXX6
31B104XXXXXXXXXXXXXXXXXXXXXX7
31B10401XXXXXXXXXXXXXXXXXXXX7
31B10402XXXXXXXXXXXXXXXXXXXX7
31B10403XXXXXXXXXXXXXXXXXXXX7
31B10404XXXXXXXXXXXXXXXXXXXX7
31B10406XXXXXXXXXXXXXXXXXXXX7
31B10407XXXXXXXXXXXXXXXXXXXX7
31B10408XXXXXXXXXXXXXXXXXXXX7
31B10409XXXXXXXXXXXXXXXXXXXX7
31B1040AXXXXXXXXXXXXXXXXXXXX7
31B1040BXXXXXXXXXXXXXXXXXXXX7
31B1040CXXXXXXXXXXXXXXXXXXXX7
31B1040EXXXXXXXXXXXXXXXXXXXX7
31B1040FXXXXXXXXXXXXXXXXXXXX7
31B10410XXXXXXXXXXXXXXXXXXXX7
31B10411XXXXXXXXXXXXXXXXXXXX7
31B10412XXXXXXXXXXXXXXXXXXXX7
31B10413XXXXXXXXXXXXXXXXXXXX7
31B10414XXXXXXXXXXXXXXXXXXXX7
31B10416XXXXXXXXXXXXXXXXXXXX7
31B10417XXXXXXXXXXXXXXXXXXXX7
31B10418XXXXXXXXXXXXXXXXXXXX7
31B10419XXXXXXXXXXXXXXXXXXXX7
31B1041AXXXXXXXXXXXXXXXXXXXX7
31B1041BXXXXXXXXXXXXXXXXXXXX7
31B1041CXXXXXXXXXXXXXXXXXXXX7
31B1041EXXXXXXXXXXXXXXXXXXXX7
31B1041FXXXXXXXXXXXXXXXXXXXX7
31B10428XXXXXXXXXXXXXXXXXXXX7
31B10429XXXXXXXXXXXXXXXXXXXX7
31B1042AXXXXXXXXXXXXXXXXXXXX7
31B1042BXXXXXXXXXXXXXXXXXXXX7
31B1042CXXXXXXXXXXXXXXXXXXXX7
31B1042EXXXXXXXXXXXXXXXXXXXX7
31B1042FXXXXXXXXXXXXXXXXXXXX7
31B10430XXXXXXXXXXXXXXXXXXXX7
31B10431XXXXXXXXXXXXXXXXXXXX7
31B10432XXXXXXXXXXXXXXXXXXXX7
31B10433XXXXXXXXXXXXXXXXXXXX7
31B10434XXXXXXXXXXXXXXXXXXXX7
31B10436XXXXXXXXXXXXXXXXXXXX7
31B10437XXXXXXXXXXXXXXXXXXXX7
31B10438XXXXXXXXXXXXXXXXXXXX7
31B10439XXXXXXXXXXXXXXXXXXXX7
31B1043AXXXXXXXXXXXXXXXXXXXX7
31B1043BXXXXXXXXXXXXXXXXXXXX7
31B1043CXXXXXXXXXXXXXXXXXXXX7
31B1043EXXXXXXXXXXXXXXXXXXXX7
31B1043FXXXXXXXXXXXXXXXXXXXX7
31B10440XXXXXXXXXXXXXXXXXXXX7
31B10441XXXXXXXXXXXXXXXXXXXX7
31B10442XXXXXXXXXXXXXXXXXXXX7
31B10443XXXXXXXXXXXXXXXXXXXX7
31B10444XXXXXXXXXXXXXXXXXXXX7
31B10446XXXXXXXXXXXXXXXXXXXX7
31B10447XXXXXXXXXXXXXXXXXXXX7
31B10448XXXXXXXXXXXXXXXXXXXX7
31B10449XXXXXXXXXXXXXXXXXXXX7
31B1044AXXXXXXXXXXXXXXXXXXXX7
31B1044BXXXXXXXXXXXXXXXXXXXX7
31B1044CXXXXXXXXXXXXXXXXXXXX7
31B1044EXXXXXXXXXXXXXXXXXXXX7
31B1044FXXXXXXXXXXXXXXXXXXXX7
31B10450XXXXXXXXXXXXXXXXXXXX7
31B10451XXXXXXXXXXXXXXXXXXXX7
31B10452XXXXXXXXXXXXXXXXXXXX7
31B10453XXXXXXXXXXXXXXXXXXXX7
31B10454XXXXXXXXXXXXXXXXXXXX7
31B10456XXXXXXXXXXXXXXXXXXXX7
31B10457XXXXXXXXXXXXXXXXXXXX7
31B10458XXXXXXXXXXXXXXXXXXXX7
31B10459XXXXXXXXXXXXXXXXXXXX7
31B1045AXXXXXXXXXXXXXXXXXXXX7
31B1045BXXXXXXXXXXXXXXXXXXXX7
31B1045CXXXXXXXXXXXXXXXXXXXX7
31B1045EXXXXXXXXXXXXXXXXXXXX7
31B1045FXXXXXXXXXXXXXXXXXXXX7
31B10468XXXXXXXXXXXXXXXXXXXX7
31B10469XXXXXXXXXXXXXXXXXXXX7
31B1046AXXXXXXXXXXXXXXXXXXXX7
31B1046BXXXXXXXXXXXXXXXXXXXX7
31B1046CXXXXXXXXXXXXXXXXXXXX7
31B1046EXXXXXXXXXXXXXXXXXXXX7
31B1046FXXXXXXXXXXXXXXXXXXXX7
31B10470XXXXXXXXXXXXXXXXXXXX7
31B10471XXXXXXXXXXXXXXXXXXXX7
31B10472XXXXXXXXXXXXXXXXXXXX7
31B10473XXXXXXXXXXXXXXXXXXXX7
31B10474XXXXXXXXXXXXXXXXXXXX7
31B10476XXXXXXXXXXXXXXXXXXXX7
31B10477XXXXXXXXXXXXXXXXXXXX7
31B10478XXXXXXXXXXXXXXXXXXXX7
31B10479XXXXXXXXXXXXXXXXXXXX7
31B1047AXXXXXXXXXXXXXXXXXXXX7
31B1047BXXXXXXXXXXXXXXXXXXXX7
31B1047CXXXXXXXXXXXXXXXXXXXX7
31B1047EXXXXXXXXXXXXXXXXXXXX7
31B1047FXXXXXXXXXXXXXXXXXXXX7
31B10480XXXXXXXXXXXXXXXXXXXX7
31B10481XXXXXXXXXXXXXXXXXXXX7
31B10482XXXXXXXXXXXXXXXXXXXX7
31B10483XXXXXXXXXXXXXXXXXXXX7
31B10484XXXXXXXXXXXXXXXXXXXX7
31B10486XXXXXXXXXXXXXXXXXXXX7
31B10487XXXXXXXXXXXXXXXXXXXX7
31B10488XXXXXXXXXXXXXXXXXXXX7
31B10489XXXXXXXXXXXXXXXXXXXX7
31B1048AXXXXXXXXXXXXXXXXXXXX7
31B1048BXXXXXXXXXXXXXXXXXXXX7
31B1048CXXXXXXXXXXXXXXXXXXXX7
31B1048EXXXXXXXXXXXXXXXXXXXX7
31B1048FXXXXXXXXXXXXXXXXXXXX7
31B10490XXXXXXXXXXXXXXXXXXXX7
31B10491XXXXXXXXXXXXXXXXXXXX7
31B10492XXXXXXXXXXXXXXXXXXXX7
31B10493XXXXXXXXXXXXXXXXXXXX7
31B10494XXXXXXXXXXXXXXXXXXXX7
31B10496XXXXXXXXXXXXXXXXXXXX7
31B10497XXXXXXXXXXXXXXXXXXXX7
31B10498XXXXXXXXXXXXXXXXXXXX7
31B10499XXXXXXXXXXXXXXXXXXXX7
31B1049AXXXXXXXXXXXXXXXXXXXX7
31B1049BXXXXXXXXXXXXXXXXXXXX7
31B1049CXXXXXXXXXXXXXXXXXXXX7
31B1049EXXXXXXXXXXXXXXXXXXXX7
31B1049FXXXXXXXXXXXXXXXXXXXX7
31B104A8XXXXXXXXXXXXXXXXXXXX7
31B104A9XXXXXXXXXXXXXXXXXXXX7
31B104AAXXXXXXXXXXXXXXXXXXXX7
31B104ABXXXXXXXXXXXXXXXXXXXX7
31B104ACXXXXXXXXXXXXXXXXXXXX7
31B104AEXXXXXXXXXXXXXXXXXXXX7
31B104AFXXXXXXXXXXXXXXXXXXXX7
31B104B0XXXXXXXXXXXXXXXXXXXX7
31B104B1XXXXXXXXXXXXXXXXXXXX7
31B104B2XXXXXXXXXXXXXXXXXXXX7
31B104B3XXXXXXXXXXXXXXXXXXXX7
31B104B4XXXXXXXXXXXXXXXXXXXX7
31B104B6XXXXXXXXXXXXXXXXXXXX7
31B104B7XXXXXXXXXXXXXXXXXXXX7
31B104B8XXXXXXXXXXXXXXXXXXXX7
31B104B9XXXXXXXXXXXXXXXXXXXX7
31B104BAXXXXXXXXXXXXXXXXXXXX7
31B104BBXXXXXXXXXXXXXXXXXXXX7
31B104BCXXXXXXXXXXXXXXXXXXXX7
31B104BEXXXXXXXXXXXXXXXXXXXX7
31B104BFXXXXXXXXXXXXXXXXXXXX7
31B104C0XXXXXXXXXXXXXXXXXXXX7
31B104C1XXXXXXXXXXXXXXXXXXXX7
31B104C2XXXXXXXXXXXXXXXXXXXX7
31B104C3XXXXXXXXXXXXXXXXXXXX7
31B104C4XXXXXXXXXXXXXXXXXXXX7
31B104C6XXXXXXXXXXXXXXXXXXXX7
31B104C7XXXXXXXXXXXXXXXXXXXX7
31B104C8XXXXXXXXXXXXXXXXXXXX7
31B104C9XXXXXXXXXXXXXXXXXXXX7
31B104CAXXXXXXXXXXXXXXXXXXXX7
31B104CBXXXXXXXXXXXXXXXXXXXX7
31B104CCXXXXXXXXXXXXXXXXXXXX7
31B104CEXXXXXXXXXXXXXXXXXXXX7
31B104CFXXXXXXXXXXXXXXXXXXXX7
31B104D0XXXXXXXXXXXXXXXXXXXX7
31B104D1XXXXXXXXXXXXXXXXXXXX7
31B104D2XXXXXXXXXXXXXXXXXXXX7
31B104D3XXXXXXXXXXXXXXXXXXXX7
31B104D4XXXXXXXXXXXXXXXXXXXX7
31B104D6XXXXXXXXXXXXXXXXXXXX7
31B104D7XXXXXXXXXXXXXXXXXXXX7
31B104D8XXXXXXXXXXXXXXXXXXXX7
31B104D9XXXXXXXXXXXXXXXXXXXX7
31B104DAXXXXXXXXXXXXXXXXXXXX7
31B104DBXXXXXXXXXXXXXXXXXXXX7
31B104DCXXXXXXXXXXXXXXXXXXXX7
31B104DEXXXXXXXXXXXXXXXXXXXX7
31B104DFXXXXXXXXXXXXXXXXXXXX7
31B104E8XXXXXXXXXXXXXXXXXXXX7
31B104E9XXXXXXXXXXXXXXXXXXXX7
31B104EAXXXXXXXXXXXXXXXXXXXX7
31B104EBXXXXXXXXXXXXXXXXXXXX7
31B104ECXXXXXXXXXXXXXXXXXXXX7
31B104EEXXXXXXXXXXXXXXXXXXXX7
31B104EFXXXXXXXXXXXXXXXXXXXX7
31B104F0XXXXXXXXXXXXXXXXXXXX7
31B104F1XXXXXXXXXXXXXXXXXXXX7
31B104F2XXXXXXXXXXXXXXXXXXXX7
31B104F3XXXXXXXXXXXXXXXXXXXX7
31B104F4XXXXXXXXXXXXXXXXXXXX7
31B104F6XXXXXXXXXXXXXXXXXXXX7
31B104F7XXXXXXXXXXXXXXXXXXXX7
31B104F8XXXXXXXXXXXXXXXXXXXX7
31B104F9XXXXXXXXXXXXXXXXXXXX7
31B104FAXXXXXXXXXXXXXXXXXXXX7
31B104FBXXXXXXXXXXXXXXXXXXXX7
31B104FCXXXXXXXXXXXXXXXXXXXX7
31B104FEXXXXXXXXXXXXXXXXXXXX7
31B104FFXXXXXXXXXXXXXXXXXXXX7
31B105XXDDCCBBAAXXXXXXXXXXXXA
31B106XXXXXXXXXXXXXXXXXXXXXX6
31B107XXXXXXXXXXXXXXXXXXXXXX6
31B108XXXXXXXXXXXXXXXXXXXXXX6
31B109XXXXXXXXXXXXXXXXXXXXXX6
31B10AXXXXXXXXXXXXXXXXXXXXXX6
31B10BXXXXXXXXXXXXXXXXXXXXXX6
31B10CXXXXXXXXXXXXXXXXXXXXXX7
31B10C01XXXXXXXXXXXXXXXXXXXX7
31B10C02XXXXXXXXXXXXXXXXXXXX7
31B10C03XXXXXXXXXXXXXXXXXXXX7
31B10C04XXXXXXXXXXXXXXXXXXXX7
31B10C06XXXXXXXXXXXXXXXXXXXX7
31B10C07XXXXXXXXXXXXXXXXXXXX7
31B10C08XXXXXXXXXXXXXXXXXXXX7
31B10C09XXXXXXXXXXXXXXXXXXXX7
31B10C0AXXXXXXXXXXXXXXXXXXXX7
31B10C0BXXXXXXXXXXXXXXXXXXXX7
31B10C0CXXXXXXXXXXXXXXXXXXXX7
31B10C0EXXXXXXXXXXXXXXXXXXXX7
31B10C0FXXXXXXXXXXXXXXXXXXXX7
31B10C10XXXXXXXXXXXXXXXXXXXX7
31B10C11XXXXXXXXXXXXXXXXXXXX7
31B10C12XXXXXXXXXXXXXXXXXXXX7
31B10C13XXXXXXXXXXXXXXXXXXXX7
31B10C14XXXXXXXXXXXXXXXXXXXX7
31B10C16XXXXXXXXXXXXXXXXXXXX7
31B10C17XXXXXXXXXXXXXXXXXXXX7
31B10C18XXXXXXXXXXXXXXXXXXXX7
31B10C19XXXXXXXXXXXXXXXXXXXX7
31B10C1AXXXXXXXXXXXXXXXXXXXX7
31B10C1BXXXXXXXXXXXXXXXXXXXX7
31B10C1CXXXXXXXXXXXXXXXXXXXX7
31B10C1EXXXXXXXXXXXXXXXXXXXX7
31B10C1FXXXXXXXXXXXXXXXXXXXX7
31B10C28XXXXXXXXXXXXXXXXXXXX7
31B10C29XXXXXXXXXXXXXXXXXXXX7
31B10C2AXXXXXXXXXXXXXXXXXXXX7
31B10C2BXXXXXXXXXXXXXXXXXXXX7
31B10C2CXXXXXXXXXXXXXXXXXXXX7
31B10C2EXXXXXXXXXXXXXXXXXXXX7
31B10C2FXXXXXXXXXXXXXXXXXXXX7
31B10C30XXXXXXXXXXXXXXXXXXXX7
31B10C31XXXXXXXXXXXXXXXXXXXX7
31B10C32XXXXXXXXXXXXXXXXXXXX7
31B10C33XXXXXXXXXXXXXXXXXXXX7
31B10C34XXXXXXXXXXXXXXXXXXXX7
31B10C36XXXXXXXXXXXXXXXXXXXX7
31B10C37XXXXXXXXXXXXXXXXXXXX7
31B10C38XXXXXXXXXXXXXXXXXXXX7
31B10C39XXXXXXXXXXXXXXXXXXXX7
31B10C3AXXXXXXXXXXXXXXXXXXXX7
31B10C3BXXXXXXXXXXXXXXXXXXXX7
31B10C3CXXXXXXXXXXXXXXXXXXXX7
31B10C3EXXXXXXXXXXXXXXXXXXXX7
31B10C3FXXXXXXXXXXXXXXXXXXXX7
31B10C40XXXXXXXXXXXXXXXXXXXX7
31B10C41XXXXXXXXXXXXXXXXXXXX7
31B10C42XXXXXXXXXXXXXXXXXXXX7
31B10C43XXXXXXXXXXXXXXXXXXXX7
31B10C44XXXXXXXXXXXXXXXXXXXX7
31B10C46XXXXXXXXXXXXXXXXXXXX7
31B10C47XXXXXXXXXXXXXXXXXXXX7
31B10C48XXXXXXXXXXXXXXXXXXXX7
31B10C49XXXXXXXXXXXXXXXXXXXX7
31B10C4AXXXXXXXXXXXXXXXXXXXX7
31B10C4BXXXXXXXXXXXXXXXXXXXX7
31B10C4CXXXXXXXXXXXXXXXXXXXX7
31B10C4EXXXXXXXXXXXXXXXXXXXX7
31B10C4FXXXXXXXXXXXXXXXXXXXX7
31B10C50XXXXXXXXXXXXXXXXXXXX7
31B10C51XXXXXXXXXXXXXXXXXXXX7
31B10C52XXXXXXXXXXXXXXXXXXXX7
31B10C53XXXXXXXXXXXXXXXXXXXX7
31B10C54XXXXXXXXXXXXXXXXXXXX7
31B10C56XXXXXXXXXXXXXXXXXXXX7
31B10C57XXXXXXXXXXXXXXXXXXXX7
31B10C58XXXXXXXXXXXXXXXXXXXX7
31B10C59XXXXXXXXXXXXXXXXXXXX7
31B10C5AXXXXXXXXXXXXXXXXXXXX7
31B10C5BXXXXXXXXXXXXXXXXXXXX7
31B10C5CXXXXXXXXXXXXXXXXXXXX7
31B10C5EXXXXXXXXXXXXXXXXXXXX7
31B10C5FXXXXXXXXXXXXXXXXXXXX7
31B10C68XXXXXXXXXXXXXXXXXXXX7
31B10C69XXXXXXXXXXXXXXXXXXXX7
31B10C6AXXXXXXXXXXXXXXXXXXXX7
31B10C6BXXXXXXXXXXXXXXXXXXXX7
31B10C6CXXXXXXXXXXXXXXXXXXXX7
31B10C6EXXXXXXXXXXXXXXXXXXXX7
31B10C6FXXXXXXXXXXXXXXXXXXXX7
31B10C70XXXXXXXXXXXXXXXXXXXX7
31B10C71XXXXXXXXXXXXXXXXXXXX7
31B10C72XXXXXXXXXXXXXXXXXXXX7
31B10C73XXXXXXXXXXXXXXXXXXXX7
31B10C74XXXXXXXXXXXXXXXXXXXX7
31B10C76XXXXXXXXXXXXXXXXXXXX7
31B10C77XXXXXXXXXXXXXXXXXXXX7
31B10C78XXXXXXXXXXXXXXXXXXXX7
31B10C79XXXXXXXXXXXXXXXXXXXX7
31B10C7AXXXXXXXXXXXXXXXXXXXX7
31B10C7BXXXXXXXXXXXXXXXXXXXX7
31B10C7CXXXXXXXXXXXXXXXXXXXX7
31B10C7EXXXXXXXXXXXXXXXXXXXX7
31B10C7FXXXXXXXXXXXXXXXXXXXX7
31B10C80XXXXXXXXXXXXXXXXXXXX7
31B10C81XXXXXXXXXXXXXXXXXXXX7
31B10C82XXXXXXXXXXXXXXXXXXXX7
31B10C83XXXXXXXXXXXXXXXXXXXX7
31B10C84XXXXXXXXXXXXXXXXXXXX7
31B10C86XXXXXXXXXXXXXXXXXXXX7
31B10C87XXXXXXXXXXXXXXXXXXXX7
31B10C88XXXXXXXXXXXXXXXXXXXX7
31B10C89XXXXXXXXXXXXXXXXXXXX7
31B10C8AXXXXXXXXXXXXXXXXXXXX7
31B10C8BXXXXXXXXXXXXXXXXXXXX7
31B10C8CXXXXXXXXXXXXXXXXXXXX7
31B10C8EXXXXXXXXXXXXXXXXXXXX7
31B10C8FXXXXXXXXXXXXXXXXXXXX7
31B10C90XXXXXXXXXXXXXXXXXXXX7
31B10C91XXXXXXXXXXXXXXXXXXXX7
31B10C92XXXXXXXXXXXXXXXXXXXX7
31B10C93XXXXXXXXXXXXXXXXXXXX7
31B10C94XXXXXXXXXXXXXXXXXXXX7
31B10C96XXXXXXXXXXXXXXXXXXXX7
31B10C97XXXXXXXXXXXXXXXXXXXX7
31B10C98XXXXXXXXXXXXXXXXXXXX7
31B10C99XXXXXXXXXXXXXXXXXXXX7
31B10C9AXXXXXXXXXXXXXXXXXXXX7
31B10C9BXXXXXXXXXXXXXXXXXXXX7
31B10C9CXXXXXXXXXXXXXXXXXXXX7
31B10C9EXXXXXXXXXXXXXXXXXXXX7
31B10C9FXXXXXXXXXXXXXXXXXXXX7
31B10CA8XXXXXXXXXXXXXXXXXXXX7
31B10CA9XXXXXXXXXXXXXXXXXXXX7
31B10CAAXXXXXXXXXXXXXXXXXXXX7
31B10CABXXXXXXXXXXXXXXXXXXXX7
31B10CACXXXXXXXXXXXXXXXXXXXX7
31B10CAEXXXXXXXXXXXXXXXXXXXX7
31B10CAFXXXXXXXXXXXXXXXXXXXX7
31B10CB0XXXXXXXXXXXXXXXXXXXX7
31B10CB1XXXXXXXXXXXXXXXXXXXX7
31B10CB2XXXXXXXXXXXXXXXXXXXX7
31B10CB3XXXXXXXXXXXXXXXXXXXX7
31B10CB4XXXXXXXXXXXXXXXXXXXX7
31B10CB6XXXXXXXXXXXXXXXXXXXX7
31B10CB7XXXXXXXXXXXXXXXXXXXX7
31B10CB8XXXXXXXXXXXXXXXXXXXX7
31B10CB9XXXXXXXXXXXXXXXXXXXX7
31B10CBAXXXXXXXXXXXXXXXXXXXX7
31B10CBBXXXXXXXXXXXXXXXXXXXX7
31B10CBCXXXXXXXXXXXXXXXXXXXX7
31B10CBEXXXXXXXXXXXXXXXXXXXX7
31B10CBFXXXXXXXXXXXXXXXXXXXX7
31B10CC0XXXXXXXXXXXXXXXXXXXX7
31B10CC1XXXXXXXXXXXXXXXXXXXX7
31B10CC2XXXXXXXXXXXXXXXXXXXX7
31B10CC3XXXXXXXXXXXXXXXXXXXX7
31B10CC4XXXXXXXXXXXXXXXXXXXX7
31B10CC6XXXXXXXXXXXXXXXXXXXX7
31B10CC7XXXXXXXXXXXXXXXXXXXX7
31B10CC8XXXXXXXXXXXXXXXXXXXX7
31B10CC9XXXXXXXXXXXXXXXXXXXX7
31B10CCAXXXXXXXXXXXXXXXXXXXX7
31B10CCBXXXXXXXXXXXXXXXXXXXX7
31B10CCCXXXXXXXXXXXXXXXXXXXX7
31B10CCEXXXXXXXXXXXXXXXXXXXX7
31B10CCFXXXXXXXXXXXXXXXXXXXX7
31B10CD0XXXXXXXXXXXXXXXXXXXX7
31B10CD1XXXXXXXXXXXXXXXXXXXX7
31B10CD2XXXXXXXXXXXXXXXXXXXX7
31B10CD3XXXXXXXXXXXXXXXXXXXX7
31B10CD4XXXXXXXXXXXXXXXXXXXX7
31B10CD6XXXXXXXXXXXXXXXXXXXX7
31B10CD7XXXXXXXXXXXXXXXXXXXX7
31B10CD8XXXXXXXXXXXXXXXXXXXX7
31B10CD9XXXXXXXXXXXXXXXXXXXX7
31B10CDAXXXXXXXXXXXXXXXXXXXX7
31B10CDBXXXXXXXXXXXXXXXXXXXX7
31B10CDCXXXXXXXXXXXXXXXXXXXX7
31B10CDEXXXXXXXXXXXXXXXXXXXX7
31B10CDFXXXXXXXXXXXXXXXXXXXX7
31B10CE8XXXXXXXXXXXXXXXXXXXX7
31B10CE9XXXXXXXXXXXXXXXXXXXX7
31B10CEAXXXXXXXXXXXXXXXXXXXX7
31B10CEBXXXXXXXXXXXXXXXXXXXX7
31B10CECXXXXXXXXXXXXXXXXXXXX7
31B10CEEXXXXXXXXXXXXXXXXXXXX7
31B10CEFXXXXXXXXXXXXXXXXXXXX7
31B10CF0XXXXXXXXXXXXXXXXXXXX7
31B10CF1XXXXXXXXXXXXXXXXXXXX7
31B10CF2XXXXXXXXXXXXXXXXXXXX7
31B10CF3XXXXXXXXXXXXXXXXXXXX7
31B10CF4XXXXXXXXXXXXXXXXXXXX7
31B10CF6XXXXXXXXXXXXXXXXXXXX7
31B10CF7XXXXXXXXXXXXXXXXXXXX7
31B10CF8XXXXXXXXXXXXXXXXXXXX7
31B10CF9XXXXXXXXXXXXXXXXXXXX7
31B10CFAXXXXXXXXXXXXXXXXXXXX7
31B10CFBXXXXXXXXXXXXXXXXXXXX7
31B10CFCXXXXXXXXXXXXXXXXXXXX7
31B10CFEXXXXXXXXXXXXXXXXXXXX7
31B10CFFXXXXXXXXXXXXXXXXXXXX7
31B10DXXDDCCBBAAXXXXXXXXXXXXA
31B10EXXXXXXXXXXXXXXXXXXXXXX6
31B10FXXXXXXXXXXXXXXXXXXXXXX6
31B110XXXXXXXXXXXXXXXXXXXXXX6
31B111XXXXXXXXXXXXXXXXXXXXXX6
31B112XXXXXXXXXXXXXXXXXXXXXX6
31B113XXXXXXXXXXXXXXXXXXXXXX6
31B114XXXXXXXXXXXXXXXXXXXXXX7
31B11401XXXXXXXXXXXXXXXXXXXX7
31B11402XXXXXXXXXXXXXXXXXXXX7
31B11403XXXXXXXXXXXXXXXXXXXX7
31B11404XXXXXXXXXXXXXXXXXXXX7
31B11406XXXXXXXXXXXXXXXXXXXX7
31B11407XXXXXXXXXXXXXXXXXXXX7
31B11408XXXXXXXXXXXXXXXXXXXX7
31B11409XXXXXXXXXXXXXXXXXXXX7
31B1140AXXXXXXXXXXXXXXXXXXXX7
31B1140BXXXXXXXXXXXXXXXXXXXX7
31B1140CXXXXXXXXXXXXXXXXXXXX7
31B1140EXXXXXXXXXXXXXXXXXXXX7
31B1140FXXXXXXXXXXXXXXXXXXXX7
31B11410XXXXXXXXXXXXXXXXXXXX7
31B11411XXXXXXXXXXXXXXXXXXXX7
31B11412XXXXXXXXXXXXXXXXXXXX7
31B11413XXXXXXXXXXXXXXXXXXXX7
31B11414XXXXXXXXXXXXXXXXXXXX7
31B11416XXXXXXXXXXXXXXXXXXXX7
31B11417XXXXXXXXXXXXXXXXXXXX7
31B11418XXXXXXXXXXXXXXXXXXXX7
31B11419XXXXXXXXXXXXXXXXXXXX7
31B1141AXXXXXXXXXXXXXXXXXXXX7
31B1141BXXXXXXXXXXXXXXXXXXXX7
31B1141CXXXXXXXXXXXXXXXXXXXX7
31B1141EXXXXXXXXXXXXXXXXXXXX7
31B1141FXXXXXXXXXXXXXXXXXXXX7
31B11428XXXXXXXXXXXXXXXXXXXX7
31B11429XXXXXXXXXXXXXXXXXXXX7
31B1142AXXXXXXXXXXXXXXXXXXXX7
31B1142BXXXXXXXXXXXXXXXXXXXX7
31B1142CXXXXXXXXXXXXXXXXXXXX7
31B1142EXXXXXXXXXXXXXXXXXXXX7
31B1142FXXXXXXXXXXXXXXXXXXXX7
31B11430XXXXXXXXXXXXXXXXXXXX7
31B11431XXXXXXXXXXXXXXXXXXXX7
31B11432XXXXXXXXXXXXXXXXXXXX7
31B11433XXXXXXXXXXXXXXXXXXXX7
31B11434XXXXXXXXXXXXXXXXXXXX7
31B11436XXXXXXXXXXXXXXXXXXXX7
31B11437XXXXXXXXXXXXXXXXXXXX7
31B11438XXXXXXXXXXXXXXXXXXXX7
31B11439XXXXXXXXXXXXXXXXXXXX7
31B1143AXXXXXXXXXXXXXXXXXXXX7
31B1143BXXXXXXXXXXXXXXXXXXXX7
31B1143CXXXXXXXXXXXXXXXXXXXX7
31B1143EXXXXXXXXXXXXXXXXXXXX7
31B1143FXXXXXXXXXXXXXXXXXXXX7
31B11440XXXXXXXXXXXXXXXXXXXX7
31B11441XXXXXXXXXXXXXXXXXXXX7
31B11442XXXXXXXXXXXXXXXXXXXX7
31B11443XXXXXXXXXXXXXXXXXXXX7
31B11444XXXXXXXXXXXXXXXXXXXX7
31B11446XXXXXXXXXXXXXXXXXXXX7
31B11447XXXXXXXXXXXXXXXXXXXX7
31B11448XXXXXXXXXXXXXXXXXXXX7
31B11449XXXXXXXXXXXXXXXXXXXX7
31B1144AXXXXXXXXXXXXXXXXXXXX7
31B1144BXXXXXXXXXXXXXXXXXXXX7
31B1144CXXXXXXXXXXXXXXXXXXXX7
31B1144EXXXXXXXXXXXXXXXXXXXX7
31B1144FXXXXXXXXXXXXXXXXXXXX7
31B11450XXXXXXXXXXXXXXXXXXXX7
31B11451XXXXXXXXXXXXXXXXXXXX7
31B11452XXXXXXXXXXXXXXXXXXXX7
31B11453XXXXXXXXXXXXXXXXXXXX7
31B11454XXXXXXXXXXXXXXXXXXXX7
31B11456XXXXXXXXXXXXXXXXXXXX7
31B11457XXXXXXXXXXXXXXXXXXXX7
31B11458XXXXXXXXXXXXXXXXXXXX7
31B11459XXXXXXXXXXXXXXXXXXXX7
31B1145AXXXXXXXXXXXXXXXXXXXX7
31B1145BXXXXXXXXXXXXXXXXXXXX7
31B1145CXXXXXXXXXXXXXXXXXXXX7
31B1145EXXXXXXXXXXXXXXXXXXXX7
31B1145FXXXXXXXXXXXXXXXXXXXX7
31B11468XXXXXXXXXXXXXXXXXXXX7
31B11469XXXXXXXXXXXXXXXXXXXX7
31B1146AXXXXXXXXXXXXXXXXXXXX7
31B1146BXXXXXXXXXXXXXXXXXXXX7
31B1146CXXXXXXXXXXXXXXXXXXXX7
31B1146EXXXXXXXXXXXXXXXXXXXX7
31B1146FXXXXXXXXXXXXXXXXXXXX7
31B11470XXXXXXXXXXXXXXXXXXXX7
31B11471XXXXXXXXXXXXXXXXXXXX7
31B11472XXXXXXXXXXXXXXXXXXXX7
31B11473XXXXXXXXXXXXXXXXXXXX7
31B11474XXXXXXXXXXXXXXXXXXXX7
31B11476XXXXXXXXXXXXXXXXXXXX7
31B11477XXXXXXXXXXXXXXXXXXXX7
31B11478XXXXXXXXXXXXXXXXXXXX7
31B11479XXXXXXXXXXXXXXXXXXXX7
31B1147AXXXXXXXXXXXXXXXXXXXX7
31B1147BXXXXXXXXXXXXXXXXXXXX7
31B1147CXXXXXXXXXXXXXXXXXXXX7
31B1147EXXXXXXXXXXXXXXXXXXXX7
31B1147FXXXXXXXXXXXXXXXXXXXX7
31B11480XXXXXXXXXXXXXXXXXXXX7
31B11481XXXXXXXXXXXXXXXXXXXX7
31B11482XXXXXXXXXXXXXXXXXXXX7
31B11483XXXXXXXXXXXXXXXXXXXX7
31B11484XXXXXXXXXXXXXXXXXXXX7
31B11486XXXXXXXXXXXXXXXXXXXX7
31B11487XXXXXXXXXXXXXXXXXXXX7
31B11488XXXXXXXXXXXXXXXXXXXX7
31B11489XXXXXXXXXXXXXXXXXXXX7
31B1148AXXXXXXXXXXXXXXXXXXXX7
31B1148BXXXXXXXXXXXXXXXXXXXX7
31B1148CXXXXXXXXXXXXXXXXXXXX7
31B1148EXXXXXXXXXXXXXXXXXXXX7
31B1148FXXXXXXXXXXXXXXXXXXXX7
31B11490XXXXXXXXXXXXXXXXXXXX7
31B11491XXXXXXXXXXXXXXXXXXXX7
31B11492XXXXXXXXXXXXXXXXXXXX7
31B11493XXXXXXXXXXXXXXXXXXXX7
31B11494XXXXXXXXXXXXXXXXXXXX7
31B11496XXXXXXXXXXXXXXXXXXXX7
31B11497XXXXXXXXXXXXXXXXXXXX7
31B11498XXXXXXXXXXXXXXXXXXXX7
31B11499XXXXXXXXXXXXXXXXXXXX7
31B1149AXXXXXXXXXXXXXXXXXXXX7
31B1149BXXXXXXXXXXXXXXXXXXXX7
31B1149CXXXXXXXXXXXXXXXXXXXX7
31B1149EXXXXXXXXXXXXXXXXXXXX7
31B1149FXXXXXXXXXXXXXXXXXXXX7
31B114A8XXXXXXXXXXXXXXXXXXXX7
31B114A9XXXXXXXXXXXXXXXXXXXX7
31B114AAXXXXXXXXXXXXXXXXXXXX7
31B114ABXXXXXXXXXXXXXXXXXXXX7
31B114ACXXXXXXXXXXXXXXXXXXXX7
31B114AEXXXXXXXXXXXXXXXXXXXX7
31B114AFXXXXXXXXXXXXXXXXXXXX7
31B114B0XXXXXXXXXXXXXXXXXXXX7
31B114B1XXXXXXXXXXXXXXXXXXXX7
31B114B2XXXXXXXXXXXXXXXXXXXX7
31B114B3XXXXXXXXXXXXXXXXXXXX7
31B114B4XXXXXXXXXXXXXXXXXXXX7
31B114B6XXXXXXXXXXXXXXXXXXXX7
31B114B7XXXXXXXXXXXXXXXXXXXX7
31B114B8XXXXXXXXXXXXXXXXXXXX7
31B114B9XXXXXXXXXXXXXXXXXXXX7
31B114BAXXXXXXXXXXXXXXXXXXXX7
31B114BBXXXXXXXXXXXXXXXXXXXX7
31B114BCXXXXXXXXXXXXXXXXXXXX7
31B114BEXXXXXXXXXXXXXXXXXXXX7
31B114BFXXXXXXXXXXXXXXXXXXXX7
31B114C0XXXXXXXXXXXXXXXXXXXX7
31B114C1XXXXXXXXXXXXXXXXXXXX7
31B114C2XXXXXXXXXXXXXXXXXXXX7
31B114C3XXXXXXXXXXXXXXXXXXXX7
31B114C4XXXXXXXXXXXXXXXXXXXX7
31B114C6XXXXXXXXXXXXXXXXXXXX7
31B114C7XXXXXXXXXXXXXXXXXXXX7
31B114C8XXXXXXXXXXXXXXXXXXXX7
31B114C9XXXXXXXXXXXXXXXXXXXX7
31B114CAXXXXXXXXXXXXXXXXXXXX7
31B114CBXXXXXXXXXXXXXXXXXXXX7
31B114CCXXXXXXXXXXXXXXXXXXXX7
31B114CEXXXXXXXXXXXXXXXXXXXX7
31B114CFXXXXXXXXXXXXXXXXXXXX7
31B114D0XXXXXXXXXXXXXXXXXXXX7
31B114D1XXXXXXXXXXXXXXXXXXXX7
31B114D2XXXXXXXXXXXXXXXXXXXX7
31B114D3XXXXXXXXXXXXXXXXXXXX7
31B114D4XXXXXXXXXXXXXXXXXXXX7
31B114D6XXXXXXXXXXXXXXXXXXXX7
31B114D7XXXXXXXXXXXXXXXXXXXX7
31B114D8XXXXXXXXXXXXXXXXXXXX7
31B114D9XXXXXXXXXXXXXXXXXXXX7
31B114DAXXXXXXXXXXXXXXXXXXXX7
31B114DBXXXXXXXXXXXXXXXXXXXX7
31B114DCXXXXXXXXXXXXXXXXXXXX7
31B114DEXXXXXXXXXXXXXXXXXXXX7
31B114DFXXXXXXXXXXXXXXXXXXXX7
31B114E8XXXXXXXXXXXXXXXXXXXX7
31B114E9XXXXXXXXXXXXXXXXXXXX7
31B114EAXXXXXXXXXXXXXXXXXXXX7
31B114EBXXXXXXXXXXXXXXXXXXXX7
31B114ECXXXXXXXXXXXXXXXXXXXX7
31B114EEXXXXXXXXXXXXXXXXXXXX7
31B114EFXXXXXXXXXXXXXXXXXXXX7
31B114F0XXXXXXXXXXXXXXXXXXXX7
31B114F1XXXXXXXXXXXXXXXXXXXX7
31B114F2XXXXXXXXXXXXXXXXXXXX7
31B114F3XXXXXXXXXXXXXXXXXXXX7
31B114F4XXXXXXXXXXXXXXXXXXXX7
31B114F6XXXXXXXXXXXXXXXXXXXX7
31B114F7XXXXXXXXXXXXXXXXXXXX7
31B114F8XXXXXXXXXXXXXXXXXXXX7
31B114F9XXXXXXXXXXXXXXXXXXXX7
31B114FAXXXXXXXXXXXXXXXXXXXX7
31B114FBXXXXXXXXXXXXXXXXXXXX7
31B114FCXXXXXXXXXXXXXXXXXXXX7
31B114FEXXXXXXXXXXXXXXXXXXXX7
31B114FFXXXXXXXXXXXXXXXXXXXX7
31B115XXDDCCBBAAXXXXXXXXXXXXA
31B116XXXXXXXXXXXXXXXXXXXXXX6
31B117XXXXXXXXXXXXXXXXXXXXXX6
31B118XXXXXXXXXXXXXXXXXXXXXX6
31B119XXXXXXXXXXXXXXXXXXXXXX6
31B11AXXXXXXXXXXXXXXXXXXXXXX6
31B11BXXXXXXXXXXXXXXXXXXXXXX6
31B11CXXXXXXXXXXXXXXXXXXXXXX7
31B11C01XXXXXXXXXXXXXXXXXXXX7
31B11C02XXXXXXXXXXXXXXXXXXXX7
31B11C03XXXXXXXXXXXXXXXXXXXX7
31B11C04XXXXXXXXXXXXXXXXXXXX7
31B11C06XXXXXXXXXXXXXXXXXXXX7
31B11C07XXXXXXXXXXXXXXXXXXXX7
31B11C08XXXXXXXXXXXXXXXXXXXX7
31B11C09XXXXXXXXXXXXXXXXXXXX7
31B11C0AXXXXXXXXXXXXXXXXXXXX7
31B11C0BXXXXXXXXXXXXXXXXXXXX7
31B11C0CXXXXXXXXXXXXXXXXXXXX7
31B11C0EXXXXXXXXXXXXXXXXXXXX7
31B11C0FXXXXXXXXXXXXXXXXXXXX7
31B11C10XXXXXXXXXXXXXXXXXXXX7
31B11C11XXXXXXXXXXXXXXXXXXXX7
31B11C12XXXXXXXXXXXXXXXXXXXX7
31B11C13XXXXXXXXXXXXXXXXXXXX7
31B11C14XXXXXXXXXXXXXXXXXXXX7
31B11C16XXXXXXXXXXXXXXXXXXXX7
31B11C17XXXXXXXXXXXXXXXXXXXX7
31B11C18XXXXXXXXXXXXXXXXXXXX7
31B11C19XXXXXXXXXXXXXXXXXXXX7
31B11C1AXXXXXXXXXXXXXXXXXXXX7
31B11C1BXXXXXXXXXXXXXXXXXXXX7
31B11C1CXXXXXXXXXXXXXXXXXXXX7
31B11C1EXXXXXXXXXXXXXXXXXXXX7
31B11C1FXXXXXXXXXXXXXXXXXXXX7
31B11C28XXXXXXXXXXXXXXXXXXXX7
31B11C29XXXXXXXXXXXXXXXXXXXX7
31B11C2AXXXXXXXXXXXXXXXXXXXX7
31B11C2BXXXXXXXXXXXXXXXXXXXX7
31B11C2CXXXXXXXXXXXXXXXXXXXX7
31B11C2EXXXXXXXXXXXXXXXXXXXX7
31B11C2FXXXXXXXXXXXXXXXXXXXX7
31B11C30XXXXXXXXXXXXXXXXXXXX7
31B11C31XXXXXXXXXXXXXXXXXXXX7
31B11C32XXXXXXXXXXXXXXXXXXXX7
31B11C33XXXXXXXXXXXXXXXXXXXX7
31B11C34XXXXXXXXXXXXXXXXXXXX7
31B11C36XXXXXXXXXXXXXXXXXXXX7
31B11C37XXXXXXXXXXXXXXXXXXXX7
31B11C38XXXXXXXXXXXXXXXXXXXX7
31B11C39XXXXXXXXXXXXXXXXXXXX7
31B11C3AXXXXXXXXXXXXXXXXXXXX7
31B11C3BXXXXXXXXXXXXXXXXXXXX7
31B11C3CXXXXXXXXXXXXXXXXXXXX7
31B11C3EXXXXXXXXXXXXXXXXXXXX7
31B11C3FXXXXXXXXXXXXXXXXXXXX7
31B11C40XXXXXXXXXXXXXXXXXXXX7
31B11C41XXXXXXXXXXXXXXXXXXXX7
31B11C42XXXXXXXXXXXXXXXXXXXX7
31B11C43XXXXXXXXXXXXXXXXXXXX7
31B11C44XXXXXXXXXXXXXXXXXXXX7
31B11C46XXXXXXXXXXXXXXXXXXXX7
31B11C47XXXXXXXXXXXXXXXXXXXX7
31B11C48XXXXXXXXXXXXXXXXXXXX7
31B11C49XXXXXXXXXXXXXXXXXXXX7
31B11C4AXXXXXXXXXXXXXXXXXXXX7
31B11C4BXXXXXXXXXXXXXXXXXXXX7
31B11C4CXXXXXXXXXXXXXXXXXXXX7
31B11C4EXXXXXXXXXXXXXXXXXXXX7
31B11C4FXXXXXXXXXXXXXXXXXXXX7
31B11C50XXXXXXXXXXXXXXXXXXXX7
31B11C51XXXXXXXXXXXXXXXXXXXX7
31B11C52XXXXXXXXXXXXXXXXXXXX7
31B11C53XXXXXXXXXXXXXXXXXXXX7
31B11C54XXXXXXXXXXXXXXXXXXXX7
31B11C56XXXXXXXXXXXXXXXXXXXX7
31B11C57XXXXXXXXXXXXXXXXXXXX7
31B11C58XXXXXXXXXXXXXXXXXXXX7
31B11C59XXXXXXXXXXXXXXXXXXXX7
31B11C5AXXXXXXXXXXXXXXXXXXXX7
31B11C5BXXXXXXXXXXXXXXXXXXXX7
31B11C5CXXXXXXXXXXXXXXXXXXXX7
31B11C5EXXXXXXXXXXXXXXXXXXXX7
31B11C5FXXXXXXXXXXXXXXXXXXXX7
31B11C68XXXXXXXXXXXXXXXXXXXX7
31B11C69XXXXXXXXXXXXXXXXXXXX7
31B11C6AXXXXXXXXXXXXXXXXXXXX7
31B11C6BXXXXXXXXXXXXXXXXXXXX7
31B11C6CXXXXXXXXXXXXXXXXXXXX7
31B11C6EXXXXXXXXXXXXXXXXXXXX7
31B11C6FXXXXXXXXXXXXXXXXXXXX7
31B11C70XXXXXXXXXXXXXXXXXXXX7
31B11C71XXXXXXXXXXXXXXXXXXXX7
31B11C72XXXXXXXXXXXXXXXXXXXX7
31B11C73XXXXXXXXXXXXXXXXXXXX7
31B11C74XXXXXXXXXXXXXXXXXXXX7
31B11C76XXXXXXXXXXXXXXXXXXXX7
31B11C77XXXXXXXXXXXXXXXXXXXX7
31B11C78XXXXXXXXXXXXXXXXXXXX7
31B11C79XXXXXXXXXXXXXXXXXXXX7
31B11C7AXXXXXXXXXXXXXXXXXXXX7
31B11C7BXXXXXXXXXXXXXXXXXXXX7
31B11C7CXXXXXXXXXXXXXXXXXXXX7
31B11C7EXXXXXXXXXXXXXXXXXXXX7
31B11C7FXXXXXXXXXXXXXXXXXXXX7
31B11C80XXXXXXXXXXXXXXXXXXXX7
31B11C81XXXXXXXXXXXXXXXXXXXX7
31B11C82XXXXXXXXXXXXXXXXXXXX7
31B11C83XXXXXXXXXXXXXXXXXXXX7
31B11C84XXXXXXXXXXXXXXXXXXXX7
31B11C86XXXXXXXXXXXXXXXXXXXX7
31B11C87XXXXXXXXXXXXXXXXXXXX7
31B11C88XXXXXXXXXXXXXXXXXXXX7
31B11C89XXXXXXXXXXXXXXXXXXXX7
31B11C8AXXXXXXXXXXXXXXXXXXXX7
31B11C8BXXXXXXXXXXXXXXXXXXXX7
31B11C8CXXXXXXXXXXXXXXXXXXXX7
31B11C8EXXXXXXXXXXXXXXXXXXXX7
31B11C8FXXXXXXXXXXXXXXXXXXXX7
31B11C90XXXXXXXXXXXXXXXXXXXX7
31B11C91XXXXXXXXXXXXXXXXXXXX7
31B11C92XXXXXXXXXXXXXXXXXXXX7
31B11C93XXXXXXXXXXXXXXXXXXXX7
31B11C94XXXXXXXXXXXXXXXXXXXX7
31B11C96XXXXXXXXXXXXXXXXXXXX7
31B11C97XXXXXXXXXXXXXXXXXXXX7
31B11C98XXXXXXXXXXXXXXXXXXXX7
31B11C99XXXXXXXXXXXXXXXXXXXX7
31B11C9AXXXXXXXXXXXXXXXXXXXX7
31B11C9BXXXXXXXXXXXXXXXXXXXX7
31B11C9CXXXXXXXXXXXXXXXXXXXX7
31B11C9EXXXXXXXXXXXXXXXXXXXX7
31B11C9FXXXXXXXXXXXXXXXXXXXX7
31B11CA8XXXXXXXXXXXXXXXXXXXX7
31B11CA9XXXXXXXXXXXXXXXXXXXX7
31B11CAAXXXXXXXXXXXXXXXXXXXX7
31B11CABXXXXXXXXXXXXXXXXXXXX7
31B11CACXXXXXXXXXXXXXXXXXXXX7
31B11CAEXXXXXXXXXXXXXXXXXXXX7
31B11CAFXXXXXXXXXXXXXXXXXXXX7
31B11CB0XXXXXXXXXXXXXXXXXXXX7
31B11CB1XXXXXXXXXXXXXXXXXXXX7
31B11CB2XXXXXXXXXXXXXXXXXXXX7
31B11CB3XXXXXXXXXXXXXXXXXXXX7
31B11CB4XXXXXXXXXXXXXXXXXXXX7
31B11CB6XXXXXXXXXXXXXXXXXXXX7
31B11CB7XXXXXXXXXXXXXXXXXXXX7
31B11CB8XXXXXXXXXXXXXXXXXXXX7
31B11CB9XXXXXXXXXXXXXXXXXXXX7
31B11CBAXXXXXXXXXXXXXXXXXXXX7
31B11CBBXXXXXXXXXXXXXXXXXXXX7
31B11CBCXXXXXXXXXXXXXXXXXXXX7
31B11CBEXXXXXXXXXXXXXXXXXXXX7
31B11CBFXXXXXXXXXXXXXXXXXXXX7
31B11CC0XXXXXXXXXXXXXXXXXXXX7
31B11CC1XXXXXXXXXXXXXXXXXXXX7
31B11CC2XXXXXXXXXXXXXXXXXXXX7
31B11CC3XXXXXXXXXXXXXXXXXXXX7
31B11CC4XXXXXXXXXXXXXXXXXXXX7
31B11CC6XXXXXXXXXXXXXXXXXXXX7
31B11CC7XXXXXXXXXXXXXXXXXXXX7
31B11CC8XXXXXXXXXXXXXXXXXXXX7
31B11CC9XXXXXXXXXXXXXXXXXXXX7
31B11CCAXXXXXXXXXXXXXXXXXXXX7
31B11CCBXXXXXXXXXXXXXXXXXXXX7
31B11CCCXXXXXXXXXXXXXXXXXXXX7
31B11CCEXXXXXXXXXXXXXXXXXXXX7
31B11CCFXXXXXXXXXXXXXXXXXXXX7
31B11CD0XXXXXXXXXXXXXXXXXXXX7
31B11CD1XXXXXXXXXXXXXXXXXXXX7
31B11CD2XXXXXXXXXXXXXXXXXXXX7
31B11CD3XXXXXXXXXXXXXXXXXXXX7
31B11CD4XXXXXXXXXXXXXXXXXXXX7
31B11CD6XXXXXXXXXXXXXXXXXXXX7
31B11CD7XXXXXXXXXXXXXXXXXXXX7
31B11CD8XXXXXXXXXXXXXXXXXXXX7
31B11CD9XXXXXXXXXXXXXXXXXXXX7
31B11CDAXXXXXXXXXXXXXXXXXXXX7
31B11CDBXXXXXXXXXXXXXXXXXXXX7
31B11CDCXXXXXXXXXXXXXXXXXXXX7
31B11CDEXXXXXXXXXXXXXXXXXXXX7
31B11CDFXXXXXXXXXXXXXXXXXXXX7
31B11CE8XXXXXXXXXXXXXXXXXXXX7
31B11CE9XXXXXXXXXXXXXXXXXXXX7
31B11CEAXXXXXXXXXXXXXXXXXXXX7
31B11CEBXXXXXXXXXXXXXXXXXXXX7
31B11CECXXXXXXXXXXXXXXXXXXXX7
31B11CEEXXXXXXXXXXXXXXXXXXXX7
31B11CEFXXXXXXXXXXXXXXXXXXXX7
31B11CF0XXXXXXXXXXXXXXXXXXXX7
31B11CF1XXXXXXXXXXXXXXXXXXXX7
31B11CF2XXXXXXXXXXXXXXXXXXXX7
31B11CF3XXXXXXXXXXXXXXXXXXXX7
31B11CF4XXXXXXXXXXXXXXXXXXXX7
31B11CF6XXXXXXXXXXXXXXXXXXXX7
31B11CF7XXXXXXXXXXXXXXXXXXXX7
31B11CF8XXXXXXXXXXXXXXXXXXXX7
31B11CF9XXXXXXXXXXXXXXXXXXXX7
31B11CFAXXXXXXXXXXXXXXXXXXXX7
31B11CFBXXXXXXXXXXXXXXXXXXXX7
31B11CFCXXXXXXXXXXXXXXXXXXXX7
31B11CFEXXXXXXXXXXXXXXXXXXXX7
31B11CFFXXXXXXXXXXXXXXXXXXXX7
31B11DXXDDCCBBAAXXXXXXXXXXXXA
31B11EXXXXXXXXXXXXXXXXXXXXXX6
31B11FXXXXXXXXXXXXXXXXXXXXXX6
31B120XXXXXXXXXXXXXXXXXXXXXX6
31B121XXXXXXXXXXXXXXXXXXXXXX6
31B122XXXXXXXXXXXXXXXXXXXXXX6
31B123XXXXXXXXXXXXXXXXXXXXXX6
31B124XXXXXXXXXXXXXXXXXXXXXX7
31B12401XXXXXXXXXXXXXXXXXXXX7
31B12402XXXXXXXXXXXXXXXXXXXX7
31B12403XXXXXXXXXXXXXXXXXXXX7
31B12404XXXXXXXXXXXXXXXXXXXX7
31B12406XXXXXXXXXXXXXXXXXXXX7
31B12407XXXXXXXXXXXXXXXXXXXX7
31B12408XXXXXXXXXXXXXXXXXXXX7
31B12409XXXXXXXXXXXXXXXXXXXX7
31B1240AXXXXXXXXXXXXXXXXXXXX7
31B1240BXXXXXXXXXXXXXXXXXXXX7
31B1240CXXXXXXXXXXXXXXXXXXXX7
31B1240EXXXXXXXXXXXXXXXXXXXX7
31B1240FXXXXXXXXXXXXXXXXXXXX7
31B12410XXXXXXXXXXXXXXXXXXXX7
31B12411XXXXXXXXXXXXXXXXXXXX7
31B12412XXXXXXXXXXXXXXXXXXXX7
31B12413XXXXXXXXXXXXXXXXXXXX7
31B12414XXXXXXXXXXXXXXXXXXXX7
31B12416XXXXXXXXXXXXXXXXXXXX7
31B12417XXXXXXXXXXXXXXXXXXXX7
31B12418XXXXXXXXXXXXXXXXXXXX7
31B12419XXXXXXXXXXXXXXXXXXXX7
31B1241AXXXXXXXXXXXXXXXXXXXX7
31B1241BXXXXXXXXXXXXXXXXXXXX7
31B1241CXXXXXXXXXXXXXXXXXXXX7
31B1241EXXXXXXXXXXXXXXXXXXXX7
31B1241FXXXXXXXXXXXXXXXXXXXX7
31B12428XXXXXXXXXXXXXXXXXXXX7
31B12429XXXXXXXXXXXXXXXXXXXX7
31B1242AXXXXXXXXXXXXXXXXXXXX7
31B1242BXXXXXXXXXXXXXXXXXXXX7
31B1242CXXXXXXXXXXXXXXXXXXXX7
31B1242EXXXXXXXXXXXXXXXXXXXX7
31B1242FXXXXXXXXXXXXXXXXXXXX7
31B12430XXXXXXXXXXXXXXXXXXXX7
31B12431XXXXXXXXXXXXXXXXXXXX7
31B12432XXXXXXXXXXXXXXXXXXXX7
31B12433XXXXXXXXXXXXXXXXXXXX7
31B12434XXXXXXXXXXXXXXXXXXXX7
31B12436XXXXXXXXXXXXXXXXXXXX7
31B12437XXXXXXXXXXXXXXXXXXXX7
31B12438XXXXXXXXXXXXXXXXXXXX7
31B12439XXXXXXXXXXXXXXXXXXXX7
31B1243AXXXXXXXXXXXXXXXXXXXX7
31B1243BXXXXXXXXXXXXXXXXXXXX7
31B1243CXXXXXXXXXXXXXXXXXXXX7
31B1243EXXXXXXXXXXXXXXXXXXXX7
31B1243FXXXXXXXXXXXXXXXXXXXX7
31B12440XXXXXXXXXXXXXXXXXXXX7
31B12441XXXXXXXXXXXXXXXXXXXX7
31B12442XXXXXXXXXXXXXXXXXXXX7
31B12443XXXXXXXXXXXXXXXXXXXX7
31B12444XXXXXXXXXXXXXXXXXXXX7
31B12446XXXXXXXXXXXXXXXXXXXX7
31B12447XXXXXXXXXXXXXXXXXXXX7
31B12448XXXXXXXXXXXXXXXXXXXX7
31B12449XXXXXXXXXXXXXXXXXXXX7
31B1244AXXXXXXXXXXXXXXXXXXXX7
31B1244BXXXXXXXXXXXXXXXXXXXX7
31B1244CXXXXXXXXXXXXXXXXXXXX7
31B1244EXXXXXXXXXXXXXXXXXXXX7
31B1244FXXXXXXXXXXXXXXXXXXXX7
31B12450XXXXXXXXXXXXXXXXXXXX7
31B12451XXXXXXXXXXXXXXXXXXXX7
31B12452XXXXXXXXXXXXXXXXXXXX7
31B12453XXXXXXXXXXXXXXXXXXXX7
31B12454XXXXXXXXXXXXXXXXXXXX7
31B12456XXXXXXXXXXXXXXXXXXXX7
31B12457XXXXXXXXXXXXXXXXXXXX7
31B12458XXXXXXXXXXXXXXXXXXXX7
31B12459XXXXXXXXXXXXXXXXXXXX7
31B1245AXXXXXXXXXXXXXXXXXXXX7
31B1245BXXXXXXXXXXXXXXXXXXXX7
31B1245CXXXXXXXXXXXXXXXXXXXX7
31B1245EXXXXXXXXXXXXXXXXXXXX7
31B1245FXXXXXXXXXXXXXXXXXXXX7
31B12468XXXXXXXXXXXXXXXXXXXX7
31B12469XXXXXXXXXXXXXXXXXXXX7
31B1246AXXXXXXXXXXXXXXXXXXXX7
31B1246BXXXXXXXXXXXXXXXXXXXX7
31B1246CXXXXXXXXXXXXXXXXXXXX7
31B1246EXXXXXXXXXXXXXXXXXXXX7
31B1246FXXXXXXXXXXXXXXXXXXXX7
31B12470XXXXXXXXXXXXXXXXXXXX7
31B12471XXXXXXXXXXXXXXXXXXXX7
31B12472XXXXXXXXXXXXXXXXXXXX7
31B12473XXXXXXXXXXXXXXXXXXXX7
31B12474XXXXXXXXXXXXXXXXXXXX7
31B12476XXXXXXXXXXXXXXXXXXXX7
31B12477XXXXXXXXXXXXXXXXXXXX7
31B12478XXXXXXXXXXXXXXXXXXXX7
31B12479XXXXXXXXXXXXXXXXXXXX7
31B1247AXXXXXXXXXXXXXXXXXXXX7
31B1247BXXXXXXXXXXXXXXXXXXXX7
31B1247CXXXXXXXXXXXXXXXXXXXX7
31B1247EXXXXXXXXXXXXXXXXXXXX7
31B1247FXXXXXXXXXXXXXXXXXXXX7
31B12480XXXXXXXXXXXXXXXXXXXX7
31B12481XXXXXXXXXXXXXXXXXXXX7
31B12482XXXXXXXXXXXXXXXXXXXX7
31B12483XXXXXXXXXXXXXXXXXXXX7
31B12484XXXXXXXXXXXXXXXXXXXX7
31B12486XXXXXXXXXXXXXXXXXXXX7
31B12487XXXXXXXXXXXXXXXXXXXX7
31B12488XXXXXXXXXXXXXXXXXXXX7
31B12489XXXXXXXXXXXXXXXXXXXX7
31B1248AXXXXXXXXXXXXXXXXXXXX7
31B1248BXXXXXXXXXXXXXXXXXXXX7
31B1248CXXXXXXXXXXXXXXXXXXXX7
31B1248EXXXXXXXXXXXXXXXXXXXX7
31B1248FXXXXXXXXXXXXXXXXXXXX7
31B12490XXXXXXXXXXXXXXXXXXXX7
31B12491XXXXXXXXXXXXXXXXXXXX7
31B12492XXXXXXXXXXXXXXXXXXXX7
31B12493XXXXXXXXXXXXXXXXXXXX7
31B12494XXXXXXXXXXXXXXXXXXXX7
31B12496XXXXXXXXXXXXXXXXXXXX7
31B12497XXXXXXXXXXXXXXXXXXXX7
31B12498XXXXXXXXXXXXXXXXXXXX7
31B12499XXXXXXXXXXXXXXXXXXXX7
31B1249AXXXXXXXXXXXXXXXXXXXX7
31B1249BXXXXXXXXXXXXXXXXXXXX7
31B1249CXXXXXXXXXXXXXXXXXXXX7
31B1249EXXXXXXXXXXXXXXXXXXXX7
31B1249FXXXXXXXXXXXXXXXXXXXX7
31B124A8XXXXXXXXXXXXXXXXXXXX7
31B124A9XXXXXXXXXXXXXXXXXXXX7
31B124AAXXXXXXXXXXXXXXXXXXXX7
31B124ABXXXXXXXXXXXXXXXXXXXX7
31B124ACXXXXXXXXXXXXXXXXXXXX7
31B124AEXXXXXXXXXXXXXXXXXXXX7
31B124AFXXXXXXXXXXXXXXXXXXXX7
31B124B0XXXXXXXXXXXXXXXXXXXX7
31B124B1XXXXXXXXXXXXXXXXXXXX7
31B124B2XXXXXXXXXXXXXXXXXXXX7
31B124B3XXXXXXXXXXXXXXXXXXXX7
31B124B4XXXXXXXXXXXXXXXXXXXX7
31B124B6XXXXXXXXXXXXXXXXXXXX7
31B124B7XXXXXXXXXXXXXXXXXXXX7
31B124B8XXXXXXXXXXXXXXXXXXXX7
31B124B9XXXXXXXXXXXXXXXXXXXX7
31B124BAXXXXXXXXXXXXXXXXXXXX7
31B124BBXXXXXXXXXXXXXXXXXXXX7
31B124BCXXXXXXXXXXXXXXXXXXXX7
31B124BEXXXXXXXXXXXXXXXXXXXX7
31B124BFXXXXXXXXXXXXXXXXXXXX7
31B124C0XXXXXXXXXXXXXXXXXXXX7
31B124C1XXXXXXXXXXXXXXXXXXXX7
31B124C2XXXXXXXXXXXXXXXXXXXX7
31B124C3XXXXXXXXXXXXXXXXXXXX7
31B124C4XXXXXXXXXXXXXXXXXXXX7
31B124C6XXXXXXXXXXXXXXXXXXXX7
31B124C7XXXXXXXXXXXXXXXXXXXX7
31B124C8XXXXXXXXXXXXXXXXXXXX7
31B124C9XXXXXXXXXXXXXXXXXXXX7
31B124CAXXXXXXXXXXXXXXXXXXXX7
31B124CBXXXXXXXXXXXXXXXXXXXX7
31B124CCXXXXXXXXXXXXXXXXXXXX7
31B124CEXXXXXXXXXXXXXXXXXXXX7
31B124CFXXXXXXXXXXXXXXXXXXXX7
31B124D0XXXXXXXXXXXXXXXXXXXX7
31B124D1XXXXXXXXXXXXXXXXXXXX7
31B124D2XXXXXXXXXXXXXXXXXXXX7
31B124D3XXXXXXXXXXXXXXXXXXXX7
31B124D4XXXXXXXXXXXXXXXXXXXX7
31B124D6XXXXXXXXXXXXXXXXXXXX7
31B124D7XXXXXXXXXXXXXXXXXXXX7
31B124D8XXXXXXXXXXXXXXXXXXXX7
31B124D9XXXXXXXXXXXXXXXXXXXX7
31B124DAXXXXXXXXXXXXXXXXXXXX7
31B124DBXXXXXXXXXXXXXXXXXXXX7
31B124DCXXXXXXXXXXXXXXXXXXXX7
31B124DEXXXXXXXXXXXXXXXXXXXX7
31B124DFXXXXXXXXXXXXXXXXXXXX7
31B124E8XXXXXXXXXXXXXXXXXXXX7
31B124E9XXXXXXXXXXXXXXXXXXXX7
31B124EAXXXXXXXXXXXXXXXXXXXX7
31B124EBXXXXXXXXXXXXXXXXXXXX7
31B124ECXXXXXXXXXXXXXXXXXXXX7
31B124EEXXXXXXXXXXXXXXXXXXXX7
31B124EFXXXXXXXXXXXXXXXXXXXX7
31B124F0XXXXXXXXXXXXXXXXXXXX7
31B124F1XXXXXXXXXXXXXXXXXXXX7
31B124F2XXXXXXXXXXXXXXXXXXXX7
31B124F3XXXXXXXXXXXXXXXXXXXX7
31B124F4XXXXXXXXXXXXXXXXXXXX7
31B124F6XXXXXXXXXXXXXXXXXXXX7
31B124F7XXXXXXXXXXXXXXXXXXXX7
31B124F8XXXXXXXXXXXXXXXXXXXX7
31B124F9XXXXXXXXXXXXXXXXXXXX7
31B124FAXXXXXXXXXXXXXXXXXXXX7
31B124FBXXXXXXXXXXXXXXXXXXXX7
31B124FCXXXXXXXXXXXXXXXXXXXX7
31B124FEXXXXXXXXXXXXXXXXXXXX7
31B124FFXXXXXXXXXXXXXXXXXXXX7
31B125XXDDCCBBAAXXXXXXXXXXXXA
31B126XXXXXXXXXXXXXXXXXXXXXX6
31B127XXXXXXXXXXXXXXXXXXXXXX6
31B128XXXXXXXXXXXXXXXXXXXXXX6
31B129XXXXXXXXXXXXXXXXXXXXXX6
31B12AXXXXXXXXXXXXXXXXXXXXXX6
31B12BXXXXXXXXXXXXXXXXXXXXXX6
31B12CXXXXXXXXXXXXXXXXXXXXXX7
31B12C01XXXXXXXXXXXXXXXXXXXX7
31B12C02XXXXXXXXXXXXXXXXXXXX7
31B12C03XXXXXXXXXXXXXXXXXXXX7
31B12C04XXXXXXXXXXXXXXXXXXXX7
31B12C06XXXXXXXXXXXXXXXXXXXX7
31B12C07XXXXXXXXXXXXXXXXXXXX7
31B12C08XXXXXXXXXXXXXXXXXXXX7
31B12C09XXXXXXXXXXXXXXXXXXXX7
31B12C0AXXXXXXXXXXXXXXXXXXXX7
31B12C0BXXXXXXXXXXXXXXXXXXXX7
31B12C0CXXXXXXXXXXXXXXXXXXXX7
31B12C0EXXXXXXXXXXXXXXXXXXXX7
31B12C0FXXXXXXXXXXXXXXXXXXXX7
31B12C10XXXXXXXXXXXXXXXXXXXX7
31B12C11XXXXXXXXXXXXXXXXXXXX7
31B12C12XXXXXXXXXXXXXXXXXXXX7
31B12C13XXXXXXXXXXXXXXXXXXXX7
31B12C14XXXXXXXXXXXXXXXXXXXX7
31B12C16XXXXXXXXXXXXXXXXXXXX7
31B12C17XXXXXXXXXXXXXXXXXXXX7
31B12C18XXXXXXXXXXXXXXXXXXXX7
31B12C19XXXXXXXXXXXXXXXXXXXX7
31B12C1AXXXXXXXXXXXXXXXXXXXX7
31B12C1BXXXXXXXXXXXXXXXXXXXX7
31B12C1CXXXXXXXXXXXXXXXXXXXX7
31B12C1EXXXXXXXXXXXXXXXXXXXX7
31B12C1FXXXXXXXXXXXXXXXXXXXX7
31B12C28XXXXXXXXXXXXXXXXXXXX7
31B12C29XXXXXXXXXXXXXXXXXXXX7
31B12C2AXXXXXXXXXXXXXXXXXXXX7
31B12C2BXXXXXXXXXXXXXXXXXXXX7
31B12C2CXXXXXXXXXXXXXXXXXXXX7
31B12C2EXXXXXXXXXXXXXXXXXXXX7
31B12C2FXXXXXXXXXXXXXXXXXXXX7
31B12C30XXXXXXXXXXXXXXXXXXXX7
31B12C31XXXXXXXXXXXXXXXXXXXX7
31B12C32XXXXXXXXXXXXXXXXXXXX7
31B12C33XXXXXXXXXXXXXXXXXXXX7
31B12C34XXXXXXXXXXXXXXXXXXXX7
31B12C36XXXXXXXXXXXXXXXXXXXX7
31B12C37XXXXXXXXXXXXXXXXXXXX7
31B12C38XXXXXXXXXXXXXXXXXXXX7
31B12C39XXXXXXXXXXXXXXXXXXXX7
31B12C3AXXXXXXXXXXXXXXXXXXXX7
31B12C3BXXXXXXXXXXXXXXXXXXXX7
31B12C3CXXXXXXXXXXXXXXXXXXXX7
31B12C3EXXXXXXXXXXXXXXXXXXXX7
31B12C3FXXXXXXXXXXXXXXXXXXXX7
31B12C40XXXXXXXXXXXXXXXXXXXX7
31B12C41XXXXXXXXXXXXXXXXXXXX7
31B12C42XXXXXXXXXXXXXXXXXXXX7
31B12C43XXXXXXXXXXXXXXXXXXXX7
31B12C44XXXXXXXXXXXXXXXXXXXX7
31B12C46XXXXXXXXXXXXXXXXXXXX7
31B12C47XXXXXXXXXXXXXXXXXXXX7
31B12C48XXXXXXXXXXXXXXXXXXXX7
31B12C49XXXXXXXXXXXXXXXXXXXX7
31B12C4AXXXXXXXXXXXXXXXXXXXX7
31B12C4BXXXXXXXXXXXXXXXXXXXX7
31B12C4CXXXXXXXXXXXXXXXXXXXX7
31B12C4EXXXXXXXXXXXXXXXXXXXX7
31B12C4FXXXXXXXXXXXXXXXXXXXX7
31B12C50XXXXXXXXXXXXXXXXXXXX7
31B12C51XXXXXXXXXXXXXXXXXXXX7
31B12C52XXXXXXXXXXXXXXXXXXXX7
31B12C53XXXXXXXXXXXXXXXXXXXX7
31B12C54XXXXXXXXXXXXXXXXXXXX7
31B12C56XXXXXXXXXXXXXXXXXXXX7
31B12C57XXXXXXXXXXXXXXXXXXXX7
31B12C58XXXXXXXXXXXXXXXXXXXX7
31B12C59XXXXXXXXXXXXXXXXXXXX7
31B12C5AXXXXXXXXXXXXXXXXXXXX7
31B12C5BXXXXXXXXXXXXXXXXXXXX7
31B12C5CXXXXXXXXXXXXXXXXXXXX7
31B12C5EXXXXXXXXXXXXXXXXXXXX7
31B12C5FXXXXXXXXXXXXXXXXXXXX7
31B12C68XXXXXXXXXXXXXXXXXXXX7
31B12C69XXXXXXXXXXXXXXXXXXXX7
31B12C6AXXXXXXXXXXXXXXXXXXXX7
31B12C6BXXXXXXXXXXXXXXXXXXXX7
31B12C6CXXXXXXXXXXXXXXXXXXXX7
31B12C6EXXXXXXXXXXXXXXXXXXXX7
31B12C6FXXXXXXXXXXXXXXXXXXXX7
31B12C70XXXXXXXXXXXXXXXXXXXX7
31B12C71XXXXXXXXXXXXXXXXXXXX7
31B12C72XXXXXXXXXXXXXXXXXXXX7
31B12C73XXXXXXXXXXXXXXXXXXXX7
31B12C74XXXXXXXXXXXXXXXXXXXX7
31B12C76XXXXXXXXXXXXXXXXXXXX7
31B12C77XXXXXXXXXXXXXXXXXXXX7
31B12C78XXXXXXXXXXXXXXXXXXXX7
31B12C79XXXXXXXXXXXXXXXXXXXX7
31B12C7AXXXXXXXXXXXXXXXXXXXX7
31B12C7BXXXXXXXXXXXXXXXXXXXX7
31B12C7CXXXXXXXXXXXXXXXXXXXX7
31B12C7EXXXXXXXXXXXXXXXXXXXX7
31B12C7FXXXXXXXXXXXXXXXXXXXX7
31B12C80XXXXXXXXXXXXXXXXXXXX7
31B12C81XXXXXXXXXXXXXXXXXXXX7
31B12C82XXXXXXXXXXXXXXXXXXXX7
31B12C83XXXXXXXXXXXXXXXXXXXX7
31B12C84XXXXXXXXXXXXXXXXXXXX7
31B12C86XXXXXXXXXXXXXXXXXXXX7
31B12C87XXXXXXXXXXXXXXXXXXXX7
31B12C88XXXXXXXXXXXXXXXXXXXX7
31B12C89XXXXXXXXXXXXXXXXXXXX7
31B12C8AXXXXXXXXXXXXXXXXXXXX7
31B12C8BXXXXXXXXXXXXXXXXXXXX7
31B12C8CXXXXXXXXXXXXXXXXXXXX7
31B12C8EXXXXXXXXXXXXXXXXXXXX7
31B12C8FXXXXXXXXXXXXXXXXXXXX7
31B12C90XXXXXXXXXXXXXXXXXXXX7
31B12C91XXXXXXXXXXXXXXXXXXXX7
31B12C92XXXXXXXXXXXXXXXXXXXX7
31B12C93XXXXXXXXXXXXXXXXXXXX7
31B12C94XXXXXXXXXXXXXXXXXXXX7
31B12C96XXXXXXXXXXXXXXXXXXXX7
31B12C97XXXXXXXXXXXXXXXXXXXX7
31B12C98XXXXXXXXXXXXXXXXXXXX7
31B12C99XXXXXXXXXXXXXXXXXXXX7
31B12C9AXXXXXXXXXXXXXXXXXXXX7
31B12C9BXXXXXXXXXXXXXXXXXXXX7
31B12C9CXXXXXXXXXXXXXXXXXXXX7
31B12C9EXXXXXXXXXXXXXXXXXXXX7
31B12C9FXXXXXXXXXXXXXXXXXXXX7
31B12CA8XXXXXXXXXXXXXXXXXXXX7
31B12CA9XXXXXXXXXXXXXXXXXXXX7
31B12CAAXXXXXXXXXXXXXXXXXXXX7
31B12CABXXXXXXXXXXXXXXXXXXXX7
31B12CACXXXXXXXXXXXXXXXXXXXX7
31B12CAEXXXXXXXXXXXXXXXXXXXX7
31B12CAFXXXXXXXXXXXXXXXXXXXX7
31B12CB0XXXXXXXXXXXXXXXXXXXX7
31B12CB1XXXXXXXXXXXXXXXXXXXX7
31B12CB2XXXXXXXXXXXXXXXXXXXX7
31B12CB3XXXXXXXXXXXXXXXXXXXX7
31B12CB4XXXXXXXXXXXXXXXXXXXX7
31B12CB6XXXXXXXXXXXXXXXXXXXX7
31B12CB7XXXXXXXXXXXXXXXXXXXX7
31B12CB8XXXXXXXXXXXXXXXXXXXX7
31B12CB9XXXXXXXXXXXXXXXXXXXX7
31B12CBAXXXXXXXXXXXXXXXXXXXX7
31B12CBBXXXXXXXXXXXXXXXXXXXX7
31B12CBCXXXXXXXXXXXXXXXXXXXX7
31B12CBEXXXXXXXXXXXXXXXXXXXX7
31B12CBFXXXXXXXXXXXXXXXXXXXX7
31B12CC0XXXXXXXXXXXXXXXXXXXX7
31B12CC1XXXXXXXXXXXXXXXXXXXX7
31B12CC2XXXXXXXXXXXXXXXXXXXX7
31B12CC3XXXXXXXXXXXXXXXXXXXX7
31B12CC4XXXXXXXXXXXXXXXXXXXX7
31B12CC6XXXXXXXXXXXXXXXXXXXX7
31B12CC7XXXXXXXXXXXXXXXXXXXX7
31B12CC8XXXXXXXXXXXXXXXXXXXX7
31B12CC9XXXXXXXXXXXXXXXXXXXX7
31B12CCAXXXXXXXXXXXXXXXXXXXX7
31B12CCBXXXXXXXXXXXXXXXXXXXX7
31B12CCCXXXXXXXXXXXXXXXXXXXX7
31B12CCEXXXXXXXXXXXXXXXXXXXX7
31B12CCFXXXXXXXXXXXXXXXXXXXX7
31B12CD0XXXXXXXXXXXXXXXXXXXX7
31B12CD1XXXXXXXXXXXXXXXXXXXX7
31B12CD2XXXXXXXXXXXXXXXXXXXX7
31B12CD3XXXXXXXXXXXXXXXXXXXX7
31B12CD4XXXXXXXXXXXXXXXXXXXX7
31B12CD6XXXXXXXXXXXXXXXXXXXX7
31B12CD7XXXXXXXXXXXXXXXXXXXX7
31B12CD8XXXXXXXXXXXXXXXXXXXX7
31B12CD9XXXXXXXXXXXXXXXXXXXX7
31B12CDAXXXXXXXXXXXXXXXXXXXX7
31B12CDBXXXXXXXXXXXXXXXXXXXX7
31B12CDCXXXXXXXXXXXXXXXXXXXX7
31B12CDEXXXXXXXXXXXXXXXXXXXX7
31B12CDFXXXXXXXXXXXXXXXXXXXX7
31B12CE8XXXXXXXXXXXXXXXXXXXX7
31B12CE9XXXXXXXXXXXXXXXXXXXX7
31B12CEAXXXXXXXXXXXXXXXXXXXX7
31B12CEBXXXXXXXXXXXXXXXXXXXX7
31B12CECXXXXXXXXXXXXXXXXXXXX7
31B12CEEXXXXXXXXXXXXXXXXXXXX7
31B12CEFXXXXXXXXXXXXXXXXXXXX7
31B12CF0XXXXXXXXXXXXXXXXXXXX7
31B12CF1XXXXXXXXXXXXXXXXXXXX7
31B12CF2XXXXXXXXXXXXXXXXXXXX7
31B12CF3XXXXXXXXXXXXXXXXXXXX7
31B12CF4XXXXXXXXXXXXXXXXXXXX7
31B12CF6XXXXXXXXXXXXXXXXXXXX7
31B12CF7XXXXXXXXXXXXXXXXXXXX7
31B12CF8XXXXXXXXXXXXXXXXXXXX7
31B12CF9XXXXXXXXXXXXXXXXXXXX7
31B12CFAXXXXXXXXXXXXXXXXXXXX7
31B12CFBXXXXXXXXXXXXXXXXXXXX7
31B12CFCXXXXXXXXXXXXXXXXXXXX7
31B12CFEXXXXXXXXXXXXXXXXXXXX7
31B12CFFXXXXXXXXXXXXXXXXXXXX7
31B12DXXDDCCBBAAXXXXXXXXXXXXA
31B12EXXXXXXXXXXXXXXXXXXXXXX6
31B12FXXXXXXXXXXXXXXXXXXXXXX6
31B130XXXXXXXXXXXXXXXXXXXXXX6
31B131XXXXXXXXXXXXXXXXXXXXXX6
31B132XXXXXXXXXXXXXXXXXXXXXX6
31B133XXXXXXXXXXXXXXXXXXXXXX6
31B134XXXXXXXXXXXXXXXXXXXXXX7
31B13401XXXXXXXXXXXXXXXXXXXX7
31B13402XXXXXXXXXXXXXXXXXXXX7
31B13403XXXXXXXXXXXXXXXXXXXX7
31B13404XXXXXXXXXXXXXXXXXXXX7
31B13406XXXXXXXXXXXXXXXXXXXX7
31B13407XXXXXXXXXXXXXXXXXXXX7
31B13408XXXXXXXXXXXXXXXXXXXX7
31B13409XXXXXXXXXXXXXXXXXXXX7
31B1340AXXXXXXXXXXXXXXXXXXXX7
31B1340BXXXXXXXXXXXXXXXXXXXX7
31B1340CXXXXXXXXXXXXXXXXXXXX7
31B1340EXXXXXXXXXXXXXXXXXXXX7
31B1340FXXXXXXXXXXXXXXXXXXXX7
31B13410XXXXXXXXXXXXXXXXXXXX7
31B13411XXXXXXXXXXXXXXXXXXXX7
31B13412XXXXXXXXXXXXXXXXXXXX7
31B13413XXXXXXXXXXXXXXXXXXXX7
31B13414XXXXXXXXXXXXXXXXXXXX7
31B13416XXXXXXXXXXXXXXXXXXXX7
31B13417XXXXXXXXXXXXXXXXXXXX7
31B13418XXXXXXXXXXXXXXXXXXXX7
31B13419XXXXXXXXXXXXXXXXXXXX7
31B1341AXXXXXXXXXXXXXXXXXXXX7
31B1341BXXXXXXXXXXXXXXXXXXXX7
31B1341CXXXXXXXXXXXXXXXXXXXX7
31B1341EXXXXXXXXXXXXXXXXXXXX7
31B1341FXXXXXXXXXXXXXXXXXXXX7
31B13428XXXXXXXXXXXXXXXXXXXX7
31B13429XXXXXXXXXXXXXXXXXXXX7
31B1342AXXXXXXXXXXXXXXXXXXXX7
31B1342BXXXXXXXXXXXXXXXXXXXX7
31B1342CXXXXXXXXXXXXXXXXXXXX7
31B1342EXXXXXXXXXXXXXXXXXXXX7
31B1342FXXXXXXXXXXXXXXXXXXXX7
31B13430XXXXXXXXXXXXXXXXXXXX7
31B13431XXXXXXXXXXXXXXXXXXXX7
31B13432XXXXXXXXXXXXXXXXXXXX7
31B13433XXXXXXXXXXXXXXXXXXXX7
31B13434XXXXXXXXXXXXXXXXXXXX7
31B13436XXXXXXXXXXXXXXXXXXXX7
31B13437XXXXXXXXXXXXXXXXXXXX7
31B13438XXXXXXXXXXXXXXXXXXXX7
31B13439XXXXXXXXXXXXXXXXXXXX7
31B1343AXXXXXXXXXXXXXXXXXXXX7
31B1343BXXXXXXXXXXXXXXXXXXXX7
31B1343CXXXXXXXXXXXXXXXXXXXX7
31B1343EXXXXXXXXXXXXXXXXXXXX7
31B1343FXXXXXXXXXXXXXXXXXXXX7
31B13440XXXXXXXXXXXXXXXXXXXX7
31B13441XXXXXXXXXXXXXXXXXXXX7
31B13442XXXXXXXXXXXXXXXXXXXX7
31B13443XXXXXXXXXXXXXXXXXXXX7
31B13444XXXXXXXXXXXXXXXXXXXX7
31B13446XXXXXXXXXXXXXXXXXXXX7
31B13447XXXXXXXXXXXXXXXXXXXX7
31B13448XXXXXXXXXXXXXXXXXXXX7
31B13449XXXXXXXXXXXXXXXXXXXX7
31B1344AXXXXXXXXXXXXXXXXXXXX7
31B1344BXXXXXXXXXXXXXXXXXXXX7
31B1344CXXXXXXXXXXXXXXXXXXXX7
31B1344EXXXXXXXXXXXXXXXXXXXX7
31B1344FXXXXXXXXXXXXXXXXXXXX7
31B13450XXXXXXXXXXXXXXXXXXXX7
31B13451XXXXXXXXXXXXXXXXXXXX7
31B13452XXXXXXXXXXXXXXXXXXXX7
31B13453XXXXXXXXXXXXXXXXXXXX7
31B13454XXXXXXXXXXXXXXXXXXXX7
31B13456XXXXXXXXXXXXXXXXXXXX7
31B13457XXXXXXXXXXXXXXXXXXXX7
31B13458XXXXXXXXXXXXXXXXXXXX7
31B13459XXXXXXXXXXXXXXXXXXXX7
31B1345AXXXXXXXXXXXXXXXXXXXX7
31B1345BXXXXXXXXXXXXXXXXXXXX7
31B1345CXXXXXXXXXXXXXXXXXXXX7
31B1345EXXXXXXXXXXXXXXXXXXXX7
31B1345FXXXXXXXXXXXXXXXXXXXX7
31B13468XXXXXXXXXXXXXXXXXXXX7
31B13469XXXXXXXXXXXXXXXXXXXX7
31B1346AXXXXXXXXXXXXXXXXXXXX7
31B1346BXXXXXXXXXXXXXXXXXXXX7
31B1346CXXXXXXXXXXXXXXXXXXXX7
31B1346EXXXXXXXXXXXXXXXXXXXX7
31B1346FXXXXXXXXXXXXXXXXXXXX7
31B13470XXXXXXXXXXXXXXXXXXXX7
31B13471XXXXXXXXXXXXXXXXXXXX7
31B13472XXXXXXXXXXXXXXXXXXXX7
31B13473XXXXXXXXXXXXXXXXXXXX7
31B13474XXXXXXXXXXXXXXXXXXXX7
31B13476XXXXXXXXXXXXXXXXXXXX7
31B13477XXXXXXXXXXXXXXXXXXXX7
31B13478XXXXXXXXXXXXXXXXXXXX7
31B13479XXXXXXXXXXXXXXXXXXXX7
31B1347AXXXXXXXXXXXXXXXXXXXX7
31B1347BXXXXXXXXXXXXXXXXXXXX7
31B1347CXXXXXXXXXXXXXXXXXXXX7
31B1347EXXXXXXXXXXXXXXXXXXXX7
31B1347FXXXXXXXXXXXXXXXXXXXX7
31B13480XXXXXXXXXXXXXXXXXXXX7
31B13481XXXXXXXXXXXXXXXXXXXX7
31B13482XXXXXXXXXXXXXXXXXXXX7
31B13483XXXXXXXXXXXXXXXXXXXX7
31B13484XXXXXXXXXXXXXXXXXXXX7
31B13486XXXXXXXXXXXXXXXXXXXX7
31B13487XXXXXXXXXXXXXXXXXXXX7
31B13488XXXXXXXXXXXXXXXXXXXX7
31B13489XXXXXXXXXXXXXXXXXXXX7
31B1348AXXXXXXXXXXXXXXXXXXXX7
31B1348BXXXXXXXXXXXXXXXXXXXX7
31B1348CXXXXXXXXXXXXXXXXXXXX7
31B1348EXXXXXXXXXXXXXXXXXXXX7
31B1348FXXXXXXXXXXXXXXXXXXXX7
31B13490XXXXXXXXXXXXXXXXXXXX7
31B13491XXXXXXXXXXXXXXXXXXXX7
31B13492XXXXXXXXXXXXXXXXXXXX7
31B13493XXXXXXXXXXXXXXXXXXXX7
31B13494XXXXXXXXXXXXXXXXXXXX7
31B13496XXXXXXXXXXXXXXXXXXXX7
31B13497XXXXXXXXXXXXXXXXXXXX7
31B13498XXXXXXXXXXXXXXXXXXXX7
31B13499XXXXXXXXXXXXXXXXXXXX7
31B1349AXXXXXXXXXXXXXXXXXXXX7
31B1349BXXXXXXXXXXXXXXXXXXXX7
31B1349CXXXXXXXXXXXXXXXXXXXX7
31B1349EXXXXXXXXXXXXXXXXXXXX7
31B1349FXXXXXXXXXXXXXXXXXXXX7
31B134A8XXXXXXXXXXXXXXXXXXXX7
31B134A9XXXXXXXXXXXXXXXXXXXX7
31B134AAXXXXXXXXXXXXXXXXXXXX7
31B134ABXXXXXXXXXXXXXXXXXXXX7
31B134ACXXXXXXXXXXXXXXXXXXXX7
31B134AEXXXXXXXXXXXXXXXXXXXX7
31B134AFXXXXXXXXXXXXXXXXXXXX7
31B134B0XXXXXXXXXXXXXXXXXXXX7
31B134B1XXXXXXXXXXXXXXXXXXXX7
31B134B2XXXXXXXXXXXXXXXXXXXX7
31B134B3XXXXXXXXXXXXXXXXXXXX7
31B134B4XXXXXXXXXXXXXXXXXXXX7
31B134B6XXXXXXXXXXXXXXXXXXXX7
31B134B7XXXXXXXXXXXXXXXXXXXX7
31B134B8XXXXXXXXXXXXXXXXXXXX7
31B134B9XXXXXXXXXXXXXXXXXXXX7
31B134BAXXXXXXXXXXXXXXXXXXXX7
31B134BBXXXXXXXXXXXXXXXXXXXX7
31B134BCXXXXXXXXXXXXXXXXXXXX7
31B134BEXXXXXXXXXXXXXXXXXXXX7
31B134BFXXXXXXXXXXXXXXXXXXXX7
31B134C0XXXXXXXXXXXXXXXXXXXX7
31B134C1XXXXXXXXXXXXXXXXXXXX7
31B134C2XXXXXXXXXXXXXXXXXXXX7
31B134C3XXXXXXXXXXXXXXXXXXXX7
31B134C4XXXXXXXXXXXXXXXXXXXX7
31B134C6XXXXXXXXXXXXXXXXXXXX7
31B134C7XXXXXXXXXXXXXXXXXXXX7
31B134C8XXXXXXXXXXXXXXXXXXXX7
31B134C9XXXXXXXXXXXXXXXXXXXX7
31B134CAXXXXXXXXXXXXXXXXXXXX7
31B134CBXXXXXXXXXXXXXXXXXXXX7
31B134CCXXXXXXXXXXXXXXXXXXXX7
31B134CEXXXXXXXXXXXXXXXXXXXX7
31B134CFXXXXXXXXXXXXXXXXXXXX7
31B134D0XXXXXXXXXXXXXXXXXXXX7
31B134D1XXXXXXXXXXXXXXXXXXXX7
31B134D2XXXXXXXXXXXXXXXXXXXX7
31B134D3XXXXXXXXXXXXXXXXXXXX7
31B134D4XXXXXXXXXXXXXXXXXXXX7
31B134D6XXXXXXXXXXXXXXXXXXXX7
31B134D7XXXXXXXXXXXXXXXXXXXX7
31B134D8XXXXXXXXXXXXXXXXXXXX7
31B134D9XXXXXXXXXXXXXXXXXXXX7
31B134DAXXXXXXXXXXXXXXXXXXXX7
31B134DBXXXXXXXXXXXXXXXXXXXX7
31B134DCXXXXXXXXXXXXXXXXXXXX7
31B134DEXXXXXXXXXXXXXXXXXXXX7
31B134DFXXXXXXXXXXXXXXXXXXXX7
31B134E8XXXXXXXXXXXXXXXXXXXX7
31B134E9XXXXXXXXXXXXXXXXXXXX7
31B134EAXXXXXXXXXXXXXXXXXXXX7
31B134EBXXXXXXXXXXXXXXXXXXXX7
31B134ECXXXXXXXXXXXXXXXXXXXX7
31B134EEXXXXXXXXXXXXXXXXXXXX7
31B134EFXXXXXXXXXXXXXXXXXXXX7
31B134F0XXXXXXXXXXXXXXXXXXXX7
31B134F1XXXXXXXXXXXXXXXXXXXX7
31B134F2XXXXXXXXXXXXXXXXXXXX7
31B134F3XXXXXXXXXXXXXXXXXXXX7
31B134F4XXXXXXXXXXXXXXXXXXXX7
31B134F6XXXXXXXXXXXXXXXXXXXX7
31B134F7XXXXXXXXXXXXXXXXXXXX7
31B134F8XXXXXXXXXXXXXXXXXXXX7
31B134F9XXXXXXXXXXXXXXXXXXXX7
31B134FAXXXXXXXXXXXXXXXXXXXX7
31B134FBXXXXXXXXXXXXXXXXXXXX7
31B134FCXXXXXXXXXXXXXXXXXXXX7
31B134FEXXXXXXXXXXXXXXXXXXXX7
31B134FFXXXXXXXXXXXXXXXXXXXX7
31B135XXDDCCBBAAXXXXXXXXXXXXA
31B136XXXXXXXXXXXXXXXXXXXXXX6
31B137XXXXXXXXXXXXXXXXXXXXXX6
31B138XXXXXXXXXXXXXXXXXXXXXX6
31B139XXXXXXXXXXXXXXXXXXXXXX6
31B13AXXXXXXXXXXXXXXXXXXXXXX6
31B13BXXXXXXXXXXXXXXXXXXXXXX6
31B13CXXXXXXXXXXXXXXXXXXXXXX7
31B13C01XXXXXXXXXXXXXXXXXXXX7
31B13C02XXXXXXXXXXXXXXXXXXXX7
31B13C03XXXXXXXXXXXXXXXXXXXX7
31B13C04XXXXXXXXXXXXXXXXXXXX7
31B13C06XXXXXXXXXXXXXXXXXXXX7
31B13C07XXXXXXXXXXXXXXXXXXXX7
31B13C08XXXXXXXXXXXXXXXXXXXX7
31B13C09XXXXXXXXXXXXXXXXXXXX7
31B13C0AXXXXXXXXXXXXXXXXXXXX7
31B13C0BXXXXXXXXXXXXXXXXXXXX7
31B13C0CXXXXXXXXXXXXXXXXXXXX7
31B13C0EXXXXXXXXXXXXXXXXXXXX7
31B13C0FXXXXXXXXXXXXXXXXXXXX7
31B13C10XXXXXXXXXXXXXXXXXXXX7
31B13C11XXXXXXXXXXXXXXXXXXXX7
31B13C12XXXXXXXXXXXXXXXXXXXX7
31B13C13XXXXXXXXXXXXXXXXXXXX7
31B13C14XXXXXXXXXXXXXXXXXXXX7
31B13C16XXXXXXXXXXXXXXXXXXXX7
31B13C17XXXXXXXXXXXXXXXXXXXX7
31B13C18XXXXXXXXXXXXXXXXXXXX7
31B13C19XXXXXXXXXXXXXXXXXXXX7
31B13C1AXXXXXXXXXXXXXXXXXXXX7
31B13C1BXXXXXXXXXXXXXXXXXXXX7
31B13C1CXXXXXXXXXXXXXXXXXXXX7
31B13C1EXXXXXXXXXXXXXXXXXXXX7
31B13C1FXXXXXXXXXXXXXXXXXXXX7
31B13C28XXXXXXXXXXXXXXXXXXXX7
31B13C29XXXXXXXXXXXXXXXXXXXX7
31B13C2AXXXXXXXXXXXXXXXXXXXX7
31B13C2BXXXXXXXXXXXXXXXXXXXX7
31B13C2CXXXXXXXXXXXXXXXXXXXX7
31B13C2EXXXXXXXXXXXXXXXXXXXX7
31B13C2FXXXXXXXXXXXXXXXXXXXX7
31B13C30XXXXXXXXXXXXXXXXXXXX7
31B13C31XXXXXXXXXXXXXXXXXXXX7
31B13C32XXXXXXXXXXXXXXXXXXXX7
31B13C33XXXXXXXXXXXXXXXXXXXX7
31B13C34XXXXXXXXXXXXXXXXXXXX7
31B13C36XXXXXXXXXXXXXXXXXXXX7
31B13C37XXXXXXXXXXXXXXXXXXXX7
31B13C38XXXXXXXXXXXXXXXXXXXX7
31B13C39XXXXXXXXXXXXXXXXXXXX7
31B13C3AXXXXXXXXXXXXXXXXXXXX7
31B13C3BXXXXXXXXXXXXXXXXXXXX7
31B13C3CXXXXXXXXXXXXXXXXXXXX7
31B13C3EXXXXXXXXXXXXXXXXXXXX7
31B13C3FXXXXXXXXXXXXXXXXXXXX7
31B13C40XXXXXXXXXXXXXXXXXXXX7
31B13C41XXXXXXXXXXXXXXXXXXXX7
31B13C42XXXXXXXXXXXXXXXXXXXX7
31B13C43XXXXXXXXXXXXXXXXXXXX7
31B13C44XXXXXXXXXXXXXXXXXXXX7
31B13C46XXXXXXXXXXXXXXXXXXXX7
31B13C47XXXXXXXXXXXXXXXXXXXX7
31B13C48XXXXXXXXXXXXXXXXXXXX7
31B13C49XXXXXXXXXXXXXXXXXXXX7
31B13C4AXXXXXXXXXXXXXXXXXXXX7
31B13C4BXXXXXXXXXXXXXXXXXXXX7
31B13C4CXXXXXXXXXXXXXXXXXXXX7
31B13C4EXXXXXXXXXXXXXXXXXXXX7
31B13C4FXXXXXXXXXXXXXXXXXXXX7
31B13C50XXXXXXXXXXXXXXXXXXXX7
31B13C51XXXXXXXXXXXXXXXXXXXX7
31B13C52XXXXXXXXXXXXXXXXXXXX7
31B13C53XXXXXXXXXXXXXXXXXXXX7
31B13C54XXXXXXXXXXXXXXXXXXXX7
31B13C56XXXXXXXXXXXXXXXXXXXX7
31B13C57XXXXXXXXXXXXXXXXXXXX7
31B13C58XXXXXXXXXXXXXXXXXXXX7
31B13C59XXXXXXXXXXXXXXXXXXXX7
31B13C5AXXXXXXXXXXXXXXXXXXXX7
31B13C5BXXXXXXXXXXXXXXXXXXXX7
31B13C5CXXXXXXXXXXXXXXXXXXXX7
31B13C5EXXXXXXXXXXXXXXXXXXXX7
31B13C5FXXXXXXXXXXXXXXXXXXXX7
31B13C68XXXXXXXXXXXXXXXXXXXX7
31B13C69XXXXXXXXXXXXXXXXXXXX7
31B13C6AXXXXXXXXXXXXXXXXXXXX7
31B13C6BXXXXXXXXXXXXXXXXXXXX7
31B13C6CXXXXXXXXXXXXXXXXXXXX7
31B13C6EXXXXXXXXXXXXXXXXXXXX7
31B13C6FXXXXXXXXXXXXXXXXXXXX7
31B13C70XXXXXXXXXXXXXXXXXXXX7
31B13C71XXXXXXXXXXXXXXXXXXXX7
31B13C72XXXXXXXXXXXXXXXXXXXX7
31B13C73XXXXXXXXXXXXXXXXXXXX7
31B13C74XXXXXXXXXXXXXXXXXXXX7
31B13C76XXXXXXXXXXXXXXXXXXXX7
31B13C77XXXXXXXXXXXXXXXXXXXX7
31B13C78XXXXXXXXXXXXXXXXXXXX7
31B13C79XXXXXXXXXXXXXXXXXXXX7
31B13C7AXXXXXXXXXXXXXXXXXXXX7
31B13C7BXXXXXXXXXXXXXXXXXXXX7
31B13C7CXXXXXXXXXXXXXXXXXXXX7
31B13C7EXXXXXXXXXXXXXXXXXXXX7
31B13C7FXXXXXXXXXXXXXXXXXXXX7
31B13C80XXXXXXXXXXXXXXXXXXXX7
31B13C81XXXXXXXXXXXXXXXXXXXX7
31B13C82XXXXXXXXXXXXXXXXXXXX7
31B13C83XXXXXXXXXXXXXXXXXXXX7
31B13C84XXXXXXXXXXXXXXXXXXXX7
31B13C86XXXXXXXXXXXXXXXXXXXX7
31B13C87XXXXXXXXXXXXXXXXXXXX7
31B13C88XXXXXXXXXXXXXXXXXXXX7
31B13C89XXXXXXXXXXXXXXXXXXXX7
31B13C8AXXXXXXXXXXXXXXXXXXXX7
31B13C8BXXXXXXXXXXXXXXXXXXXX7
31B13C8CXXXXXXXXXXXXXXXXXXXX7
31B13C8EXXXXXXXXXXXXXXXXXXXX7
31B13C8FXXXXXXXXXXXXXXXXXXXX7
31B13C90XXXXXXXXXXXXXXXXXXXX7
31B13C91XXXXXXXXXXXXXXXXXXXX7
31B13C92XXXXXXXXXXXXXXXXXXXX7
31B13C93XXXXXXXXXXXXXXXXXXXX7
31B13C94XXXXXXXXXXXXXXXXXXXX7
31B13C96XXXXXXXXXXXXXXXXXXXX7
31B13C97XXXXXXXXXXXXXXXXXXXX7
31B13C98XXXXXXXXXXXXXXXXXXXX7
31B13C99XXXXXXXXXXXXXXXXXXXX7
31B13C9AXXXXXXXXXXXXXXXXXXXX7
31B13C9BXXXXXXXXXXXXXXXXXXXX7
31B13C9CXXXXXXXXXXXXXXXXXXXX7
31B13C9EXXXXXXXXXXXXXXXXXXXX7
31B13C9FXXXXXXXXXXXXXXXXXXXX7
31B13CA8XXXXXXXXXXXXXXXXXXXX7
31B13CA9XXXXXXXXXXXXXXXXXXXX7
31B13CAAXXXXXXXXXXXXXXXXXXXX7
31B13CABXXXXXXXXXXXXXXXXXXXX7
31B13CACXXXXXXXXXXXXXXXXXXXX7
31B13CAEXXXXXXXXXXXXXXXXXXXX7
31B13CAFXXXXXXXXXXXXXXXXXXXX7
31B13CB0XXXXXXXXXXXXXXXXXXXX7
31B13CB1XXXXXXXXXXXXXXXXXXXX7
31B13CB2XXXXXXXXXXXXXXXXXXXX7
31B13CB3XXXXXXXXXXXXXXXXXXXX7
31B13CB4XXXXXXXXXXXXXXXXXXXX7
31B13CB6XXXXXXXXXXXXXXXXXXXX7
31B13CB7XXXXXXXXXXXXXXXXXXXX7
31B13CB8XXXXXXXXXXXXXXXXXXXX7
31B13CB9XXXXXXXXXXXXXXXXXXXX7
31B13CBAXXXXXXXXXXXXXXXXXXXX7
31B13CBBXXXXXXXXXXXXXXXXXXXX7
31B13CBCXXXXXXXXXXXXXXXXXXXX7
31B13CBEXXXXXXXXXXXXXXXXXXXX7
31B13CBFXXXXXXXXXXXXXXXXXXXX7
31B13CC0XXXXXXXXXXXXXXXXXXXX7
31B13CC1XXXXXXXXXXXXXXXXXXXX7
31B13CC2XXXXXXXXXXXXXXXXXXXX7
31B13CC3XXXXXXXXXXXXXXXXXXXX7
31B13CC4XXXXXXXXXXXXXXXXXXXX7
31B13CC6XXXXXXXXXXXXXXXXXXXX7
31B13CC7XXXXXXXXXXXXXXXXXXXX7
31B13CC8XXXXXXXXXXXXXXXXXXXX7
31B13CC9XXXXXXXXXXXXXXXXXXXX7
31B13CCAXXXXXXXXXXXXXXXXXXXX7
31B13CCBXXXXXXXXXXXXXXXXXXXX7
31B13CCCXXXXXXXXXXXXXXXXXXXX7
31B13CCEXXXXXXXXXXXXXXXXXXXX7
31B13CCFXXXXXXXXXXXXXXXXXXXX7
31B13CD0XXXXXXXXXXXXXXXXXXXX7
31B13CD1XXXXXXXXXXXXXXXXXXXX7
31B13CD2XXXXXXXXXXXXXXXXXXXX7
31B13CD3XXXXXXXXXXXXXXXXXXXX7
31B13CD4XXXXXXXXXXXXXXXXXXXX7
31B13CD6XXXXXXXXXXXXXXXXXXXX7
31B13CD7XXXXXXXXXXXXXXXXXXXX7
31B13CD8XXXXXXXXXXXXXXXXXXXX7
31B13CD9XXXXXXXXXXXXXXXXXXXX7
31B13CDAXXXXXXXXXXXXXXXXXXXX7
31B13CDBXXXXXXXXXXXXXXXXXXXX7
31B13CDCXXXXXXXXXXXXXXXXXXXX7
31B13CDEXXXXXXXXXXXXXXXXXXXX7
31B13CDFXXXXXXXXXXXXXXXXXXXX7
31B13CE8XXXXXXXXXXXXXXXXXXXX7
31B13CE9XXXXXXXXXXXXXXXXXXXX7
31B13CEAXXXXXXXXXXXXXXXXXXXX7
31B13CEBXXXXXXXXXXXXXXXXXXXX7
31B13CECXXXXXXXXXXXXXXXXXXXX7
31B13CEEXXXXXXXXXXXXXXXXXXXX7
31B13CEFXXXXXXXXXXXXXXXXXXXX7
31B13CF0XXXXXXXXXXXXXXXXXXXX7
31B13CF1XXXXXXXXXXXXXXXXXXXX7
31B13CF2XXXXXXXXXXXXXXXXXXXX7
31B13CF3XXXXXXXXXXXXXXXXXXXX7
31B13CF4XXXXXXXXXXXXXXXXXXXX7
31B13CF6XXXXXXXXXXXXXXXXXXXX7
31B13CF7XXXXXXXXXXXXXXXXXXXX7
31B13CF8XXXXXXXXXXXXXXXXXXXX7
31B13CF9XXXXXXXXXXXXXXXXXXXX7
31B13CFAXXXXXXXXXXXXXXXXXXXX7
31B13CFBXXXXXXXXXXXXXXXXXXXX7
31B13CFCXXXXXXXXXXXXXXXXXXXX7
31B13CFEXXXXXXXXXXXXXXXXXXXX7
31B13CFFXXXXXXXXXXXXXXXXXXXX7
31B13DXXDDCCBBAAXXXXXXXXXXXXA
31B13EXXXXXXXXXXXXXXXXXXXXXX6
31B13FXXXXXXXXXXXXXXXXXXXXXX6
31B140XX000000AAXXXXXXXXXXXX7
31B141XX000000AAXXXXXXXXXXXX7
31B142XX000000AAXXXXXXXXXXXX7
31B143XX000000AAXXXXXXXXXXXX7
31B144XX000000AAXXXXXXXXXXXX8
31B14401000000AAXXXXXXXXXXXX8
31B14402000000AAXXXXXXXXXXXX8
31B14403000000AAXXXXXXXXXXXX8
31B14404000000AAXXXXXXXXXXXX8
31B14406000000AAXXXXXXXXXXXX8
31B14407000000AAXXXXXXXXXXXX8
31B14408000000AAXXXXXXXXXXXX8
31B14409000000AAXXXXXXXXXXXX8
31B1440A000000AAXXXXXXXXXXXX8
31B1440B000000AAXXXXXXXXXXXX8
31B1440C000000AAXXXXXXXXXXXX8
31B1440E000000AAXXXXXXXXXXXX8
31B1440F000000AAXXXXXXXXXXXX8
31B14410000000AAXXXXXXXXXXXX8
31B14411000000AAXXXXXXXXXXXX8
31B14412000000AAXXXXXXXXXXXX8
31B14413000000AAXXXXXXXXXXXX8
31B14414000000AAXXXXXXXXXXXX8
31B14416000000AAXXXXXXXXXXXX8
31B14417000000AAXXXXXXXXXXXX8
31B14418000000AAXXXXXXXXXXXX8
31B14419000000AAXXXXXXXXXXXX8
31B1441A000000AAXXXXXXXXXXXX8
31B1441B000000AAXXXXXXXXXXXX8
31B1441C000000AAXXXXXXXXXXXX8
31B1441E000000AAXXXXXXXXXXXX8
31B1441F000000AAXXXXXXXXXXXX8
31B14428000000AAXXXXXXXXXXXX8
31B14429000000AAXXXXXXXXXXXX8
31B1442A000000AAXXXXXXXXXXXX8
31B1442B000000AAXXXXXXXXXXXX8
31B1442C000000AAXXXXXXXXXXXX8
31B1442E000000AAXXXXXXXXXXXX8
31B1442F000000AAXXXXXXXXXXXX8
31B14430000000AAXXXXXXXXXXXX8
31B14431000000AAXXXXXXXXXXXX8
31B14432000000AAXXXXXXXXXXXX8
31B14433000000AAXXXXXXXXXXXX8
31B14434000000AAXXXXXXXXXXXX8
31B14436000000AAXXXXXXXXXXXX8
31B14437000000AAXXXXXXXXXXXX8
31B14438000000AAXXXXXXXXXXXX8
31B14439000000AAXXXXXXXXXXXX8
31B1443A000000AAXXXXXXXXXXXX8
31B1443B000000AAXXXXXXXXXXXX8
31B1443C000000AAXXXXXXXXXXXX8
31B1443E000000AAXXXXXXXXXXXX8
31B1443F000000AAXXXXXXXXXXXX8
31B14440000000AAXXXXXXXXXXXX8
31B14441000000AAXXXXXXXXXXXX8
31B14442000000AAXXXXXXXXXXXX8
31B14443000000AAXXXXXXXXXXXX8
31B14444000000AAXXXXXXXXXXXX8
31B14446000000AAXXXXXXXXXXXX8
31B14447000000AAXXXXXXXXXXXX8
31B14448000000AAXXXXXXXXXXXX8
31B14449000000AAXXXXXXXXXXXX8
31B1444A000000AAXXXXXXXXXXXX8
31B1444B000000AAXXXXXXXXXXXX8
31B1444C000000AAXXXXXXXXXXXX8
31B1444E000000AAXXXXXXXXXXXX8
31B1444F000000AAXXXXXXXXXXXX8
31B14450000000AAXXXXXXXXXXXX8
31B14451000000AAXXXXXXXXXXXX8
31B14452000000AAXXXXXXXXXXXX8
31B14453000000AAXXXXXXXXXXXX8
31B14454000000AAXXXXXXXXXXXX8
31B14456000000AAXXXXXXXXXXXX8
31B14457000000AAXXXXXXXXXXXX8
31B14458000000AAXXXXXXXXXXXX8
31B14459000000AAXXXXXXXXXXXX8
31B1445A000000AAXXXXXXXXXXXX8
31B1445B000000AAXXXXXXXXXXXX8
31B1445C000000AAXXXXXXXXXXXX8
31B1445E000000AAXXXXXXXXXXXX8
31B1445F000000AAXXXXXXXXXXXX8
31B14468000000AAXXXXXXXXXXXX8
31B14469000000AAXXXXXXXXXXXX8
31B1446A000000AAXXXXXXXXXXXX8
31B1446B000000AAXXXXXXXXXXXX8
31B1446C000000AAXXXXXXXXXXXX8
31B1446E000000AAXXXXXXXXXXXX8
31B1446F000000AAXXXXXXXXXXXX8
31B14470000000AAXXXXXXXXXXXX8
31B14471000000AAXXXXXXXXXXXX8
31B14472000000AAXXXXXXXXXXXX8
31B14473000000AAXXXXXXXXXXXX8
31B14474000000AAXXXXXXXXXXXX8
31B14476000000AAXXXXXXXXXXXX8
31B14477000000AAXXXXXXXXXXXX8
31B14478000000AAXXXXXXXXXXXX8
31B14479000000AAXXXXXXXXXXXX8
31B1447A000000AAXXXXXXXXXXXX8
31B1447B000000AAXXXXXXXXXXXX8
31B1447C000000AAXXXXXXXXXXXX8
31B1447E000000AAXXXXXXXXXXXX8
31B1447F000000AAXXXXXXXXXXXX8
31B14480000000AAXXXXXXXXXXXX8
31B14481000000AAXXXXXXXXXXXX8
31B14482000000AAXXXXXXXXXXXX8
31B14483000000AAXXXXXXXXXXXX8
31B14484000000AAXXXXXXXXXXXX8
31B14486000000AAXXXXXXXXXXXX8
31B14487000000AAXXXXXXXXXXXX8
31B14488000000AAXXXXXXXXXXXX8
31B14489000000AAXXXXXXXXXXXX8
31B1448A000000AAXXXXXXXXXXXX8
31B1448B000000AAXXXXXXXXXXXX8
31B1448C000000AAXXXXXXXXXXXX8
31B1448E000000AAXXXXXXXXXXXX8
31B1448F000000AAXXXXXXXXXXXX8
31B14490000000AAXXXXXXXXXXXX8
31B14491000000AAXXXXXXXXXXXX8
31B14492000000AAXXXXXXXXXXXX8
31B14493000000AAXXXXXXXXXXXX8
31B14494000000AAXXXXXXXXXXXX8
31B14496000000AAXXXXXXXXXXXX8
31B14497000000AAXXXXXXXXXXXX8
31B14498000000AAXXXXXXXXXXXX8
31B14499000000AAXXXXXXXXXXXX8
31B1449A000000AAXXXXXXXXXXXX8
31B1449B000000AAXXXXXXXXXXXX8
31B1449C000000AAXXXXXXXXXXXX8
31B1449E000000AAXXXXXXXXXXXX8
31B1449F000000AAXXXXXXXXXXXX8
31B144A8000000AAXXXXXXXXXXXX8
31B144A9000000AAXXXXXXXXXXXX8
31B144AA000000AAXXXXXXXXXXXX8
31B144AB000000AAXXXXXXXXXXXX8
31B144AC000000AAXXXXXXXXXXXX8
31B144AE000000AAXXXXXXXXXXXX8
31B144AF000000AAXXXXXXXXXXXX8
31B144B0000000AAXXXXXXXXXXXX8
31B144B1000000AAXXXXXXXXXXXX8
31B144B2000000AAXXXXXXXXXXXX8
31B144B3000000AAXXXXXXXXXXXX8
31B144B4000000AAXXXXXXXXXXXX8
31B144B6000000AAXXXXXXXXXXXX8
31B144B7000000AAXXXXXXXXXXXX8
31B144B8000000AAXXXXXXXXXXXX8
31B144B9000000AAXXXXXXXXXXXX8
31B144BA000000AAXXXXXXXXXXXX8
31B144BB000000AAXXXXXXXXXXXX8
31B144BC000000AAXXXXXXXXXXXX8
31B144BE000000AAXXXXXXXXXXXX8
31B144BF000000AAXXXXXXXXXXXX8
31B144C0000000AAXXXXXXXXXXXX8
31B144C1000000AAXXXXXXXXXXXX8
31B144C2000000AAXXXXXXXXXXXX8
31B144C3000000AAXXXXXXXXXXXX8
31B144C4000000AAXXXXXXXXXXXX8
31B144C6000000AAXXXXXXXXXXXX8
31B144C7000000AAXXXXXXXXXXXX8
31B144C8000000AAXXXXXXXXXXXX8
31B144C9000000AAXXXXXXXXXXXX8
31B144CA000000AAXXXXXXXXXXXX8
31B144CB000000AAXXXXXXXXXXXX8
31B144CC000000AAXXXXXXXXXXXX8
31B144CE000000AAXXXXXXXXXXXX8
31B144CF000000AAXXXXXXXXXXXX8
31B144D0000000AAXXXXXXXXXXXX8
31B144D1000000AAXXXXXXXXXXXX8
31B144D2000000AAXXXXXXXXXXXX8
31B144D3000000AAXXXXXXXXXXXX8
31B144D4000000AAXXXXXXXXXXXX8
31B144D6000000AAXXXXXXXXXXXX8
31B144D7000000AAXXXXXXXXXXXX8
31B144D8000000AAXXXXXXXXXXXX8
31B144D9000000AAXXXXXXXXXXXX8
31B144DA000000AAXXXXXXXXXXXX8
31B144DB000000AAXXXXXXXXXXXX8
31B144DC000000AAXXXXXXXXXXXX8
31B144DE000000AAXXXXXXXXXXXX8
31B144DF000000AAXXXXXXXXXXXX8
31B144E8000000AAXXXXXXXXXXXX8
31B144E9000000AAXXXXXXXXXXXX8
31B144EA000000AAXXXXXXXXXXXX8
31B144EB000000AAXXXXXXXXXXXX8
31B144EC000000AAXXXXXXXXXXXX8
31B144EE000000AAXXXXXXXXXXXX8
31B144EF000000AAXXXXXXXXXXXX8
31B144F0000000AAXXXXXXXXXXXX8
31B144F1000000AAXXXXXXXXXXXX8
31B144F2000000AAXXXXXXXXXXXX8
31B144F3000000AAXXXXXXXXXXXX8
31B144F4000000AAXXXXXXXXXXXX8
31B144F6000000AAXXXXXXXXXXXX8
31B144F7000000AAXXXXXXXXXXXX8
31B144F8000000AAXXXXXXXXXXXX8
31B144F9000000AAXXXXXXXXXXXX8
31B144FA000000AAXXXXXXXXXXXX8
31B144FB000000AAXXXXXXXXXXXX8
31B144FC000000AAXXXXXXXXXXXX8
31B144FE000000AAXXXXXXXXXXXX8
31B144FF000000AAXXXXXXXXXXXX8
31B145XX000000AAXXXXXXXXXXXX7
31B146XX000000AAXXXXXXXXXXXX7
31B147XX000000AAXXXXXXXXXXXX7
31B148XX000000AAXXXXXXXXXXXX7
31B149XX000000AAXXXXXXXXXXXX7
31B14AXX000000AAXXXXXXXXXXXX7
31B14BXX000000AAXXXXXXXXXXXX7
31B14CXX000000AAXXXXXXXXXXXX8
31B14C01000000AAXXXXXXXXXXXX8
31B14C02000000AAXXXXXXXXXXXX8
31B14C03000000AAXXXXXXXXXXXX8
31B14C04000000AAXXXXXXXXXXXX8
31B14C06000000AAXXXXXXXXXXXX8
31B14C07000000AAXXXXXXXXXXXX8
31B14C08000000AAXXXXXXXXXXXX8
31B14C09000000AAXXXXXXXXXXXX8
31B14C0A000000AAXXXXXXXXXXXX8
31B14C0B000000AAXXXXXXXXXXXX8
31B14C0C000000AAXXXXXXXXXXXX8
31B14C0E000000AAXXXXXXXXXXXX8
31B14C0F000000AAXXXXXXXXXXXX8
31B14C10000000AAXXXXXXXXXXXX8
31B14C11000000AAXXXXXXXXXXXX8
31B14C12000000AAXXXXXXXXXXXX8
31B14C13000000AAXXXXXXXXXXXX8
31B14C14000000AAXXXXXXXXXXXX8
31B14C16000000AAXXXXXXXXXXXX8
31B14C17000000AAXXXXXXXXXXXX8
31B14C18000000AAXXXXXXXXXXXX8
31B14C19000000AAXXXXXXXXXXXX8
31B14C1A000000AAXXXXXXXXXXXX8
31B14C1B000000AAXXXXXXXXXXXX8
31B14C1C000000AAXXXXXXXXXXXX8
31B14C1E000000AAXXXXXXXXXXXX8
31B14C1F000000AAXXXXXXXXXXXX8
31B14C28000000AAXXXXXXXXXXXX8
31B14C29000000AAXXXXXXXXXXXX8
31B14C2A000000AAXXXXXXXXXXXX8
31B14C2B000000AAXXXXXXXXXXXX8
31B14C2C000000AAXXXXXXXXXXXX8
31B14C2E000000AAXXXXXXXXXXXX8
31B14C2F000000AAXXXXXXXXXXXX8
31B14C30000000AAXXXXXXXXXXXX8
31B14C31000000AAXXXXXXXXXXXX8
31B14C32000000AAXXXXXXXXXXXX8
31B14C33000000AAXXXXXXXXXXXX8
31B14C34000000AAXXXXXXXXXXXX8
31B14C36000000AAXXXXXXXXXXXX8
31B14C37000000AAXXXXXXXXXXXX8
31B14C38000000AAXXXXXXXXXXXX8
31B14C39000000AAXXXXXXXXXXXX8
31B14C3A000000AAXXXXXXXXXXXX8
31B14C3B000000AAXXXXXXXXXXXX8
31B14C3C000000AAXXXXXXXXXXXX8
31B14C3E000000AAXXXXXXXXXXXX8
31B14C3F000000AAXXXXXXXXXXXX8
31B14C40000000AAXXXXXXXXXXXX8
31B14C41000000AAXXXXXXXXXXXX8
31B14C42000000AAXXXXXXXXXXXX8
31B14C43000000AAXXXXXXXXXXXX8
31B14C44000000AAXXXXXXXXXXXX8
31B14C46000000AAXXXXXXXXXXXX8
31B14C47000000AAXXXXXXXXXXXX8
31B14C48000000AAXXXXXXXXXXXX8
31B14C49000000AAXXXXXXXXXXXX8
31B14C4A000000AAXXXXXXXXXXXX8
31B14C4B000000AAXXXXXXXXXXXX8
31B14C4C000000AAXXXXXXXXXXXX8
31B14C4E000000AAXXXXXXXXXXXX8
31B14C4F000000AAXXXXXXXXXXXX8
31B14C50000000AAXXXXXXXXXXXX8
31B14C51000000AAXXXXXXXXXXXX8
31B14C52000000AAXXXXXXXXXXXX8
31B14C53000000AAXXXXXXXXXXXX8
31B14C54000000AAXXXXXXXXXXXX8
31B14C56000000AAXXXXXXXXXXXX8
31B14C57000000AAXXXXXXXXXXXX8
31B14C58000000AAXXXXXXXXXXXX8
31B14C59000000AAXXXXXXXXXXXX8
31B14C5A000000AAXXXXXXXXXXXX8
31B14C5B000000AAXXXXXXXXXXXX8
31B14C5C000000AAXXXXXXXXXXXX8
31B14C5E000000AAXXXXXXXXXXXX8
31B14C5F000000AAXXXXXXXXXXXX8
31B14C68000000AAXXXXXXXXXXXX8
31B14C69000000AAXXXXXXXXXXXX8
31B14C6A000000AAXXXXXXXXXXXX8
31B14C6B000000AAXXXXXXXXXXXX8
31B14C6C000000AAXXXXXXXXXXXX8
31B14C6E000000AAXXXXXXXXXXXX8
31B14C6F000000AAXXXXXXXXXXXX8
31B14C70000000AAXXXXXXXXXXXX8
31B14C71000000AAXXXXXXXXXXXX8
31B14C72000000AAXXXXXXXXXXXX8
31B14C73000000AAXXXXXXXXXXXX8
31B14C74000000AAXXXXXXXXXXXX8
31B14C76000000AAXXXXXXXXXXXX8
31B14C77000000AAXXXXXXXXXXXX8
31B14C78000000AAXXXXXXXXXXXX8
31B14C79000000AAXXXXXXXXXXXX8
31B14C7A000000AAXXXXXXXXXXXX8
31B14C7B000000AAXXXXXXXXXXXX8
31B14C7C000000AAXXXXXXXXXXXX8
31B14C7E000000AAXXXXXXXXXXXX8
31B14C7F000000AAXXXXXXXXXXXX8
31B14C80000000AAXXXXXXXXXXXX8
31B14C81000000AAXXXXXXXXXXXX8
31B14C82000000AAXXXXXXXXXXXX8
31B14C83000000AAXXXXXXXXXXXX8
31B14C84000000AAXXXXXXXXXXXX8
31B14C86000000AAXXXXXXXXXXXX8
31B14C87000000AAXXXXXXXXXXXX8
31B14C88000000AAXXXXXXXXXXXX8
31B14C89000000AAXXXXXXXXXXXX8
31B14C8A000000AAXXXXXXXXXXXX8
31B14C8B000000AAXXXXXXXXXXXX8
31B14C8C000000AAXXXXXXXXXXXX8
31B14C8E000000AAXXXXXXXXXXXX8
31B14C8F000000AAXXXXXXXXXXXX8
31B14C90000000AAXXXXXXXXXXXX8
31B14C91000000AAXXXXXXXXXXXX8
31B14C92000000AAXXXXXXXXXXXX8
31B14C93000000AAXXXXXXXXXXXX8
31B14C94000000AAXXXXXXXXXXXX8
31B14C96000000AAXXXXXXXXXXXX8
31B14C97000000AAXXXXXXXXXXXX8
31B14C98000000AAXXXXXXXXXXXX8
31B14C99000000AAXXXXXXXXXXXX8
31B14C9A000000AAXXXXXXXXXXXX8
31B14C9B000000AAXXXXXXXXXXXX8
31B14C9C000000AAXXXXXXXXXXXX8
31B14C9E000000AAXXXXXXXXXXXX8
31B14C9F000000AAXXXXXXXXXXXX8
31B14CA8000000AAXXXXXXXXXXXX8
31B14CA9000000AAXXXXXXXXXXXX8
31B14CAA000000AAXXXXXXXXXXXX8
31B14CAB000000AAXXXXXXXXXXXX8
31B14CAC000000AAXXXXXXXXXXXX8
31B14CAE000000AAXXXXXXXXXXXX8
31B14CAF000000AAXXXXXXXXXXXX8
31B14CB0000000AAXXXXXXXXXXXX8
31B14CB1000000AAXXXXXXXXXXXX8
31B14CB2000000AAXXXXXXXXXXXX8
31B14CB3000000AAXXXXXXXXXXXX8
31B14CB4000000AAXXXXXXXXXXXX8
31B14CB6000000AAXXXXXXXXXXXX8
31B14CB7000000AAXXXXXXXXXXXX8
31B14CB8000000AAXXXXXXXXXXXX8
31B14CB9000000AAXXXXXXXXXXXX8
31B14CBA000000AAXXXXXXXXXXXX8
31B14CBB000000AAXXXXXXXXXXXX8
31B14CBC000000AAXXXXXXXXXXXX8
31B14CBE000000AAXXXXXXXXXXXX8
31B14CBF000000AAXXXXXXXXXXXX8
31B14CC0000000AAXXXXXXXXXXXX8
31B14CC1000000AAXXXXXXXXXXXX8
31B14CC2000000AAXXXXXXXXXXXX8
31B14CC3000000AAXXXXXXXXXXXX8
31B14CC4000000AAXXXXXXXXXXXX8
31B14CC6000000AAXXXXXXXXXXXX8
31B14CC7000000AAXXXXXXXXXXXX8
31B14CC8000000AAXXXXXXXXXXXX8
31B14CC9000000AAXXXXXXXXXXXX8
31B14CCA000000AAXXXXXXXXXXXX8
31B14CCB000000AAXXXXXXXXXXXX8
31B14CCC000000AAXXXXXXXXXXXX8
31B14CCE000000AAXXXXXXXXXXXX8
31B14CCF000000AAXXXXXXXXXXXX8
31B14CD0000000AAXXXXXXXXXXXX8
31B14CD1000000AAXXXXXXXXXXXX8
31B14CD2000000AAXXXXXXXXXXXX8
31B14CD3000000AAXXXXXXXXXXXX8
31B14CD4000000AAXXXXXXXXXXXX8
31B14CD6000000AAXXXXXXXXXXXX8
31B14CD7000000AAXXXXXXXXXXXX8
31B14CD8000000AAXXXXXXXXXXXX8
31B14CD9000000AAXXXXXXXXXXXX8
31B14CDA000000AAXXXXXXXXXXXX8
31B14CDB000000AAXXXXXXXXXXXX8
31B14CDC000000AAXXXXXXXXXXXX8
31B14CDE000000AAXXXXXXXXXXXX8
31B14CDF000000AAXXXXXXXXXXXX8
31B14CE8000000AAXXXXXXXXXXXX8
31B14CE9000000AAXXXXXXXXXXXX8
31B14CEA000000AAXXXXXXXXXXXX8
31B14CEB000000AAXXXXXXXXXXXX8
31B14CEC000000AAXXXXXXXXXXXX8
31B14CEE000000AAXXXXXXXXXXXX8
31B14CEF000000AAXXXXXXXXXXXX8
31B14CF0000000AAXXXXXXXXXXXX8
31B14CF1000000AAXXXXXXXXXXXX8
31B14CF2000000AAXXXXXXXXXXXX8
31B14CF3000000AAXXXXXXXXXXXX8
31B14CF4000000AAXXXXXXXXXXXX8
31B14CF6000000AAXXXXXXXXXXXX8
31B14CF7000000AAXXXXXXXXXXXX8
31B14CF8000000AAXXXXXXXXXXXX8
31B14CF9000000AAXXXXXXXXXXXX8
31B14CFA000000AAXXXXXXXXXXXX8
31B14CFB000000AAXXXXXXXXXXXX8
31B14CFC000000AAXXXXXXXXXXXX8
31B14CFE000000AAXXXXXXXXXXXX8
31B14CFF000000AAXXXXXXXXXXXX8
31B14DXX000000AAXXXXXXXXXXXX7
31B14EXX000000AAXXXXXXXXXXXX7
31B14FXX000000AAXXXXXXXXXXXX7
31B150XX000000AAXXXXXXXXXXXX7
31B151XX000000AAXXXXXXXXXXXX7
31B152XX000000AAXXXXXXXXXXXX7
31B153XX000000AAXXXXXXXXXXXX7
31B154XX000000AAXXXXXXXXXXXX8
31B15401000000AAXXXXXXXXXXXX8
31B15402000000AAXXXXXXXXXXXX8
31B15403000000AAXXXXXXXXXXXX8
31B15404000000AAXXXXXXXXXXXX8
31B15406000000AAXXXXXXXXXXXX8
31B15407000000AAXXXXXXXXXXXX8
31B15408000000AAXXXXXXXXXXXX8
31B15409000000AAXXXXXXXXXXXX8
31B1540A000000AAXXXXXXXXXXXX8
31B1540B000000AAXXXXXXXXXXXX8
31B1540C000000AAXXXXXXXXXXXX8
31B1540E000000AAXXXXXXXXXXXX8
31B1540F000000AAXXXXXXXXXXXX8
31B15410000000AAXXXXXXXXXXXX8
31B15411000000AAXXXXXXXXXXXX8
31B15412000000AAXXXXXXXXXXXX8
31B15413000000AAXXXXXXXXXXXX8
31B15414000000AAXXXXXXXXXXXX8
31B15416000000AAXXXXXXXXXXXX8
31B15417000000AAXXXXXXXXXXXX8
31B15418000000AAXXXXXXXXXXXX8
31B15419000000AAXXXXXXXXXXXX8
31B1541A000000AAXXXXXXXXXXXX8
31B1541B000000AAXXXXXXXXXXXX8
31B1541C000000AAXXXXXXXXXXXX8
31B1541E000000AAXXXXXXXXXXXX8
31B1541F000000AAXXXXXXXXXXXX8
31B15428000000AAXXXXXXXXXXXX8
31B15429000000AAXXXXXXXXXXXX8
31B1542A000000AAXXXXXXXXXXXX8
31B1542B000000AAXXXXXXXXXXXX8
31B1542C000000AAXXXXXXXXXXXX8
31B1542E000000AAXXXXXXXXXXXX8
31B1542F000000AAXXXXXXXXXXXX8
31B15430000000AAXXXXXXXXXXXX8
31B15431000000AAXXXXXXXXXXXX8
31B15432000000AAXXXXXXXXXXXX8
31B15433000000AAXXXXXXXXXXXX8
31B15434000000AAXXXXXXXXXXXX8
31B15436000000AAXXXXXXXXXXXX8
31B15437000000AAXXXXXXXXXXXX8
31B15438000000AAXXXXXXXXXXXX8
31B15439000000AAXXXXXXXXXXXX8
31B1543A000000AAXXXXXXXXXXXX8
31B1543B000000AAXXXXXXXXXXXX8
31B1543C000000AAXXXXXXXXXXXX8
31B1543E000000AAXXXXXXXXXXXX8
31B1543F000000AAXXXXXXXXXXXX8
31B15440000000AAXXXXXXXXXXXX8
31B15441000000AAXXXXXXXXXXXX8
31B15442000000AAXXXXXXXXXXXX8
31B15443000000AAXXXXXXXXXXXX8
31B15444000000AAXXXXXXXXXXXX8
31B15446000000AAXXXXXXXXXXXX8
31B15447000000AAXXXXXXXXXXXX8
31B15448000000AAXXXXXXXXXXXX8
31B15449000000AAXXXXXXXXXXXX8
31B1544A000000AAXXXXXXXXXXXX8
31B1544B000000AAXXXXXXXXXXXX8
31B1544C000000AAXXXXXXXXXXXX8
31B1544E000000AAXXXXXXXXXXXX8
31B1544F000000AAXXXXXXXXXXXX8
31B15450000000AAXXXXXXXXXXXX8
31B15451000000AAXXXXXXXXXXXX8
31B15452000000AAXXXXXXXXXXXX8
31B15453000000AAXXXXXXXXXXXX8
31B15454000000AAXXXXXXXXXXXX8
31B15456000000AAXXXXXXXXXXXX8
31B15457000000AAXXXXXXXXXXXX8
31B15458000000AAXXXXXXXXXXXX8
31B15459000000AAXXXXXXXXXXXX8
31B1545A000000AAXXXXXXXXXXXX8
31B1545B000000AAXXXXXXXXXXXX8
31B1545C000000AAXXXXXXXXXXXX8
31B1545E000000AAXXXXXXXXXXXX8
31B1545F000000AAXXXXXXXXXXXX8
31B15468000000AAXXXXXXXXXXXX8
31B15469000000AAXXXXXXXXXXXX8
31B1546A000000AAXXXXXXXXXXXX8
31B1546B000000AAXXXXXXXXXXXX8
31B1546C000000AAXXXXXXXXXXXX8
31B1546E000000AAXXXXXXXXXXXX8
31B1546F000000AAXXXXXXXXXXXX8
31B15470000000AAXXXXXXXXXXXX8
31B15471000000AAXXXXXXXXXXXX8
31B15472000000AAXXXXXXXXXXXX8
31B15473000000AAXXXXXXXXXXXX8
31B15474000000AAXXXXXXXXXXXX8
31B15476000000AAXXXXXXXXXXXX8
31B15477000000AAXXXXXXXXXXXX8
31B15478000000AAXXXXXXXXXXXX8
31B15479000000AAXXXXXXXXXXXX8
31B1547A000000AAXXXXXXXXXXXX8
31B1547B000000AAXXXXXXXXXXXX8
31B1547C000000AAXXXXXXXXXXXX8
31B1547E000000AAXXXXXXXXXXXX8
31B1547F000000AAXXXXXXXXXXXX8
31B15480000000AAXXXXXXXXXXXX8
31B15481000000AAXXXXXXXXXXXX8
31B15482000000AAXXXXXXXXXXXX8
31B15483000000AAXXXXXXXXXXXX8
31B15484000000AAXXXXXXXXXXXX8
31B15486000000AAXXXXXXXXXXXX8
31B15487000000AAXXXXXXXXXXXX8
31B15488000000AAXXXXXXXXXXXX8
31B15489000000AAXXXXXXXXXXXX8
31B1548A000000AAXXXXXXXXXXXX8
31B1548B000000AAXXXXXXXXXXXX8
31B1548C000000AAXXXXXXXXXXXX8
31B1548E000000AAXXXXXXXXXXXX8
31B1548F000000AAXXXXXXXXXXXX8
31B15490000000AAXXXXXXXXXXXX8
31B15491000000AAXXXXXXXXXXXX8
31B15492000000AAXXXXXXXXXXXX8
31B15493000000AAXXXXXXXXXXXX8
31B15494000000AAXXXXXXXXXXXX8
31B15496000000AAXXXXXXXXXXXX8
31B15497000000AAXXXXXXXXXXXX8
31B15498000000AAXXXXXXXXXXXX8
31B15499000000AAXXXXXXXXXXXX8
31B1549A000000AAXXXXXXXXXXXX8
31B1549B000000AAXXXXXXXXXXXX8
31B1549C000000AAXXXXXXXXXXXX8
31B1549E000000AAXXXXXXXXXXXX8
31B1549F000000AAXXXXXXXXXXXX8
31B154A8000000AAXXXXXXXXXXXX8
31B154A9000000AAXXXXXXXXXXXX8
31B154AA000000AAXXXXXXXXXXXX8
31B154AB000000AAXXXXXXXXXXXX8
31B154AC000000AAXXXXXXXXXXXX8
31B154AE000000AAXXXXXXXXXXXX8
31B154AF000000AAXXXXXXXXXXXX8
31B154B0000000AAXXXXXXXXXXXX8
31B154B1000000AAXXXXXXXXXXXX8
31B154B2000000AAXXXXXXXXXXXX8
31B154B3000000AAXXXXXXXXXXXX8
31B154B4000000AAXXXXXXXXXXXX8
31B154B6000000AAXXXXXXXXXXXX8
31B154B7000000AAXXXXXXXXXXXX8
31B154B8000000AAXXXXXXXXXXXX8
31B154B9000000AAXXXXXXXXXXXX8
31B154BA000000AAXXXXXXXXXXXX8
31B154BB000000AAXXXXXXXXXXXX8
31B154BC000000AAXXXXXXXXXXXX8
31B154BE000000AAXXXXXXXXXXXX8
31B154BF000000AAXXXXXXXXXXXX8
31B154C0000000AAXXXXXXXXXXXX8
31B154C1000000AAXXXXXXXXXXXX8
31B154C2000000AAXXXXXXXXXXXX8
31B154C3000000AAXXXXXXXXXXXX8
31B154C4000000AAXXXXXXXXXXXX8
31B154C6000000AAXXXXXXXXXXXX8
31B154C7000000AAXXXXXXXXXXXX8
31B154C8000000AAXXXXXXXXXXXX8
31B154C9000000AAXXXXXXXXXXXX8
31B154CA000000AAXXXXXXXXXXXX8
31B154CB000000AAXXXXXXXXXXXX8
31B154CC000000AAXXXXXXXXXXXX8
31B154CE000000AAXXXXXXXXXXXX8
31B154CF000000AAXXXXXXXXXXXX8
31B154D0000000AAXXXXXXXXXXXX8
31B154D1000000AAXXXXXXXXXXXX8
31B154D2000000AAXXXXXXXXXXXX8
31B154D3000000AAXXXXXXXXXXXX8
31B154D4000000AAXXXXXXXXXXXX8
31B154D6000000AAXXXXXXXXXXXX8
31B154D7000000AAXXXXXXXXXXXX8
31B154D8000000AAXXXXXXXXXXXX8
31B154D9000000AAXXXXXXXXXXXX8
31B154DA000000AAXXXXXXXXXXXX8
31B154DB000000AAXXXXXXXXXXXX8
31B154DC000000AAXXXXXXXXXXXX8
31B154DE000000AAXXXXXXXXXXXX8
31B154DF000000AAXXXXXXXXXXXX8
31B154E8000000AAXXXXXXXXXXXX8
31B154E9000000AAXXXXXXXXXXXX8
31B154EA000000AAXXXXXXXXXXXX8
31B154EB000000AAXXXXXXXXXXXX8
31B154EC000000AAXXXXXXXXXXXX8
31B154EE000000AAXXXXXXXXXXXX8
31B154EF000000AAXXXXXXXXXXXX8
31B154F0000000AAXXXXXXXXXXXX8
31B154F1000000AAXXXXXXXXXXXX8
31B154F2000000AAXXXXXXXXXXXX8
31B154F3000000AAXXXXXXXXXXXX8
31B154F4000000AAXXXXXXXXXXXX8
31B154F6000000AAXXXXXXXXXXXX8
31B154F7000000AAXXXXXXXXXXXX8
31B154F8000000AAXXXXXXXXXXXX8
31B154F9000000AAXXXXXXXXXXXX8
31B154FA000000AAXXXXXXXXXXXX8
31B154FB000000AAXXXXXXXXXXXX8
31B154FC000000AAXXXXXXXXXXXX8
31B154FE000000AAXXXXXXXXXXXX8
31B154FF000000AAXXXXXXXXXXXX8
31B155XX000000AAXXXXXXXXXXXX7
31B156XX000000AAXXXXXXXXXXXX7
31B157XX000000AAXXXXXXXXXXXX7
31B158XX000000AAXXXXXXXXXXXX7
31B159XX000000AAXXXXXXXXXXXX7
31B15AXX000000AAXXXXXXXXXXXX7
31B15BXX000000AAXXXXXXXXXXXX7
31B15CXX000000AAXXXXXXXXXXXX8
31B15C01000000AAXXXXXXXXXXXX8
31B15C02000000AAXXXXXXXXXXXX8
31B15C03000000AAXXXXXXXXXXXX8
31B15C04000000AAXXXXXXXXXXXX8
31B15C06000000AAXXXXXXXXXXXX8
31B15C07000000AAXXXXXXXXXXXX8
31B15C08000000AAXXXXXXXXXXXX8
31B15C09000000AAXXXXXXXXXXXX8
31B15C0A000000AAXXXXXXXXXXXX8
31B15C0B000000AAXXXXXXXXXXXX8
31B15C0C000000AAXXXXXXXXXXXX8
31B15C0E000000AAXXXXXXXXXXXX8
31B15C0F000000AAXXXXXXXXXXXX8
31B15C10000000AAXXXXXXXXXXXX8
31B15C11000000AAXXXXXXXXXXXX8
31B15C12000000AAXXXXXXXXXXXX8
31B15C13000000AAXXXXXXXXXXXX8
31B15C14000000AAXXXXXXXXXXXX8
31B15C16000000AAXXXXXXXXXXXX8
31B15C17000000AAXXXXXXXXXXXX8
31B15C18000000AAXXXXXXXXXXXX8
31B15C19000000AAXXXXXXXXXXXX8
31B15C1A000000AAXXXXXXXXXXXX8
31B15C1B000000AAXXXXXXXXXXXX8
31B15C1C000000AAXXXXXXXXXXXX8
31B15C1E000000AAXXXXXXXXXXXX8
31B15C1F000000AAXXXXXXXXXXXX8
31B15C28000000AAXXXXXXXXXXXX8
31B15C29000000AAXXXXXXXXXXXX8
31B15C2A000000AAXXXXXXXXXXXX8
31B15C2B000000AAXXXXXXXXXXXX8
31B15C2C000000AAXXXXXXXXXXXX8
31B15C2E000000AAXXXXXXXXXXXX8
31B15C2F000000AAXXXXXXXXXXXX8
31B15C30000000AAXXXXXXXXXXXX8
31B15C31000000AAXXXXXXXXXXXX8
31B15C32000000AAXXXXXXXXXXXX8
31B15C33000000AAXXXXXXXXXXXX8
31B15C34000000AAXXXXXXXXXXXX8
31B15C36000000AAXXXXXXXXXXXX8
31B15C37000000AAXXXXXXXXXXXX8
31B15C38000000AAXXXXXXXXXXXX8
31B15C39000000AAXXXXXXXXXXXX8
31B15C3A000000AAXXXXXXXXXXXX8
31B15C3B000000AAXXXXXXXXXXXX8
31B15C3C000000AAXXXXXXXXXXXX8
31B15C3E000000AAXXXXXXXXXXXX8
31B15C3F000000AAXXXXXXXXXXXX8
31B15C40000000AAXXXXXXXXXXXX8
31B15C41000000AAXXXXXXXXXXXX8
31B15C42000000AAXXXXXXXXXXXX8
31B15C43000000AAXXXXXXXXXXXX8
31B15C44000000AAXXXXXXXXXXXX8
31B15C46000000AAXXXXXXXXXXXX8
31B15C47000000AAXXXXXXXXXXXX8
31B15C48000000AAXXXXXXXXXXXX8
31B15C49000000AAXXXXXXXXXXXX8
31B15C4A000000AAXXXXXXXXXXXX8
31B15C4B000000AAXXXXXXXXXXXX8
31B15C4C000000AAXXXXXXXXXXXX8
31B15C4E000000AAXXXXXXXXXXXX8
31B15C4F000000AAXXXXXXXXXXXX8
31B15C50000000AAXXXXXXXXXXXX8
31B15C51000000AAXXXXXXXXXXXX8
31B15C52000000AAXXXXXXXXXXXX8
31B15C53000000AAXXXXXXXXXXXX8
31B15C54000000AAXXXXXXXXXXXX8
31B15C56000000AAXXXXXXXXXXXX8
31B15C57000000AAXXXXXXXXXXXX8
31B15C58000000AAXXXXXXXXXXXX8
31B15C59000000AAXXXXXXXXXXXX8
31B15C5A000000AAXXXXXXXXXXXX8
31B15C5B000000AAXXXXXXXXXXXX8
31B15C5C000000AAXXXXXXXXXXXX8
31B15C5E000000AAXXXXXXXXXXXX8
31B15C5F000000AAXXXXXXXXXXXX8
31B15C68000000AAXXXXXXXXXXXX8
31B15C69000000AAXXXXXXXXXXXX8
31B15C6A000000AAXXXXXXXXXXXX8
31B15C6B000000AAXXXXXXXXXXXX8
31B15C6C000000AAXXXXXXXXXXXX8
31B15C6E000000AAXXXXXXXXXXXX8
31B15C6F000000AAXXXXXXXXXXXX8
31B15C70000000AAXXXXXXXXXXXX8
31B15C71000000AAXXXXXXXXXXXX8
31B15C72000000AAXXXXXXXXXXXX8
31B15C73000000AAXXXXXXXXXXXX8
31B15C74000000AAXXXXXXXXXXXX8
31B15C76000000AAXXXXXXXXXXXX8
31B15C77000000AAXXXXXXXXXXXX8
31B15C78000000AAXXXXXXXXXXXX8
31B15C79000000AAXXXXXXXXXXXX8
31B15C7A000000AAXXXXXXXXXXXX8
31B15C7B000000AAXXXXXXXXXXXX8
31B15C7C000000AAXXXXXXXXXXXX8
31B15C7E000000AAXXXXXXXXXXXX8
31B15C7F000000AAXXXXXXXXXXXX8
31B15C80000000AAXXXXXXXXXXXX8
31B15C81000000AAXXXXXXXXXXXX8
31B15C82000000AAXXXXXXXXXXXX8
31B15C83000000AAXXXXXXXXXXXX8
31B15C84000000AAXXXXXXXXXXXX8
31B15C86000000AAXXXXXXXXXXXX8
31B15C87000000AAXXXXXXXXXXXX8
31B15C88000000AAXXXXXXXXXXXX8
31B15C89000000AAXXXXXXXXXXXX8
31B15C8A000000AAXXXXXXXXXXXX8
31B15C8B000000AAXXXXXXXXXXXX8
31B15C8C000000AAXXXXXXXXXXXX8
31B15C8E000000AAXXXXXXXXXXXX8
31B15C8F000000AAXXXXXXXXXXXX8
31B15C90000000AAXXXXXXXXXXXX8
31B15C91000000AAXXXXXXXXXXXX8
31B15C92000000AAXXXXXXXXXXXX8
31B15C93000000AAXXXXXXXXXXXX8
31B15C94000000AAXXXXXXXXXXXX8
31B15C96000000AAXXXXXXXXXXXX8
31B15C97000000AAXXXXXXXXXXXX8
31B15C98000000AAXXXXXXXXXXXX8
31B15C99000000AAXXXXXXXXXXXX8
31B15C9A000000AAXXXXXXXXXXXX8
31B15C9B000000AAXXXXXXXXXXXX8
31B15C9C000000AAXXXXXXXXXXXX8
31B15C9E000000AAXXXXXXXXXXXX8
31B15C9F000000AAXXXXXXXXXXXX8
31B15CA8000000AAXXXXXXXXXXXX8
31B15CA9000000AAXXXXXXXXXXXX8
31B15CAA000000AAXXXXXXXXXXXX8
31B15CAB000000AAXXXXXXXXXXXX8
31B15CAC000000AAXXXXXXXXXXXX8
31B15CAE000000AAXXXXXXXXXXXX8
31B15CAF000000AAXXXXXXXXXXXX8
31B15CB0000000AAXXXXXXXXXXXX8
31B15CB1000000AAXXXXXXXXXXXX8
31B15CB2000000AAXXXXXXXXXXXX8
31B15CB3000000AAXXXXXXXXXXXX8
31B15CB4000000AAXXXXXXXXXXXX8
31B15CB6000000AAXXXXXXXXXXXX8
31B15CB7000000AAXXXXXXXXXXXX8
31B15CB8000000AAXXXXXXXXXXXX8
31B15CB9000000AAXXXXXXXXXXXX8
31B15CBA000000AAXXXXXXXXXXXX8
31B15CBB000000AAXXXXXXXXXXXX8
31B15CBC000000AAXXXXXXXXXXXX8
31B15CBE000000AAXXXXXXXXXXXX8
31B15CBF000000AAXXXXXXXXXXXX8
31B15CC0000000AAXXXXXXXXXXXX8
31B15CC1000000AAXXXXXXXXXXXX8
31B15CC2000000AAXXXXXXXXXXXX8
31B15CC3000000AAXXXXXXXXXXXX8
31B15CC4000000AAXXXXXXXXXXXX8
31B15CC6000000AAXXXXXXXXXXXX8
31B15CC7000000AAXXXXXXXXXXXX8
31B15CC8000000AAXXXXXXXXXXXX8
31B15CC9000000AAXXXXXXXXXXXX8
31B15CCA000000AAXXXXXXXXXXXX8
31B15CCB000000AAXXXXXXXXXXXX8
31B15CCC000000AAXXXXXXXXXXXX8
31B15CCE000000AAXXXXXXXXXXXX8
31B15CCF000000AAXXXXXXXXXXXX8
31B15CD0000000AAXXXXXXXXXXXX8
31B15CD1000000AAXXXXXXXXXXXX8
31B15CD2000000AAXXXXXXXXXXXX8
31B15CD3000000AAXXXXXXXXXXXX8
31B15CD4000000AAXXXXXXXXXXXX8
31B15CD6000000AAXXXXXXXXXXXX8
31B15CD7000000AAXXXXXXXXXXXX8
31B15CD8000000AAXXXXXXXXXXXX8
31B15CD9000000AAXXXXXXXXXXXX8
31B15CDA000000AAXXXXXXXXXXXX8
31B15CDB000000AAXXXXXXXXXXXX8
31B15CDC000000AAXXXXXXXXXXXX8
31B15CDE000000AAXXXXXXXXXXXX8
31B15CDF000000AAXXXXXXXXXXXX8
31B15CE8000000AAXXXXXXXXXXXX8
31B15CE9000000AAXXXXXXXXXXXX8
31B15CEA000000AAXXXXXXXXXXXX8
31B15CEB000000AAXXXXXXXXXXXX8
31B15CEC000000AAXXXXXXXXXXXX8
31B15CEE000000AAXXXXXXXXXXXX8
31B15CEF000000AAXXXXXXXXXXXX8
31B15CF0000000AAXXXXXXXXXXXX8
31B15CF1000000AAXXXXXXXXXXXX8
31B15CF2000000AAXXXXXXXXXXXX8
31B15CF3000000AAXXXXXXXXXXXX8
31B15CF4000000AAXXXXXXXXXXXX8
31B15CF6000000AAXXXXXXXXXXXX8
31B15CF7000000AAXXXXXXXXXXXX8
31B15CF8000000AAXXXXXXXXXXXX8
31B15CF9000000AAXXXXXXXXXXXX8
31B15CFA000000AAXXXXXXXXXXXX8
31B15CFB000000AAXXXXXXXXXXXX8
31B15CFC000000AAXXXXXXXXXXXX8
31B15CFE000000AAXXXXXXXXXXXX8
31B15CFF000000AAXXXXXXXXXXXX8
31B15DXX000000AAXXXXXXXXXXXX7
31B15EXX000000AAXXXXXXXXXXXX7
31B15FXX000000AAXXXXXXXXXXXX7
31B160XX000000AAXXXXXXXXXXXX7
31B161XX000000AAXXXXXXXXXXXX7
31B162XX000000AAXXXXXXXXXXXX7
31B163XX000000AAXXXXXXXXXXXX7
31B164XX000000AAXXXXXXXXXXXX8
31B16401000000AAXXXXXXXXXXXX8
31B16402000000AAXXXXXXXXXXXX8
31B16403000000AAXXXXXXXXXXXX8
31B16404000000AAXXXXXXXXXXXX8
31B16406000000AAXXXXXXXXXXXX8
31B16407000000AAXXXXXXXXXXXX8
31B16408000000AAXXXXXXXXXXXX8
31B16409000000AAXXXXXXXXXXXX8
31B1640A000000AAXXXXXXXXXXXX8
31B1640B000000AAXXXXXXXXXXXX8
31B1640C000000AAXXXXXXXXXXXX8
31B1640E000000AAXXXXXXXXXXXX8
31B1640F000000AAXXXXXXXXXXXX8
31B16410000000AAXXXXXXXXXXXX8
31B16411000000AAXXXXXXXXXXXX8
31B16412000000AAXXXXXXXXXXXX8
31B16413000000AAXXXXXXXXXXXX8
31B16414000000AAXXXXXXXXXXXX8
31B16416000000AAXXXXXXXXXXXX8
31B16417000000AAXXXXXXXXXXXX8
31B16418000000AAXXXXXXXXXXXX8
31B16419000000AAXXXXXXXXXXXX8
31B1641A000000AAXXXXXXXXXXXX8
31B1641B000000AAXXXXXXXXXXXX8
31B1641C000000AAXXXXXXXXXXXX8
31B1641E000000AAXXXXXXXXXXXX8
31B1641F000000AAXXXXXXXXXXXX8
31B16428000000AAXXXXXXXXXXXX8
31B16429000000AAXXXXXXXXXXXX8
31B1642A000000AAXXXXXXXXXXXX8
31B1642B000000AAXXXXXXXXXXXX8
31B1642C000000AAXXXXXXXXXXXX8
31B1642E000000AAXXXXXXXXXXXX8
31B1642F000000AAXXXXXXXXXXXX8
31B16430000000AAXXXXXXXXXXXX8
31B16431000000AAXXXXXXXXXXXX8
31B16432000000AAXXXXXXXXXXXX8
31B16433000000AAXXXXXXXXXXXX8
31B16434000000AAXXXXXXXXXXXX8
31B16436000000AAXXXXXXXXXXXX8
31B16437000000AAXXXXXXXXXXXX8
31B16438000000AAXXXXXXXXXXXX8
31B16439000000AAXXXXXXXXXXXX8
31B1643A000000AAXXXXXXXXXXXX8
31B1643B000000AAXXXXXXXXXXXX8
31B1643C000000AAXXXXXXXXXXXX8
31B1643E000000AAXXXXXXXXXXXX8
31B1643F000000AAXXXXXXXXXXXX8
31B16440000000AAXXXXXXXXXXXX8
31B16441000000AAXXXXXXXXXXXX8
31B16442000000AAXXXXXXXXXXXX8
31B16443000000AAXXXXXXXXXXXX8
31B16444000000AAXXXXXXXXXXXX8
31B16446000000AAXXXXXXXXXXXX8
31B16447000000AAXXXXXXXXXXXX8
31B16448000000AAXXXXXXXXXXXX8
31B16449000000AAXXXXXXXXXXXX8
31B1644A000000AAXXXXXXXXXXXX8
31B1644B000000AAXXXXXXXXXXXX8
31B1644C000000AAXXXXXXXXXXXX8
31B1644E000000AAXXXXXXXXXXXX8
31B1644F000000AAXXXXXXXXXXXX8
31B16450000000AAXXXXXXXXXXXX8
31B16451000000AAXXXXXXXXXXXX8
31B16452000000AAXXXXXXXXXXXX8
31B16453000000AAXXXXXXXXXXXX8
31B16454000000AAXXXXXXXXXXXX8
31B16456000000AAXXXXXXXXXXXX8
31B16457000000AAXXXXXXXXXXXX8
31B16458000000AAXXXXXXXXXXXX8
31B16459000000AAXXXXXXXXXXXX8
31B1645A000000AAXXXXXXXXXXXX8
31B1645B000000AAXXXXXXXXXXXX8
31B1645C000000AAXXXXXXXXXXXX8
31B1645E000000AAXXXXXXXXXXXX8
31B1645F000000AAXXXXXXXXXXXX8
31B16468000000AAXXXXXXXXXXXX8
31B16469000000AAXXXXXXXXXXXX8
31B1646A000000AAXXXXXXXXXXXX8
31B1646B000000AAXXXXXXXXXXXX8
31B1646C000000AAXXXXXXXXXXXX8
31B1646E000000AAXXXXXXXXXXXX8
31B1646F000000AAXXXXXXXXXXXX8
31B16470000000AAXXXXXXXXXXXX8
31B16471000000AAXXXXXXXXXXXX8
31B16472000000AAXXXXXXXXXXXX8
31B16473000000AAXXXXXXXXXXXX8
31B16474000000AAXXXXXXXXXXXX8
31B16476000000AAXXXXXXXXXXXX8
31B16477000000AAXXXXXXXXXXXX8
31B16478000000AAXXXXXXXXXXXX8
31B16479000000AAXXXXXXXXXXXX8
31B1647A000000AAXXXXXXXXXXXX8
31B1647B000000AAXXXXXXXXXXXX8
31B1647C000000AAXXXXXXXXXXXX8
31B1647E000000AAXXXXXXXXXXXX8
31B1647F000000AAXXXXXXXXXXXX8
31B16480000000AAXXXXXXXXXXXX8
31B16481000000AAXXXXXXXXXXXX8
31B16482000000AAXXXXXXXXXXXX8
31B16483000000AAXXXXXXXXXXXX8
31B16484000000AAXXXXXXXXXXXX8
31B16486000000AAXXXXXXXXXXXX8
31B16487000000AAXXXXXXXXXXXX8
31B16488000000AAXXXXXXXXXXXX8
31B16489000000AAXXXXXXXXXXXX8
31B1648A000000AAXXXXXXXXXXXX8
31B1648B000000AAXXXXXXXXXXXX8
31B1648C000000AAXXXXXXXXXXXX8
31B1648E000000AAXXXXXXXXXXXX8
31B1648F000000AAXXXXXXXXXXXX8
31B16490000000AAXXXXXXXXXXXX8
31B16491000000AAXXXXXXXXXXXX8
31B16492000000AAXXXXXXXXXXXX8
31B16493000000AAXXXXXXXXXXXX8
31B16494000000AAXXXXXXXXXXXX8
31B16496000000AAXXXXXXXXXXXX8
31B16497000000AAXXXXXXXXXXXX8
31B16498000000AAXXXXXXXXXXXX8
31B16499000000AAXXXXXXXXXXXX8
31B1649A000000AAXXXXXXXXXXXX8
31B1649B000000AAXXXXXXXXXXXX8
31B1649C000000AAXXXXXXXXXXXX8
31B1649E000000AAXXXXXXXXXXXX8
31B1649F000000AAXXXXXXXXXXXX8
31B164A8000000AAXXXXXXXXXXXX8
31B164A9000000AAXXXXXXXXXXXX8
31B164AA000000AAXXXXXXXXXXXX8
31B164AB000000AAXXXXXXXXXXXX8
31B164AC000000AAXXXXXXXXXXXX8
31B164AE000000AAXXXXXXXXXXXX8
31B164AF000000AAXXXXXXXXXXXX8
31B164B0000000AAXXXXXXXXXXXX8
31B164B1000000AAXXXXXXXXXXXX8
31B164B2000000AAXXXXXXXXXXXX8
31B164B3000000AAXXXXXXXXXXXX8
31B164B4000000AAXXXXXXXXXXXX8
31B164B6000000AAXXXXXXXXXXXX8
31B164B7000000AAXXXXXXXXXXXX8
31B164B8000000AAXXXXXXXXXXXX8
31B164B9000000AAXXXXXXXXXXXX8
31B164BA000000AAXXXXXXXXXXXX8
31B164BB000000AAXXXXXXXXXXXX8
31B164BC000000AAXXXXXXXXXXXX8
31B164BE000000AAXXXXXXXXXXXX8
31B164BF000000AAXXXXXXXXXXXX8
31B164C0000000AAXXXXXXXXXXXX8
31B164C1000000AAXXXXXXXXXXXX8
31B164C2000000AAXXXXXXXXXXXX8
31B164C3000000AAXXXXXXXXXXXX8
31B164C4000000AAXXXXXXXXXXXX8
31B164C6000000AAXXXXXXXXXXXX8
31B164C7000000AAXXXXXXXXXXXX8
31B164C8000000AAXXXXXXXXXXXX8
31B164C9000000AAXXXXXXXXXXXX8
31B164CA000000AAXXXXXXXXXXXX8
31B164CB000000AAXXXXXXXXXXXX8
31B164CC000000AAXXXXXXXXXXXX8
31B164CE000000AAXXXXXXXXXXXX8
31B164CF000000AAXXXXXXXXXXXX8
31B164D0000000AAXXXXXXXXXXXX8
31B164D1000000AAXXXXXXXXXXXX8
31B164D2000000AAXXXXXXXXXXXX8
31B164D3000000AAXXXXXXXXXXXX8
31B164D4000000AAXXXXXXXXXXXX8
31B164D6000000AAXXXXXXXXXXXX8
31B164D7000000AAXXXXXXXXXXXX8
31B164D8000000AAXXXXXXXXXXXX8
31B164D9000000AAXXXXXXXXXXXX8
31B164DA000000AAXXXXXXXXXXXX8
31B164DB000000AAXXXXXXXXXXXX8
31B164DC000000AAXXXXXXXXXXXX8
31B164DE000000AAXXXXXXXXXXXX8
31B164DF000000AAXXXXXXXXXXXX8
31B164E8000000AAXXXXXXXXXXXX8
31B164E9000000AAXXXXXXXXXXXX8
31B164EA000000AAXXXXXXXXXXXX8
31B164EB000000AAXXXXXXXXXXXX8
31B164EC000000AAXXXXXXXXXXXX8
31B164EE000000AAXXXXXXXXXXXX8
31B164EF000000AAXXXXXXXXXXXX8
31B164F0000000AAXXXXXXXXXXXX8
31B164F1000000AAXXXXXXXXXXXX8
31B164F2000000AAXXXXXXXXXXXX8
31B164F3000000AAXXXXXXXXXXXX8
31B164F4000000AAXXXXXXXXXXXX8
31B164F6000000AAXXXXXXXXXXXX8
31B164F7000000AAXXXXXXXXXXXX8
31B164F8000000AAXXXXXXXXXXXX8
31B164F9000000AAXXXXXXXXXXXX8
31B164FA000000AAXXXXXXXXXXXX8
31B164FB000000AAXXXXXXXXXXXX8
31B164FC000000AAXXXXXXXXXXXX8
31B164FE000000AAXXXXXXXXXXXX8
31B164FF000000AAXXXXXXXXXXXX8
31B165XX000000AAXXXXXXXXXXXX7
31B166XX000000AAXXXXXXXXXXXX7
31B167XX000000AAXXXXXXXXXXXX7
31B168XX000000AAXXXXXXXXXXXX7
31B169XX000000AAXXXXXXXXXXXX7
31B16AXX000000AAXXXXXXXXXXXX7
31B16BXX000000AAXXXXXXXXXXXX7
31B16CXX000000AAXXXXXXXXXXXX8
31B16C01000000AAXXXXXXXXXXXX8
31B16C02000000AAXXXXXXXXXXXX8
31B16C03000000AAXXXXXXXXXXXX8
31B16C04000000AAXXXXXXXXXXXX8
31B16C06000000AAXXXXXXXXXXXX8
31B16C07000000AAXXXXXXXXXXXX8
31B16C08000000AAXXXXXXXXXXXX8
31B16C09000000AAXXXXXXXXXXXX8
31B16C0A000000AAXXXXXXXXXXXX8
31B16C0B000000AAXXXXXXXXXXXX8
31B16C0C000000AAXXXXXXXXXXXX8
31B16C0E000000AAXXXXXXXXXXXX8
31B16C0F000000AAXXXXXXXXXXXX8
31B16C10000000AAXXXXXXXXXXXX8
31B16C11000000AAXXXXXXXXXXXX8
31B16C12000000AAXXXXXXXXXXXX8
31B16C13000000AAXXXXXXXXXXXX8
31B16C14000000AAXXXXXXXXXXXX8
31B16C16000000AAXXXXXXXXXXXX8
31B16C17000000AAXXXXXXXXXXXX8
31B16C18000000AAXXXXXXXXXXXX8
31B16C19000000AAXXXXXXXXXXXX8
31B16C1A000000AAXXXXXXXXXXXX8
31B16C1B000000AAXXXXXXXXXXXX8
31B16C1C000000AAXXXXXXXXXXXX8
31B16C1E000000AAXXXXXXXXXXXX8
31B16C1F000000AAXXXXXXXXXXXX8
31B16C28000000AAXXXXXXXXXXXX8
31B16C29000000AAXXXXXXXXXXXX8
31B16C2A000000AAXXXXXXXXXXXX8
31B16C2B000000AAXXXXXXXXXXXX8
31B16C2C000000AAXXXXXXXXXXXX8
31B16C2E000000AAXXXXXXXXXXXX8
31B16C2F000000AAXXXXXXXXXXXX8
31B16C30000000AAXXXXXXXXXXXX8
31B16C31000000AAXXXXXXXXXXXX8
31B16C32000000AAXXXXXXXXXXXX8
31B16C33000000AAXXXXXXXXXXXX8
31B16C34000000AAXXXXXXXXXXXX8
31B16C36000000AAXXXXXXXXXXXX8
31B16C37000000AAXXXXXXXXXXXX8
31B16C38000000AAXXXXXXXXXXXX8
31B16C39000000AAXXXXXXXXXXXX8
31B16C3A000000AAXXXXXXXXXXXX8
31B16C3B000000AAXXXXXXXXXXXX8
31B16C3C000000AAXXXXXXXXXXXX8
31B16C3E000000AAXXXXXXXXXXXX8
31B16C3F000000AAXXXXXXXXXXXX8
31B16C40000000AAXXXXXXXXXXXX8
31B16C41000000AAXXXXXXXXXXXX8
31B16C42000000AAXXXXXXXXXXXX8
31B16C43000000AAXXXXXXXXXXXX8
31B16C44000000AAXXXXXXXXXXXX8
31B16C46000000AAXXXXXXXXXXXX8
31B16C47000000AAXXXXXXXXXXXX8
31B16C48000000AAXXXXXXXXXXXX8
31B16C49000000AAXXXXXXXXXXXX8
31B16C4A000000AAXXXXXXXXXXXX8
31B16C4B000000AAXXXXXXXXXXXX8
31B16C4C000000AAXXXXXXXXXXXX8
31B16C4E000000AAXXXXXXXXXXXX8
31B16C4F000000AAXXXXXXXXXXXX8
31B16C50000000AAXXXXXXXXXXXX8
31B16C51000000AAXXXXXXXXXXXX8
31B16C52000000AAXXXXXXXXXXXX8
31B16C53000000AAXXXXXXXXXXXX8
31B16C54000000AAXXXXXXXXXXXX8
31B16C56000000AAXXXXXXXXXXXX8
31B16C57000000AAXXXXXXXXXXXX8
31B16C58000000AAXXXXXXXXXXXX8
31B16C59000000AAXXXXXXXXXXXX8
31B16C5A000000AAXXXXXXXXXXXX8
31B16C5B000000AAXXXXXXXXXXXX8
31B16C5C000000AAXXXXXXXXXXXX8
31B16C5E000000AAXXXXXXXXXXXX8
31B16C5F000000AAXXXXXXXXXXXX8
31B16C68000000AAXXXXXXXXXXXX8
31B16C69000000AAXXXXXXXXXXXX8
31B16C6A000000AAXXXXXXXXXXXX8
31B16C6B000000AAXXXXXXXXXXXX8
31B16C6C000000AAXXXXXXXXXXXX8
31B16C6E000000AAXXXXXXXXXXXX8
31B16C6F000000AAXXXXXXXXXXXX8
31B16C70000000AAXXXXXXXXXXXX8
31B16C71000000AAXXXXXXXXXXXX8
31B16C72000000AAXXXXXXXXXXXX8
31B16C73000000AAXXXXXXXXXXXX8
31B16C74000000AAXXXXXXXXXXXX8
31B16C76000000AAXXXXXXXXXXXX8
31B16C77000000AAXXXXXXXXXXXX8
31B16C78000000AAXXXXXXXXXXXX8
31B16C79000000AAXXXXXXXXXXXX8
31B16C7A000000AAXXXXXXXXXXXX8
31B16C7B000000AAXXXXXXXXXXXX8
31B16C7C000000AAXXXXXXXXXXXX8
31B16C7E000000AAXXXXXXXXXXXX8
31B16C7F000000AAXXXXXXXXXXXX8
31B16C80000000AAXXXXXXXXXXXX8
31B16C81000000AAXXXXXXXXXXXX8
31B16C82000000AAXXXXXXXXXXXX8
31B16C83000000AAXXXXXXXXXXXX8
31B16C84000000AAXXXXXXXXXXXX8
31B16C86000000AAXXXXXXXXXXXX8
31B16C87000000AAXXXXXXXXXXXX8
31B16C88000000AAXXXXXXXXXXXX8
31B16C89000000AAXXXXXXXXXXXX8
31B16C8A000000AAXXXXXXXXXXXX8
31B16C8B000000AAXXXXXXXXXXXX8
31B16C8C000000AAXXXXXXXXXXXX8
31B16C8E000000AAXXXXXXXXXXXX8
31B16C8F000000AAXXXXXXXXXXXX8
31B16C90000000AAXXXXXXXXXXXX8
31B16C91000000AAXXXXXXXXXXXX8
31B16C92000000AAXXXXXXXXXXXX8
31B16C93000000AAXXXXXXXXXXXX8
31B16C94000000AAXXXXXXXXXXXX8
31B16C96000000AAXXXXXXXXXXXX8
31B16C97000000AAXXXXXXXXXXXX8
31B16C98000000AAXXXXXXXXXXXX8
31B16C99000000AAXXXXXXXXXXXX8
31B16C9A000000AAXXXXXXXXXXXX8
31B16C9B000000AAXXXXXXXXXXXX8
31B16C9C000000AAXXXXXXXXXXXX8
31B16C9E000000AAXXXXXXXXXXXX8
31B16C9F000000AAXXXXXXXXXXXX8
31B16CA8000000AAXXXXXXXXXXXX8
31B16CA9000000AAXXXXXXXXXXXX8
31B16CAA000000AAXXXXXXXXXXXX8
31B16CAB000000AAXXXXXXXXXXXX8
31B16CAC000000AAXXXXXXXXXXXX8
31B16CAE000000AAXXXXXXXXXXXX8
31B16CAF000000AAXXXXXXXXXXXX8
31B16CB0000000AAXXXXXXXXXXXX8
31B16CB1000000AAXXXXXXXXXXXX8
31B16CB2000000AAXXXXXXXXXXXX8
31B16CB3000000AAXXXXXXXXXXXX8
31B16CB4000000AAXXXXXXXXXXXX8
31B16CB6000000AAXXXXXXXXXXXX8
31B16CB7000000AAXXXXXXXXXXXX8
31B16CB8000000AAXXXXXXXXXXXX8
31B16CB9000000AAXXXXXXXXXXXX8
31B16CBA000000AAXXXXXXXXXXXX8
31B16CBB000000AAXXXXXXXXXXXX8
31B16CBC000000AAXXXXXXXXXXXX8
31B16CBE000000AAXXXXXXXXXXXX8
31B16CBF000000AAXXXXXXXXXXXX8
31B16CC0000000AAXXXXXXXXXXXX8
31B16CC1000000AAXXXXXXXXXXXX8
31B16CC2000000AAXXXXXXXXXXXX8
31B16CC3000000AAXXXXXXXXXXXX8
31B16CC4000000AAXXXXXXXXXXXX8
31B16CC6000000AAXXXXXXXXXXXX8
31B16CC7000000AAXXXXXXXXXXXX8
31B16CC8000000AAXXXXXXXXXXXX8
31B16CC9000000AAXXXXXXXXXXXX8
31B16CCA000000AAXXXXXXXXXXXX8
31B16CCB000000AAXXXXXXXXXXXX8
31B16CCC000000AAXXXXXXXXXXXX8
31B16CCE000000AAXXXXXXXXXXXX8
31B16CCF000000AAXXXXXXXXXXXX8
31B16CD0000000AAXXXXXXXXXXXX8
31B16CD1000000AAXXXXXXXXXXXX8
31B16CD2000000AAXXXXXXXXXXXX8
31B16CD3000000AAXXXXXXXXXXXX8
31B16CD4000000AAXXXXXXXXXXXX8
31B16CD6000000AAXXXXXXXXXXXX8
31B16CD7000000AAXXXXXXXXXXXX8
31B16CD8000000AAXXXXXXXXXXXX8
31B16CD9000000AAXXXXXXXXXXXX8
31B16CDA000000AAXXXXXXXXXXXX8
31B16CDB000000AAXXXXXXXXXXXX8
31B16CDC000000AAXXXXXXXXXXXX8
31B16CDE000000AAXXXXXXXXXXXX8
31B16CDF000000AAXXXXXXXXXXXX8
31B16CE8000000AAXXXXXXXXXXXX8
31B16CE9000000AAXXXXXXXXXXXX8
31B16CEA000000AAXXXXXXXXXXXX8
31B16CEB000000AAXXXXXXXXXXXX8
31B16CEC000000AAXXXXXXXXXXXX8
31B16CEE000000AAXXXXXXXXXXXX8
31B16CEF000000AAXXXXXXXXXXXX8
31B16CF0000000AAXXXXXXXXXXXX8
31B16CF1000000AAXXXXXXXXXXXX8
31B16CF2000000AAXXXXXXXXXXXX8
31B16CF3000000AAXXXXXXXXXXXX8
31B16CF4000000AAXXXXXXXXXXXX8
31B16CF6000000AAXXXXXXXXXXXX8
31B16CF7000000AAXXXXXXXXXXXX8
31B16CF8000000AAXXXXXXXXXXXX8
31B16CF9000000AAXXXXXXXXXXXX8
31B16CFA000000AAXXXXXXXXXXXX8
31B16CFB000000AAXXXXXXXXXXXX8
31B16CFC000000AAXXXXXXXXXXXX8
31B16CFE000000AAXXXXXXXXXXXX8
31B16CFF000000AAXXXXXXXXXXXX8
31B16DXX000000AAXXXXXXXXXXXX7
31B16EXX000000AAXXXXXXXXXXXX7
31B16FXX000000AAXXXXXXXXXXXX7
31B170XX000000AAXXXXXXXXXXXX7
31B171XX000000AAXXXXXXXXXXXX7
31B172XX000000AAXXXXXXXXXXXX7
31B173XX000000AAXXXXXXXXXXXX7
31B174XX000000AAXXXXXXXXXXXX8
31B17401000000AAXXXXXXXXXXXX8
31B17402000000AAXXXXXXXXXXXX8
31B17403000000AAXXXXXXXXXXXX8
31B17404000000AAXXXXXXXXXXXX8
31B17406000000AAXXXXXXXXXXXX8
31B17407000000AAXXXXXXXXXXXX8
31B17408000000AAXXXXXXXXXXXX8
31B17409000000AAXXXXXXXXXXXX8
31B1740A000000AAXXXXXXXXXXXX8
31B1740B000000AAXXXXXXXXXXXX8
31B1740C000000AAXXXXXXXXXXXX8
31B1740E000000AAXXXXXXXXXXXX8
31B1740F000000AAXXXXXXXXXXXX8
31B17410000000AAXXXXXXXXXXXX8
31B17411000000AAXXXXXXXXXXXX8
31B17412000000AAXXXXXXXXXXXX8
31B17413000000AAXXXXXXXXXXXX8
31B17414000000AAXXXXXXXXXXXX8
31B17416000000AAXXXXXXXXXXXX8
31B17417000000AAXXXXXXXXXXXX8
31B17418000000AAXXXXXXXXXXXX8
31B17419000000AAXXXXXXXXXXXX8
31B1741A000000AAXXXXXXXXXXXX8
31B1741B000000AAXXXXXXXXXXXX8
31B1741C000000AAXXXXXXXXXXXX8
31B1741E000000AAXXXXXXXXXXXX8
31B1741F000000AAXXXXXXXXXXXX8
31B17428000000AAXXXXXXXXXXXX8
31B17429000000AAXXXXXXXXXXXX8
31B1742A000000AAXXXXXXXXXXXX8
31B1742B000000AAXXXXXXXXXXXX8
31B1742C000000AAXXXXXXXXXXXX8
31B1742E000000AAXXXXXXXXXXXX8
31B1742F000000AAXXXXXXXXXXXX8
31B17430000000AAXXXXXXXXXXXX8
31B17431000000AAXXXXXXXXXXXX8
31B17432000000AAXXXXXXXXXXXX8
31B17433000000AAXXXXXXXXXXXX8
31B17434000000AAXXXXXXXXXXXX8
31B17436000000AAXXXXXXXXXXXX8
31B17437000000AAXXXXXXXXXXXX8
31B17438000000AAXXXXXXXXXXXX8
31B17439000000AAXXXXXXXXXXXX8
31B1743A000000AAXXXXXXXXXXXX8
31B1743B000000AAXXXXXXXXXXXX8
31B1743C000000AAXXXXXXXXXXXX8
31B1743E000000AAXXXXXXXXXXXX8
31B1743F000000AAXXXXXXXXXXXX8
31B17440000000AAXXXXXXXXXXXX8
31B17441000000AAXXXXXXXXXXXX8
31B17442000000AAXXXXXXXXXXXX8
31B17443000000AAXXXXXXXXXXXX8
31B17444000000AAXXXXXXXXXXXX8
31B17446000000AAXXXXXXXXXXXX8
31B17447000000AAXXXXXXXXXXXX8
31B17448000000AAXXXXXXXXXXXX8
31B17449000000AAXXXXXXXXXXXX8
31B1744A000000AAXXXXXXXXXXXX8
31B1744B000000AAXXXXXXXXXXXX8
31B1744C000000AAXXXXXXXXXXXX8
31B1744E000000AAXXXXXXXXXXXX8
31B1744F000000AAXXXXXXXXXXXX8
31B17450000000AAXXXXXXXXXXXX8
31B17451000000AAXXXXXXXXXXXX8
31B17452000000AAXXXXXXXXXXXX8
31B17453000000AAXXXXXXXXXXXX8
31B17454000000AAXXXXXXXXXXXX8
31B17456000000AAXXXXXXXXXXXX8
31B17457000000AAXXXXXXXXXXXX8
31B17458000000AAXXXXXXXXXXXX8
31B17459000000AAXXXXXXXXXXXX8
31B1745A000000AAXXXXXXXXXXXX8
31B1745B000000AAXXXXXXXXXXXX8
31B1745C000000AAXXXXXXXXXXXX8
31B1745E000000AAXXXXXXXXXXXX8
31B1745F000000AAXXXXXXXXXXXX8
31B17468000000AAXXXXXXXXXXXX8
31B17469000000AAXXXXXXXXXXXX8
31B1746A000000AAXXXXXXXXXXXX8
31B1746B000000AAXXXXXXXXXXXX8
31B1746C000000AAXXXXXXXXXXXX8
31B1746E000000AAXXXXXXXXXXXX8
31B1746F000000AAXXXXXXXXXXXX8
31B17470000000AAXXXXXXXXXXXX8
31B17471000000AAXXXXXXXXXXXX8
31B17472000000AAXXXXXXXXXXXX8
31B17473000000AAXXXXXXXXXXXX8
31B17474000000AAXXXXXXXXXXXX8
31B17476000000AAXXXXXXXXXXXX8
31B17477000000AAXXXXXXXXXXXX8
31B17478000000AAXXXXXXXXXXXX8
31B17479000000AAXXXXXXXXXXXX8
31B1747A000000AAXXXXXXXXXXXX8
31B1747B000000AAXXXXXXXXXXXX8
31B1747C000000AAXXXXXXXXXXXX8
31B1747E000000AAXXXXXXXXXXXX8
31B1747F000000AAXXXXXXXXXXXX8
31B17480000000AAXXXXXXXXXXXX8
31B17481000000AAXXXXXXXXXXXX8
31B17482000000AAXXXXXXXXXXXX8
31B17483000000AAXXXXXXXXXXXX8
31B17484000000AAXXXXXXXXXXXX8
31B17486000000AAXXXXXXXXXXXX8
31B17487000000AAXXXXXXXXXXXX8
31B17488000000AAXXXXXXXXXXXX8
31B17489000000AAXXXXXXXXXXXX8
31B1748A000000AAXXXXXXXXXXXX8
31B1748B000000AAXXXXXXXXXXXX8
31B1748C000000AAXXXXXXXXXXXX8
31B1748E000000AAXXXXXXXXXXXX8
31B1748F000000AAXXXXXXXXXXXX8
31B17490000000AAXXXXXXXXXXXX8
31B17491000000AAXXXXXXXXXXXX8
31B17492000000AAXXXXXXXXXXXX8
31B17493000000AAXXXXXXXXXXXX8
31B17494000000AAXXXXXXXXXXXX8
31B17496000000AAXXXXXXXXXXXX8
31B17497000000AAXXXXXXXXXXXX8
31B17498000000AAXXXXXXXXXXXX8
31B17499000000AAXXXXXXXXXXXX8
31B1749A000000AAXXXXXXXXXXXX8
31B1749B000000AAXXXXXXXXXXXX8
31B1749C000000AAXXXXXXXXXXXX8
31B1749E000000AAXXXXXXXXXXXX8
31B1749F000000AAXXXXXXXXXXXX8
31B174A8000000AAXXXXXXXXXXXX8
31B174A9000000AAXXXXXXXXXXXX8
31B174AA000000AAXXXXXXXXXXXX8
31B174AB000000AAXXXXXXXXXXXX8
31B174AC000000AAXXXXXXXXXXXX8
31B174AE000000AAXXXXXXXXXXXX8
31B174AF000000AAXXXXXXXXXXXX8
31B174B0000000AAXXXXXXXXXXXX8
31B174B1000000AAXXXXXXXXXXXX8
31B174B2000000AAXXXXXXXXXXXX8
31B174B3000000AAXXXXXXXXXXXX8
31B174B4000000AAXXXXXXXXXXXX8
31B174B6000000AAXXXXXXXXXXXX8
31B174B7000000AAXXXXXXXXXXXX8
31B174B8000000AAXXXXXXXXXXXX8
31B174B9000000AAXXXXXXXXXXXX8
31B174BA000000AAXXXXXXXXXXXX8
31B174BB000000AAXXXXXXXXXXXX8
31B174BC000000AAXXXXXXXXXXXX8
31B174BE000000AAXXXXXXXXXXXX8
31B174BF000000AAXXXXXXXXXXXX8
31B174C0000000AAXXXXXXXXXXXX8
31B174C1000000AAXXXXXXXXXXXX8
31B174C2000000AAXXXXXXXXXXXX8
31B174C3000000AAXXXXXXXXXXXX8
31B174C4000000AAXXXXXXXXXXXX8
31B174C6000000AAXXXXXXXXXXXX8
31B174C7000000AAXXXXXXXXXXXX8
31B174C8000000AAXXXXXXXXXXXX8
31B174C9000000AAXXXXXXXXXXXX8
31B174CA000000AAXXXXXXXXXXXX8
31B174CB000000AAXXXXXXXXXXXX8
31B174CC000000AAXXXXXXXXXXXX8
31B174CE000000AAXXXXXXXXXXXX8
31B174CF000000AAXXXXXXXXXXXX8
31B174D0000000AAXXXXXXXXXXXX8
31B174D1000000AAXXXXXXXXXXXX8
31B174D2000000AAXXXXXXXXXXXX8
31B174D3000000AAXXXXXXXXXXXX8
31B174D4000000AAXXXXXXXXXXXX8
31B174D6000000AAXXXXXXXXXXXX8
31B174D7000000AAXXXXXXXXXXXX8
31B174D8000000AAXXXXXXXXXXXX8
31B174D9000000AAXXXXXXXXXXXX8
31B174DA000000AAXXXXXXXXXXXX8
31B174DB000000AAXXXXXXXXXXXX8
31B174DC000000AAXXXXXXXXXXXX8
31B174DE000000AAXXXXXXXXXXXX8
31B174DF000000AAXXXXXXXXXXXX8
31B174E8000000AAXXXXXXXXXXXX8
31B174E9000000AAXXXXXXXXXXXX8
31B174EA000000AAXXXXXXXXXXXX8
31B174EB000000AAXXXXXXXXXXXX8
31B174EC000000AAXXXXXXXXXXXX8
31B174EE000000AAXXXXXXXXXXXX8
31B174EF000000AAXXXXXXXXXXXX8
31B174F0000000AAXXXXXXXXXXXX8
31B174F1000000AAXXXXXXXXXXXX8
31B174F2000000AAXXXXXXXXXXXX8
31B174F3000000AAXXXXXXXXXXXX8
31B174F4000000AAXXXXXXXXXXXX8
31B174F6000000AAXXXXXXXXXXXX8
31B174F7000000AAXXXXXXXXXXXX8
31B174F8000000AAXXXXXXXXXXXX8
31B174F9000000AAXXXXXXXXXXXX8
31B174FA000000AAXXXXXXXXXXXX8
31B174FB000000AAXXXXXXXXXXXX8
31B174FC000000AAXXXXXXXXXXXX8
31B174FE000000AAXXXXXXXXXXXX8
31B174FF000000AAXXXXXXXXXXXX8
31B175XX000000AAXXXXXXXXXXXX7
31B176XX000000AAXXXXXXXXXXXX7
31B177XX000000AAXXXXXXXXXXXX7
31B178XX000000AAXXXXXXXXXXXX7
31B179XX000000AAXXXXXXXXXXXX7
31B17AXX000000AAXXXXXXXXXXXX7
31B17BXX000000AAXXXXXXXXXXXX7
31B17CXX000000AAXXXXXXXXXXXX8
31B17C01000000AAXXXXXXXXXXXX8
31B17C02000000AAXXXXXXXXXXXX8
31B17C03000000AAXXXXXXXXXXXX8
31B17C04000000AAXXXXXXXXXXXX8
31B17C06000000AAXXXXXXXXXXXX8
31B17C07000000AAXXXXXXXXXXXX8
31B17C08000000AAXXXXXXXXXXXX8
31B17C09000000AAXXXXXXXXXXXX8
31B17C0A000000AAXXXXXXXXXXXX8
31B17C0B000000AAXXXXXXXXXXXX8
31B17C0C000000AAXXXXXXXXXXXX8
31B17C0E000000AAXXXXXXXXXXXX8
31B17C0F000000AAXXXXXXXXXXXX8
31B17C10000000AAXXXXXXXXXXXX8
31B17C11000000AAXXXXXXXXXXXX8
31B17C12000000AAXXXXXXXXXXXX8
31B17C13000000AAXXXXXXXXXXXX8
31B17C14000000AAXXXXXXXXXXXX8
31B17C16000000AAXXXXXXXXXXXX8
31B17C17000000AAXXXXXXXXXXXX8
31B17C18000000AAXXXXXXXXXXXX8
31B17C19000000AAXXXXXXXXXXXX8
31B17C1A000000AAXXXXXXXXXXXX8
31B17C1B000000AAXXXXXXXXXXXX8
31B17C1C000000AAXXXXXXXXXXXX8
31B17C1E000000AAXXXXXXXXXXXX8
31B17C1F000000AAXXXXXXXXXXXX8
31B17C28000000AAXXXXXXXXXXXX8
31B17C29000000AAXXXXXXXXXXXX8
31B17C2A000000AAXXXXXXXXXXXX8
31B17C2B000000AAXXXXXXXXXXXX8
31B17C2C000000AAXXXXXXXXXXXX8
31B17C2E000000AAXXXXXXXXXXXX8
31B17C2F000000AAXXXXXXXXXXXX8
31B17C30000000AAXXXXXXXXXXXX8
31B17C31000000AAXXXXXXXXXXXX8
31B17C32000000AAXXXXXXXXXXXX8
31B17C33000000AAXXXXXXXXXXXX8
31B17C34000000AAXXXXXXXXXXXX8
31B17C36000000AAXXXXXXXXXXXX8
31B17C37000000AAXXXXXXXXXXXX8
31B17C38000000AAXXXXXXXXXXXX8
31B17C39000000AAXXXXXXXXXXXX8
31B17C3A000000AAXXXXXXXXXXXX8
31B17C3B000000AAXXXXXXXXXXXX8
31B17C3C000000AAXXXXXXXXXXXX8
31B17C3E000000AAXXXXXXXXXXXX8
31B17C3F000000AAXXXXXXXXXXXX8
31B17C40000000AAXXXXXXXXXXXX8
31B17C41000000AAXXXXXXXXXXXX8
31B17C42000000AAXXXXXXXXXXXX8
31B17C43000000AAXXXXXXXXXXXX8
31B17C44000000AAXXXXXXXXXXXX8
31B17C46000000AAXXXXXXXXXXXX8
31B17C47000000AAXXXXXXXXXXXX8
31B17C48000000AAXXXXXXXXXXXX8
31B17C49000000AAXXXXXXXXXXXX8
31B17C4A000000AAXXXXXXXXXXXX8
31B17C4B000000AAXXXXXXXXXXXX8
31B17C4C000000AAXXXXXXXXXXXX8
31B17C4E000000AAXXXXXXXXXXXX8
31B17C4F000000AAXXXXXXXXXXXX8
31B17C50000000AAXXXXXXXXXXXX8
31B17C51000000AAXXXXXXXXXXXX8
31B17C52000000AAXXXXXXXXXXXX8
31B17C53000000AAXXXXXXXXXXXX8
31B17C54000000AAXXXXXXXXXXXX8
31B17C56000000AAXXXXXXXXXXXX8
31B17C57000000AAXXXXXXXXXXXX8
31B17C58000000AAXXXXXXXXXXXX8
31B17C59000000AAXXXXXXXXXXXX8
31B17C5A000000AAXXXXXXXXXXXX8
31B17C5B000000AAXXXXXXXXXXXX8
31B17C5C000000AAXXXXXXXXXXXX8
31B17C5E000000AAXXXXXXXXXXXX8
31B17C5F000000AAXXXXXXXXXXXX8
31B17C68000000AAXXXXXXXXXXXX8
31B17C69000000AAXXXXXXXXXXXX8
31B17C6A000000AAXXXXXXXXXXXX8
31B17C6B000000AAXXXXXXXXXXXX8
31B17C6C000000AAXXXXXXXXXXXX8
31B17C6E000000AAXXXXXXXXXXXX8
31B17C6F000000AAXXXXXXXXXXXX8
31B17C70000000AAXXXXXXXXXXXX8
31B17C71000000AAXXXXXXXXXXXX8
31B17C72000000AAXXXXXXXXXXXX8
31B17C73000000AAXXXXXXXXXXXX8
31B17C74000000AAXXXXXXXXXXXX8
31B17C76000000AAXXXXXXXXXXXX8
31B17C77000000AAXXXXXXXXXXXX8
31B17C78000000AAXXXXXXXXXXXX8
31B17C79000000AAXXXXXXXXXXXX8
31B17C7A000000AAXXXXXXXXXXXX8
31B17C7B000000AAXXXXXXXXXXXX8
31B17C7C000000AAXXXXXXXXXXXX8
31B17C7E000000AAXXXXXXXXXXXX8
31B17C7F000000AAXXXXXXXXXXXX8
31B17C80000000AAXXXXXXXXXXXX8
31B17C81000000AAXXXXXXXXXXXX8
31B17C82000000AAXXXXXXXXXXXX8
31B17C83000000AAXXXXXXXXXXXX8
31B17C84000000AAXXXXXXXXXXXX8
31B17C86000000AAXXXXXXXXXXXX8
31B17C87000000AAXXXXXXXXXXXX8
31B17C88000000AAXXXXXXXXXXXX8
31B17C89000000AAXXXXXXXXXXXX8
31B17C8A000000AAXXXXXXXXXXXX8
31B17C8B000000AAXXXXXXXXXXXX8
31B17C8C000000AAXXXXXXXXXXXX8
31B17C8E000000AAXXXXXXXXXXXX8
31B17C8F000000AAXXXXXXXXXXXX8
31B17C90000000AAXXXXXXXXXXXX8
31B17C91000000AAXXXXXXXXXXXX8
31B17C92000000AAXXXXXXXXXXXX8
31B17C93000000AAXXXXXXXXXXXX8
31B17C94000000AAXXXXXXXXXXXX8
31B17C96000000AAXXXXXXXXXXXX8
31B17C97000000AAXXXXXXXXXXXX8
31B17C98000000AAXXXXXXXXXXXX8
31B17C99000000AAXXXXXXXXXXXX8
31B17C9A000000AAXXXXXXXXXXXX8
31B17C9B000000AAXXXXXXXXXXXX8
31B17C9C000000AAXXXXXXXXXXXX8
31B17C9E000000AAXXXXXXXXXXXX8
31B17C9F000000AAXXXXXXXXXXXX8
31B17CA8000000AAXXXXXXXXXXXX8
31B17CA9000000AAXXXXXXXXXXXX8
31B17CAA000000AAXXXXXXXXXXXX8
31B17CAB000000AAXXXXXXXXXXXX8
31B17CAC000000AAXXXXXXXXXXXX8
31B17CAE000000AAXXXXXXXXXXXX8
31B17CAF000000AAXXXXXXXXXXXX8
31B17CB0000000AAXXXXXXXXXXXX8
31B17CB1000000AAXXXXXXXXXXXX8
31B17CB2000000AAXXXXXXXXXXXX8
31B17CB3000000AAXXXXXXXXXXXX8
31B17CB4000000AAXXXXXXXXXXXX8
31B17CB6000000AAXXXXXXXXXXXX8
31B17CB7000000AAXXXXXXXXXXXX8
31B17CB8000000AAXXXXXXXXXXXX8
31B17CB9000000AAXXXXXXXXXXXX8
31B17CBA000000AAXXXXXXXXXXXX8
31B17CBB000000AAXXXXXXXXXXXX8
31B17CBC000000AAXXXXXXXXXXXX8
31B17CBE000000AAXXXXXXXXXXXX8
31B17CBF000000AAXXXXXXXXXXXX8
31B17CC0000000AAXXXXXXXXXXXX8
31B17CC1000000AAXXXXXXXXXXXX8
31B17CC2000000AAXXXXXXXXXXXX8
31B17CC3000000AAXXXXXXXXXXXX8
31B17CC4000000AAXXXXXXXXXXXX8
31B17CC6000000AAXXXXXXXXXXXX8
31B17CC7000000AAXXXXXXXXXXXX8
31B17CC8000000AAXXXXXXXXXXXX8
31B17CC9000000AAXXXXXXXXXXXX8
31B17CCA000000AAXXXXXXXXXXXX8
31B17CCB000000AAXXXXXXXXXXXX8
31B17CCC000000AAXXXXXXXXXXXX8
31B17CCE000000AAXXXXXXXXXXXX8
31B17CCF000000AAXXXXXXXXXXXX8
31B17CD0000000AAXXXXXXXXXXXX8
31B17CD1000000AAXXXXXXXXXXXX8
31B17CD2000000AAXXXXXXXXXXXX8
31B17CD3000000AAXXXXXXXXXXXX8
31B17CD4000000AAXXXXXXXXXXXX8
31B17CD6000000AAXXXXXXXXXXXX8
31B17CD7000000AAXXXXXXXXXXXX8
31B17CD8000000AAXXXXXXXXXXXX8
31B17CD9000000AAXXXXXXXXXXXX8
31B17CDA000000AAXXXXXXXXXXXX8
31B17CDB000000AAXXXXXXXXXXXX8
31B17CDC000000AAXXXXXXXXXXXX8
31B17CDE000000AAXXXXXXXXXXXX8
31B17CDF000000AAXXXXXXXXXXXX8
31B17CE8000000AAXXXXXXXXXXXX8
31B17CE9000000AAXXXXXXXXXXXX8
31B17CEA000000AAXXXXXXXXXXXX8
31B17CEB000000AAXXXXXXXXXXXX8
31B17CEC000000AAXXXXXXXXXXXX8
31B17CEE000000AAXXXXXXXXXXXX8
31B17CEF000000AAXXXXXXXXXXXX8
31B17CF0000000AAXXXXXXXXXXXX8
31B17CF1000000AAXXXXXXXXXXXX8
31B17CF2000000AAXXXXXXXXXXXX8
31B17CF3000000AAXXXXXXXXXXXX8
31B17CF4000000AAXXXXXXXXXXXX8
31B17CF6000000AAXXXXXXXXXXXX8
31B17CF7000000AAXXXXXXXXXXXX8
31B17CF8000000AAXXXXXXXXXXXX8
31B17CF9000000AAXXXXXXXXXXXX8
31B17CFA000000AAXXXXXXXXXXXX8
31B17CFB000000AAXXXXXXXXXXXX8
31B17CFC000000AAXXXXXXXXXXXX8
31B17CFE000000AAXXXXXXXXXXXX8
31B17CFF000000AAXXXXXXXXXXXX8
31B17DXX000000AAXXXXXXXXXXXX7
31B17EXX000000AAXXXXXXXXXXXX7
31B17FXX000000AAXXXXXXXXXXXX7
31B180XXDDCCBBAAXXXXXXXXXXXXA
31B181XXDDCCBBAAXXXXXXXXXXXXA
31B182XXDDCCBBAAXXXXXXXXXXXXA
31B183XXDDCCBBAAXXXXXXXXXXXXA
31B184XXDDCCBBAAXXXXXXXXXXXXB
31B18401DDCCBBAAXXXXXXXXXXXXB
31B18402DDCCBBAAXXXXXXXXXXXXB
31B18403DDCCBBAAXXXXXXXXXXXXB
31B18404DDCCBBAAXXXXXXXXXXXXB
31B18406DDCCBBAAXXXXXXXXXXXXB
31B18407DDCCBBAAXXXXXXXXXXXXB
31B18408DDCCBBAAXXXXXXXXXXXXB
31B18409DDCCBBAAXXXXXXXXXXXXB
31B1840ADDCCBBAAXXXXXXXXXXXXB
31B1840BDDCCBBAAXXXXXXXXXXXXB
31B1840CDDCCBBAAXXXXXXXXXXXXB
31B1840EDDCCBBAAXXXXXXXXXXXXB
31B1840FDDCCBBAAXXXXXXXXXXXXB
31B18410DDCCBBAAXXXXXXXXXXXXB
31B18411DDCCBBAAXXXXXXXXXXXXB
31B18412DDCCBBAAXXXXXXXXXXXXB
31B18413DDCCBBAAXXXXXXXXXXXXB
31B18414DDCCBBAAXXXXXXXXXXXXB
31B18416DDCCBBAAXXXXXXXXXXXXB
31B18417DDCCBBAAXXXXXXXXXXXXB
31B18418DDCCBBAAXXXXXXXXXXXXB
31B18419DDCCBBAAXXXXXXXXXXXXB
31B1841ADDCCBBAAXXXXXXXXXXXXB
31B1841BDDCCBBAAXXXXXXXXXXXXB
31B1841CDDCCBBAAXXXXXXXXXXXXB
31B1841EDDCCBBAAXXXXXXXXXXXXB
31B1841FDDCCBBAAXXXXXXXXXXXXB
31B18428DDCCBBAAXXXXXXXXXXXXB
31B18429DDCCBBAAXXXXXXXXXXXXB
31B1842ADDCCBBAAXXXXXXXXXXXXB
31B1842BDDCCBBAAXXXXXXXXXXXXB
31B1842CDDCCBBAAXXXXXXXXXXXXB
31B1842EDDCCBBAAXXXXXXXXXXXXB
31B1842FDDCCBBAAXXXXXXXXXXXXB
31B18430DDCCBBAAXXXXXXXXXXXXB
31B18431DDCCBBAAXXXXXXXXXXXXB
31B18432DDCCBBAAXXXXXXXXXXXXB
31B18433DDCCBBAAXXXXXXXXXXXXB
31B18434DDCCBBAAXXXXXXXXXXXXB
31B18436DDCCBBAAXXXXXXXXXXXXB
31B18437DDCCBBAAXXXXXXXXXXXXB
31B18438DDCCBBAAXXXXXXXXXXXXB
31B18439DDCCBBAAXXXXXXXXXXXXB
31B1843ADDCCBBAAXXXXXXXXXXXXB
31B1843BDDCCBBAAXXXXXXXXXXXXB
31B1843CDDCCBBAAXXXXXXXXXXXXB
31B1843EDDCCBBAAXXXXXXXXXXXXB
31B1843FDDCCBBAAXXXXXXXXXXXXB
31B18440DDCCBBAAXXXXXXXXXXXXB
31B18441DDCCBBAAXXXXXXXXXXXXB
31B18442DDCCBBAAXXXXXXXXXXXXB
31B18443DDCCBBAAXXXXXXXXXXXXB
31B18444DDCCBBAAXXXXXXXXXXXXB
31B18446DDCCBBAAXXXXXXXXXXXXB
31B18447DDCCBBAAXXXXXXXXXXXXB
31B18448DDCCBBAAXXXXXXXXXXXXB
31B18449DDCCBBAAXXXXXXXXXXXXB
31B1844ADDCCBBAAXXXXXXXXXXXXB
31B1844BDDCCBBAAXXXXXXXXXXXXB
31B1844CDDCCBBAAXXXXXXXXXXXXB
31B1844EDDCCBBAAXXXXXXXXXXXXB
31B1844FDDCCBBAAXXXXXXXXXXXXB
31B18450DDCCBBAAXXXXXXXXXXXXB
31B18451DDCCBBAAXXXXXXXXXXXXB
31B18452DDCCBBAAXXXXXXXXXXXXB
31B18453DDCCBBAAXXXXXXXXXXXXB
31B18454DDCCBBAAXXXXXXXXXXXXB
31B18456DDCCBBAAXXXXXXXXXXXXB
31B18457DDCCBBAAXXXXXXXXXXXXB
31B18458DDCCBBAAXXXXXXXXXXXXB
31B18459DDCCBBAAXXXXXXXXXXXXB
31B1845ADDCCBBAAXXXXXXXXXXXXB
31B1845BDDCCBBAAXXXXXXXXXXXXB
31B1845CDDCCBBAAXXXXXXXXXXXXB
31B1845EDDCCBBAAXXXXXXXXXXXXB
31B1845FDDCCBBAAXXXXXXXXXXXXB
31B18468DDCCBBAAXXXXXXXXXXXXB
31B18469DDCCBBAAXXXXXXXXXXXXB
31B1846ADDCCBBAAXXXXXXXXXXXXB
31B1846BDDCCBBAAXXXXXXXXXXXXB
31B1846CDDCCBBAAXXXXXXXXXXXXB
31B1846EDDCCBBAAXXXXXXXXXXXXB
31B1846FDDCCBBAAXXXXXXXXXXXXB
31B18470DDCCBBAAXXXXXXXXXXXXB
31B18471DDCCBBAAXXXXXXXXXXXXB
31B18472DDCCBBAAXXXXXXXXXXXXB
31B18473DDCCBBAAXXXXXXXXXXXXB
31B18474DDCCBBAAXXXXXXXXXXXXB
31B18476DDCCBBAAXXXXXXXXXXXXB
31B18477DDCCBBAAXXXXXXXXXXXXB
31B18478DDCCBBAAXXXXXXXXXXXXB
31B18479DDCCBBAAXXXXXXXXXXXXB
31B1847ADDCCBBAAXXXXXXXXXXXXB
31B1847BDDCCBBAAXXXXXXXXXXXXB
31B1847CDDCCBBAAXXXXXXXXXXXXB
31B1847EDDCCBBAAXXXXXXXXXXXXB
31B1847FDDCCBBAAXXXXXXXXXXXXB
31B18480DDCCBBAAXXXXXXXXXXXXB
31B18481DDCCBBAAXXXXXXXXXXXXB
31B18482DDCCBBAAXXXXXXXXXXXXB
31B18483DDCCBBAAXXXXXXXXXXXXB
31B18484DDCCBBAAXXXXXXXXXXXXB
31B18486DDCCBBAAXXXXXXXXXXXXB
31B18487DDCCBBAAXXXXXXXXXXXXB
31B18488DDCCBBAAXXXXXXXXXXXXB
31B18489DDCCBBAAXXXXXXXXXXXXB
31B1848ADDCCBBAAXXXXXXXXXXXXB
31B1848BDDCCBBAAXXXXXXXXXXXXB
31B1848CDDCCBBAAXXXXXXXXXXXXB
31B1848EDDCCBBAAXXXXXXXXXXXXB
31B1848FDDCCBBAAXXXXXXXXXXXXB
31B18490DDCCBBAAXXXXXXXXXXXXB
31B18491DDCCBBAAXXXXXXXXXXXXB
31B18492DDCCBBAAXXXXXXXXXXXXB
31B18493DDCCBBAAXXXXXXXXXXXXB
31B18494DDCCBBAAXXXXXXXXXXXXB
31B18496DDCCBBAAXXXXXXXXXXXXB
31B18497DDCCBBAAXXXXXXXXXXXXB
31B18498DDCCBBAAXXXXXXXXXXXXB
31B18499DDCCBBAAXXXXXXXXXXXXB
31B1849ADDCCBBAAXXXXXXXXXXXXB
31B1849BDDCCBBAAXXXXXXXXXXXXB
31B1849CDDCCBBAAXXXXXXXXXXXXB
31B1849EDDCCBBAAXXXXXXXXXXXXB
31B1849FDDCCBBAAXXXXXXXXXXXXB
31B184A8DDCCBBAAXXXXXXXXXXXXB
31B184A9DDCCBBAAXXXXXXXXXXXXB
31B184AADDCCBBAAXXXXXXXXXXXXB
31B184ABDDCCBBAAXXXXXXXXXXXXB
31B184ACDDCCBBAAXXXXXXXXXXXXB
31B184AEDDCCBBAAXXXXXXXXXXXXB
31B184AFDDCCBBAAXXXXXXXXXXXXB
31B184B0DDCCBBAAXXXXXXXXXXXXB
31B184B1DDCCBBAAXXXXXXXXXXXXB
31B184B2DDCCBBAAXXXXXXXXXXXXB
31B184B3DDCCBBAAXXXXXXXXXXXXB
31B184B4DDCCBBAAXXXXXXXXXXXXB
31B184B6DDCCBBAAXXXXXXXXXXXXB
31B184B7DDCCBBAAXXXXXXXXXXXXB
31B184B8DDCCBBAAXXXXXXXXXXXXB
31B184B9DDCCBBAAXXXXXXXXXXXXB
31B184BADDCCBBAAXXXXXXXXXXXXB
31B184BBDDCCBBAAXXXXXXXXXXXXB
31B184BCDDCCBBAAXXXXXXXXXXXXB
31B184BEDDCCBBAAXXXXXXXXXXXXB
31B184BFDDCCBBAAXXXXXXXXXXXXB
31B184C0DDCCBBAAXXXXXXXXXXXXB
31B184C1DDCCBBAAXXXXXXXXXXXXB
31B184C2DDCCBBAAXXXXXXXXXXXXB
31B184C3DDCCBBAAXXXXXXXXXXXXB
31B184C4DDCCBBAAXXXXXXXXXXXXB
31B184C6DDCCBBAAXXXXXXXXXXXXB
31B184C7DDCCBBAAXXXXXXXXXXXXB
31B184C8DDCCBBAAXXXXXXXXXXXXB
31B184C9DDCCBBAAXXXXXXXXXXXXB
31B184CADDCCBBAAXXXXXXXXXXXXB
31B184CBDDCCBBAAXXXXXXXXXXXXB
31B184CCDDCCBBAAXXXXXXXXXXXXB
31B184CEDDCCBBAAXXXXXXXXXXXXB
31B184CFDDCCBBAAXXXXXXXXXXXXB
31B184D0DDCCBBAAXXXXXXXXXXXXB
31B184D1DDCCBBAAXXXXXXXXXXXXB
31B184D2DDCCBBAAXXXXXXXXXXXXB
31B184D3DDCCBBAAXXXXXXXXXXXXB
31B184D4DDCCBBAAXXXXXXXXXXXXB
31B184D6DDCCBBAAXXXXXXXXXXXXB
31B184D7DDCCBBAAXXXXXXXXXXXXB
31B184D8DDCCBBAAXXXXXXXXXXXXB
31B184D9DDCCBBAAXXXXXXXXXXXXB
31B184DADDCCBBAAXXXXXXXXXXXXB
31B184DBDDCCBBAAXXXXXXXXXXXXB
31B184DCDDCCBBAAXXXXXXXXXXXXB
31B184DEDDCCBBAAXXXXXXXXXXXXB
31B184DFDDCCBBAAXXXXXXXXXXXXB
31B184E8DDCCBBAAXXXXXXXXXXXXB
31B184E9DDCCBBAAXXXXXXXXXXXXB
31B184EADDCCBBAAXXXXXXXXXXXXB
31B184EBDDCCBBAAXXXXXXXXXXXXB
31B184ECDDCCBBAAXXXXXXXXXXXXB
31B184EEDDCCBBAAXXXXXXXXXXXXB
31B184EFDDCCBBAAXXXXXXXXXXXXB
31B184F0DDCCBBAAXXXXXXXXXXXXB
31B184F1DDCCBBAAXXXXXXXXXXXXB
31B184F2DDCCBBAAXXXXXXXXXXXXB
31B184F3DDCCBBAAXXXXXXXXXXXXB
31B184F4DDCCBBAAXXXXXXXXXXXXB
31B184F6DDCCBBAAXXXXXXXXXXXXB
31B184F7DDCCBBAAXXXXXXXXXXXXB
31B184F8DDCCBBAAXXXXXXXXXXXXB
31B184F9DDCCBBAAXXXXXXXXXXXXB
31B184FADDCCBBAAXXXXXXXXXXXXB
31B184FBDDCCBBAAXXXXXXXXXXXXB
31B184FCDDCCBBAAXXXXXXXXXXXXB
31B184FEDDCCBBAAXXXXXXXXXXXXB
31B184FFDDCCBBAAXXXXXXXXXXXXB
31B185XXDDCCBBAAXXXXXXXXXXXXA
31B186XXDDCCBBAAXXXXXXXXXXXXA
31B187XXDDCCBBAAXXXXXXXXXXXXA
31B188XXDDCCBBAAXXXXXXXXXXXXA
31B189XXDDCCBBAAXXXXXXXXXXXXA
31B18AXXDDCCBBAAXXXXXXXXXXXXA
31B18BXXDDCCBBAAXXXXXXXXXXXXA
31B18CXXDDCCBBAAXXXXXXXXXXXXB
31B18C01DDCCBBAAXXXXXXXXXXXXB
31B18C02DDCCBBAAXXXXXXXXXXXXB
31B18C03DDCCBBAAXXXXXXXXXXXXB
31B18C04DDCCBBAAXXXXXXXXXXXXB
31B18C06DDCCBBAAXXXXXXXXXXXXB
31B18C07DDCCBBAAXXXXXXXXXXXXB
31B18C08DDCCBBAAXXXXXXXXXXXXB
31B18C09DDCCBBAAXXXXXXXXXXXXB
31B18C0ADDCCBBAAXXXXXXXXXXXXB
31B18C0BDDCCBBAAXXXXXXXXXXXXB
31B18C0CDDCCBBAAXXXXXXXXXXXXB
31B18C0EDDCCBBAAXXXXXXXXXXXXB
31B18C0FDDCCBBAAXXXXXXXXXXXXB
31B18C10DDCCBBAAXXXXXXXXXXXXB
31B18C11DDCCBBAAXXXXXXXXXXXXB
31B18C12DDCCBBAAXXXXXXXXXXXXB
31B18C13DDCCBBAAXXXXXXXXXXXXB
31B18C14DDCCBBAAXXXXXXXXXXXXB
31B18C16DDCCBBAAXXXXXXXXXXXXB
31B18C17DDCCBBAAXXXXXXXXXXXXB
31B18C18DDCCBBAAXXXXXXXXXXXXB
31B18C19DDCCBBAAXXXXXXXXXXXXB
31B18C1ADDCCBBAAXXXXXXXXXXXXB
31B18C1BDDCCBBAAXXXXXXXXXXXXB
31B18C1CDDCCBBAAXXXXXXXXXXXXB
31B18C1EDDCCBBAAXXXXXXXXXXXXB
31B18C1FDDCCBBAAXXXXXXXXXXXXB
31B18C28DDCCBBAAXXXXXXXXXXXXB
31B18C29DDCCBBAAXXXXXXXXXXXXB
31B18C2ADDCCBBAAXXXXXXXXXXXXB
31B18C2BDDCCBBAAXXXXXXXXXXXXB
31B18C2CDDCCBBAAXXXXXXXXXXXXB
31B18C2EDDCCBBAAXXXXXXXXXXXXB
31B18C2FDDCCBBAAXXXXXXXXXXXXB
31B18C30DDCCBBAAXXXXXXXXXXXXB
31B18C31DDCCBBAAXXXXXXXXXXXXB
31B18C32DDCCBBAAXXXXXXXXXXXXB
31B18C33DDCCBBAAXXXXXXXXXXXXB
31B18C34DDCCBBAAXXXXXXXXXXXXB
31B18C36DDCCBBAAXXXXXXXXXXXXB
31B18C37DDCCBBAAXXXXXXXXXXXXB
31B18C38DDCCBBAAXXXXXXXXXXXXB
31B18C39DDCCBBAAXXXXXXXXXXXXB
31B18C3ADDCCBBAAXXXXXXXXXXXXB
31B18C3BDDCCBBAAXXXXXXXXXXXXB
31B18C3CDDCCBBAAXXXXXXXXXXXXB
31B18C3EDDCCBBAAXXXXXXXXXXXXB
31B18C3FDDCCBBAAXXXXXXXXXXXXB
31B18C40DDCCBBAAXXXXXXXXXXXXB
31B18C41DDCCBBAAXXXXXXXXXXXXB
31B18C42DDCCBBAAXXXXXXXXXXXXB
31B18C43DDCCBBAAXXXXXXXXXXXXB
31B18C44DDCCBBAAXXXXXXXXXXXXB
31B18C46DDCCBBAAXXXXXXXXXXXXB
31B18C47DDCCBBAAXXXXXXXXXXXXB
31B18C48DDCCBBAAXXXXXXXXXXXXB
31B18C49DDCCBBAAXXXXXXXXXXXXB
31B18C4ADDCCBBAAXXXXXXXXXXXXB
31B18C4BDDCCBBAAXXXXXXXXXXXXB
31B18C4CDDCCBBAAXXXXXXXXXXXXB
31B18C4EDDCCBBAAXXXXXXXXXXXXB
31B18C4FDDCCBBAAXXXXXXXXXXXXB
31B18C50DDCCBBAAXXXXXXXXXXXXB
31B18C51DDCCBBAAXXXXXXXXXXXXB
31B18C52DDCCBBAAXXXXXXXXXXXXB
31B18C53DDCCBBAAXXXXXXXXXXXXB
31B18C54DDCCBBAAXXXXXXXXXXXXB
31B18C56DDCCBBAAXXXXXXXXXXXXB
31B18C57DDCCBBAAXXXXXXXXXXXXB
31B18C58DDCCBBAAXXXXXXXXXXXXB
31B18C59DDCCBBAAXXXXXXXXXXXXB
31B18C5ADDCCBBAAXXXXXXXXXXXXB
31B18C5BDDCCBBAAXXXXXXXXXXXXB
31B18C5CDDCCBBAAXXXXXXXXXXXXB
31B18C5EDDCCBBAAXXXXXXXXXXXXB
31B18C5FDDCCBBAAXXXXXXXXXXXXB
31B18C68DDCCBBAAXXXXXXXXXXXXB
31B18C69DDCCBBAAXXXXXXXXXXXXB
31B18C6ADDCCBBAAXXXXXXXXXXXXB
31B18C6BDDCCBBAAXXXXXXXXXXXXB
31B18C6CDDCCBBAAXXXXXXXXXXXXB
31B18C6EDDCCBBAAXXXXXXXXXXXXB
31B18C6FDDCCBBAAXXXXXXXXXXXXB
31B18C70DDCCBBAAXXXXXXXXXXXXB
31B18C71DDCCBBAAXXXXXXXXXXXXB
31B18C72DDCCBBAAXXXXXXXXXXXXB
31B18C73DDCCBBAAXXXXXXXXXXXXB
31B18C74DDCCBBAAXXXXXXXXXXXXB
31B18C76DDCCBBAAXXXXXXXXXXXXB
31B18C77DDCCBBAAXXXXXXXXXXXXB
31B18C78DDCCBBAAXXXXXXXXXXXXB
31B18C79DDCCBBAAXXXXXXXXXXXXB
31B18C7ADDCCBBAAXXXXXXXXXXXXB
31B18C7BDDCCBBAAXXXXXXXXXXXXB
31B18C7CDDCCBBAAXXXXXXXXXXXXB
31B18C7EDDCCBBAAXXXXXXXXXXXXB
31B18C7FDDCCBBAAXXXXXXXXXXXXB
31B18C80DDCCBBAAXXXXXXXXXXXXB
31B18C81DDCCBBAAXXXXXXXXXXXXB
31B18C82DDCCBBAAXXXXXXXXXXXXB
31B18C83DDCCBBAAXXXXXXXXXXXXB
31B18C84DDCCBBAAXXXXXXXXXXXXB
31B18C86DDCCBBAAXXXXXXXXXXXXB
31B18C87DDCCBBAAXXXXXXXXXXXXB
31B18C88DDCCBBAAXXXXXXXXXXXXB
31B18C89DDCCBBAAXXXXXXXXXXXXB
31B18C8ADDCCBBAAXXXXXXXXXXXXB
31B18C8BDDCCBBAAXXXXXXXXXXXXB
31B18C8CDDCCBBAAXXXXXXXXXXXXB
31B18C8EDDCCBBAAXXXXXXXXXXXXB
31B18C8FDDCCBBAAXXXXXXXXXXXXB
31B18C90DDCCBBAAXXXXXXXXXXXXB
31B18C91DDCCBBAAXXXXXXXXXXXXB
31B18C92DDCCBBAAXXXXXXXXXXXXB
31B18C93DDCCBBAAXXXXXXXXXXXXB
31B18C94DDCCBBAAXXXXXXXXXXXXB
31B18C96DDCCBBAAXXXXXXXXXXXXB
31B18C97DDCCBBAAXXXXXXXXXXXXB
31B18C98DDCCBBAAXXXXXXXXXXXXB
31B18C99DDCCBBAAXXXXXXXXXXXXB
31B18C9ADDCCBBAAXXXXXXXXXXXXB
31B18C9BDDCCBBAAXXXXXXXXXXXXB
31B18C9CDDCCBBAAXXXXXXXXXXXXB
31B18C9EDDCCBBAAXXXXXXXXXXXXB
31B18C9FDDCCBBAAXXXXXXXXXXXXB
31B18CA8DDCCBBAAXXXXXXXXXXXXB
31B18CA9DDCCBBAAXXXXXXXXXXXXB
31B18CAADDCCBBAAXXXXXXXXXXXXB
31B18CABDDCCBBAAXXXXXXXXXXXXB
31B18CACDDCCBBAAXXXXXXXXXXXXB
31B18CAEDDCCBBAAXXXXXXXXXXXXB
31B18CAFDDCCBBAAXXXXXXXXXXXXB
31B18CB0DDCCBBAAXXXXXXXXXXXXB
31B18CB1DDCCBBAAXXXXXXXXXXXXB
31B18CB2DDCCBBAAXXXXXXXXXXXXB
31B18CB3DDCCBBAAXXXXXXXXXXXXB
31B18CB4DDCCBBAAXXXXXXXXXXXXB
31B18CB6DDCCBBAAXXXXXXXXXXXXB
31B18CB7DDCCBBAAXXXXXXXXXXXXB
31B18CB8DDCCBBAAXXXXXXXXXXXXB
31B18CB9DDCCBBAAXXXXXXXXXXXXB
31B18CBADDCCBBAAXXXXXXXXXXXXB
31B18CBBDDCCBBAAXXXXXXXXXXXXB
31B18CBCDDCCBBAAXXXXXXXXXXXXB
31B18CBEDDCCBBAAXXXXXXXXXXXXB
31B18CBFDDCCBBAAXXXXXXXXXXXXB
31B18CC0DDCCBBAAXXXXXXXXXXXXB
31B18CC1DDCCBBAAXXXXXXXXXXXXB
31B18CC2DDCCBBAAXXXXXXXXXXXXB
31B18CC3DDCCBBAAXXXXXXXXXXXXB
31B18CC4DDCCBBAAXXXXXXXXXXXXB
31B18CC6DDCCBBAAXXXXXXXXXXXXB
31B18CC7DDCCBBAAXXXXXXXXXXXXB
31B18CC8DDCCBBAAXXXXXXXXXXXXB
31B18CC9DDCCBBAAXXXXXXXXXXXXB
31B18CCADDCCBBAAXXXXXXXXXXXXB
31B18CCBDDCCBBAAXXXXXXXXXXXXB
31B18CCCDDCCBBAAXXXXXXXXXXXXB
31B18CCEDDCCBBAAXXXXXXXXXXXXB
31B18CCFDDCCBBAAXXXXXXXXXXXXB
31B18CD0DDCCBBAAXXXXXXXXXXXXB
31B18CD1DDCCBBAAXXXXXXXXXXXXB
31B18CD2DDCCBBAAXXXXXXXXXXXXB
31B18CD3DDCCBBAAXXXXXXXXXXXXB
31B18CD4DDCCBBAAXXXXXXXXXXXXB
31B18CD6DDCCBBAAXXXXXXXXXXXXB
31B18CD7DDCCBBAAXXXXXXXXXXXXB
31B18CD8DDCCBBAAXXXXXXXXXXXXB
31B18CD9DDCCBBAAXXXXXXXXXXXXB
31B18CDADDCCBBAAXXXXXXXXXXXXB
31B18CDBDDCCBBAAXXXXXXXXXXXXB
31B18CDCDDCCBBAAXXXXXXXXXXXXB
31B18CDEDDCCBBAAXXXXXXXXXXXXB
31B18CDFDDCCBBAAXXXXXXXXXXXXB
31B18CE8DDCCBBAAXXXXXXXXXXXXB
31B18CE9DDCCBBAAXXXXXXXXXXXXB
31B18CEADDCCBBAAXXXXXXXXXXXXB
31B18CEBDDCCBBAAXXXXXXXXXXXXB
31B18CECDDCCBBAAXXXXXXXXXXXXB
31B18CEEDDCCBBAAXXXXXXXXXXXXB
31B18CEFDDCCBBAAXXXXXXXXXXXXB
31B18CF0DDCCBBAAXXXXXXXXXXXXB
31B18CF1DDCCBBAAXXXXXXXXXXXXB
31B18CF2DDCCBBAAXXXXXXXXXXXXB
31B18CF3DDCCBBAAXXXXXXXXXXXXB
31B18CF4DDCCBBAAXXXXXXXXXXXXB
31B18CF6DDCCBBAAXXXXXXXXXXXXB
31B18CF7DDCCBBAAXXXXXXXXXXXXB
31B18CF8DDCCBBAAXXXXXXXXXXXXB
31B18CF9DDCCBBAAXXXXXXXXXXXXB
31B18CFADDCCBBAAXXXXXXXXXXXXB
31B18CFBDDCCBBAAXXXXXXXXXXXXB
31B18CFCDDCCBBAAXXXXXXXXXXXXB
31B18CFEDDCCBBAAXXXXXXXXXXXXB
31B18CFFDDCCBBAAXXXXXXXXXXXXB
31B18DXXDDCCBBAAXXXXXXXXXXXXA
31B18EXXDDCCBBAAXXXXXXXXXXXXA
31B18FXXDDCCBBAAXXXXXXXXXXXXA
31B190XXDDCCBBAAXXXXXXXXXXXXA
31B191XXDDCCBBAAXXXXXXXXXXXXA
31B192XXDDCCBBAAXXXXXXXXXXXXA
31B193XXDDCCBBAAXXXXXXXXXXXXA
31B194XXDDCCBBAAXXXXXXXXXXXXB
31B19401DDCCBBAAXXXXXXXXXXXXB
31B19402DDCCBBAAXXXXXXXXXXXXB
31B19403DDCCBBAAXXXXXXXXXXXXB
31B19404DDCCBBAAXXXXXXXXXXXXB
31B19406DDCCBBAAXXXXXXXXXXXXB
31B19407DDCCBBAAXXXXXXXXXXXXB
31B19408DDCCBBAAXXXXXXXXXXXXB
31B19409DDCCBBAAXXXXXXXXXXXXB
31B1940ADDCCBBAAXXXXXXXXXXXXB
31B1940BDDCCBBAAXXXXXXXXXXXXB
31B1940CDDCCBBAAXXXXXXXXXXXXB
31B1940EDDCCBBAAXXXXXXXXXXXXB
31B1940FDDCCBBAAXXXXXXXXXXXXB
31B19410DDCCBBAAXXXXXXXXXXXXB
31B19411DDCCBBAAXXXXXXXXXXXXB
31B19412DDCCBBAAXXXXXXXXXXXXB
31B19413DDCCBBAAXXXXXXXXXXXXB
31B19414DDCCBBAAXXXXXXXXXXXXB
31B19416DDCCBBAAXXXXXXXXXXXXB
31B19417DDCCBBAAXXXXXXXXXXXXB
31B19418DDCCBBAAXXXXXXXXXXXXB
31B19419DDCCBBAAXXXXXXXXXXXXB
31B1941ADDCCBBAAXXXXXXXXXXXXB
31B1941BDDCCBBAAXXXXXXXXXXXXB
31B1941CDDCCBBAAXXXXXXXXXXXXB
31B1941EDDCCBBAAXXXXXXXXXXXXB
31B1941FDDCCBBAAXXXXXXXXXXXXB
31B19428DDCCBBAAXXXXXXXXXXXXB
31B19429DDCCBBAAXXXXXXXXXXXXB
31B1942ADDCCBBAAXXXXXXXXXXXXB
31B1942BDDCCBBAAXXXXXXXXXXXXB
31B1942CDDCCBBAAXXXXXXXXXXXXB
31B1942EDDCCBBAAXXXXXXXXXXXXB
31B1942FDDCCBBAAXXXXXXXXXXXXB
31B19430DDCCBBAAXXXXXXXXXXXXB
31B19431DDCCBBAAXXXXXXXXXXXXB
31B19432DDCCBBAAXXXXXXXXXXXXB
31B19433DDCCBBAAXXXXXXXXXXXXB
31B19434DDCCBBAAXXXXXXXXXXXXB
31B19436DDCCBBAAXXXXXXXXXXXXB
31B19437DDCCBBAAXXXXXXXXXXXXB
31B19438DDCCBBAAXXXXXXXXXXXXB
31B19439DDCCBBAAXXXXXXXXXXXXB
31B1943ADDCCBBAAXXXXXXXXXXXXB
31B1943BDDCCBBAAXXXXXXXXXXXXB
31B1943CDDCCBBAAXXXXXXXXXXXXB
31B1943EDDCCBBAAXXXXXXXXXXXXB
31B1943FDDCCBBAAXXXXXXXXXXXXB
31B19440DDCCBBAAXXXXXXXXXXXXB
31B19441DDCCBBAAXXXXXXXXXXXXB
31B19442DDCCBBAAXXXXXXXXXXXXB
31B19443DDCCBBAAXXXXXXXXXXXXB
31B19444DDCCBBAAXXXXXXXXXXXXB
31B19446DDCCBBAAXXXXXXXXXXXXB
31B19447DDCCBBAAXXXXXXXXXXXXB
31B19448DDCCBBAAXXXXXXXXXXXXB
31B19449DDCCBBAAXXXXXXXXXXXXB
31B1944ADDCCBBAAXXXXXXXXXXXXB
31B1944BDDCCBBAAXXXXXXXXXXXXB
31B1944CDDCCBBAAXXXXXXXXXXXXB
31B1944EDDCCBBAAXXXXXXXXXXXXB
31B1944FDDCCBBAAXXXXXXXXXXXXB
31B19450DDCCBBAAXXXXXXXXXXXXB
31B19451DDCCBBAAXXXXXXXXXXXXB
31B19452DDCCBBAAXXXXXXXXXXXXB
31B19453DDCCBBAAXXXXXXXXXXXXB
31B19454DDCCBBAAXXXXXXXXXXXXB
31B19456DDCCBBAAXXXXXXXXXXXXB
31B19457DDCCBBAAXXXXXXXXXXXXB
31B19458DDCCBBAAXXXXXXXXXXXXB
31B19459DDCCBBAAXXXXXXXXXXXXB
31B1945ADDCCBBAAXXXXXXXXXXXXB
31B1945BDDCCBBAAXXXXXXXXXXXXB
31B1945CDDCCBBAAXXXXXXXXXXXXB
31B1945EDDCCBBAAXXXXXXXXXXXXB
31B1945FDDCCBBAAXXXXXXXXXXXXB
31B19468DDCCBBAAXXXXXXXXXXXXB
31B19469DDCCBBAAXXXXXXXXXXXXB
31B1946ADDCCBBAAXXXXXXXXXXXXB
31B1946BDDCCBBAAXXXXXXXXXXXXB
31B1946CDDCCBBAAXXXXXXXXXXXXB
31B1946EDDCCBBAAXXXXXXXXXXXXB
31B1946FDDCCBBAAXXXXXXXXXXXXB
31B19470DDCCBBAAXXXXXXXXXXXXB
31B19471DDCCBBAAXXXXXXXXXXXXB
31B19472DDCCBBAAXXXXXXXXXXXXB
31B19473DDCCBBAAXXXXXXXXXXXXB
31B19474DDCCBBAAXXXXXXXXXXXXB
31B19476DDCCBBAAXXXXXXXXXXXXB
31B19477DDCCBBAAXXXXXXXXXXXXB
31B19478DDCCBBAAXXXXXXXXXXXXB
31B19479DDCCBBAAXXXXXXXXXXXXB
31B1947ADDCCBBAAXXXXXXXXXXXXB
31B1947BDDCCBBAAXXXXXXXXXXXXB
31B1947CDDCCBBAAXXXXXXXXXXXXB
31B1947EDDCCBBAAXXXXXXXXXXXXB
31B1947FDDCCBBAAXXXXXXXXXXXXB
31B19480DDCCBBAAXXXXXXXXXXXXB
31B19481DDCCBBAAXXXXXXXXXXXXB
31B19482DDCCBBAAXXXXXXXXXXXXB
31B19483DDCCBBAAXXXXXXXXXXXXB
31B19484DDCCBBAAXXXXXXXXXXXXB
31B19486DDCCBBAAXXXXXXXXXXXXB
31B19487DDCCBBAAXXXXXXXXXXXXB
31B19488DDCCBBAAXXXXXXXXXXXXB
31B19489DDCCBBAAXXXXXXXXXXXXB
31B1948ADDCCBBAAXXXXXXXXXXXXB
31B1948BDDCCBBAAXXXXXXXXXXXXB
31B1948CDDCCBBAAXXXXXXXXXXXXB
31B1948EDDCCBBAAXXXXXXXXXXXXB
31B1948FDDCCBBAAXXXXXXXXXXXXB
31B19490DDCCBBAAXXXXXXXXXXXXB
31B19491DDCCBBAAXXXXXXXXXXXXB
31B19492DDCCBBAAXXXXXXXXXXXXB
31B19493DDCCBBAAXXXXXXXXXXXXB
31B19494DDCCBBAAXXXXXXXXXXXXB
31B19496DDCCBBAAXXXXXXXXXXXXB
31B19497DDCCBBAAXXXXXXXXXXXXB
31B19498DDCCBBAAXXXXXXXXXXXXB
31B19499DDCCBBAAXXXXXXXXXXXXB
31B1949ADDCCBBAAXXXXXXXXXXXXB
31B1949BDDCCBBAAXXXXXXXXXXXXB
31B1949CDDCCBBAAXXXXXXXXXXXXB
31B1949EDDCCBBAAXXXXXXXXXXXXB
31B1949FDDCCBBAAXXXXXXXXXXXXB
31B194A8DDCCBBAAXXXXXXXXXXXXB
31B194A9DDCCBBAAXXXXXXXXXXXXB
31B194AADDCCBBAAXXXXXXXXXXXXB
31B194ABDDCCBBAAXXXXXXXXXXXXB
31B194ACDDCCBBAAXXXXXXXXXXXXB
31B194AEDDCCBBAAXXXXXXXXXXXXB
31B194AFDDCCBBAAXXXXXXXXXXXXB
31B194B0DDCCBBAAXXXXXXXXXXXXB
31B194B1DDCCBBAAXXXXXXXXXXXXB
31B194B2DDCCBBAAXXXXXXXXXXXXB
31B194B3DDCCBBAAXXXXXXXXXXXXB
31B194B4DDCCBBAAXXXXXXXXXXXXB
31B194B6DDCCBBAAXXXXXXXXXXXXB
31B194B7DDCCBBAAXXXXXXXXXXXXB
31B194B8DDCCBBAAXXXXXXXXXXXXB
31B194B9DDCCBBAAXXXXXXXXXXXXB
31B194BADDCCBBAAXXXXXXXXXXXXB
31B194BBDDCCBBAAXXXXXXXXXXXXB
31B194BCDDCCBBAAXXXXXXXXXXXXB
31B194BEDDCCBBAAXXXXXXXXXXXXB
31B194BFDDCCBBAAXXXXXXXXXXXXB
31B194C0DDCCBBAAXXXXXXXXXXXXB
31B194C1DDCCBBAAXXXXXXXXXXXXB
31B194C2DDCCBBAAXXXXXXXXXXXXB
31B194C3DDCCBBAAXXXXXXXXXXXXB
31B194C4DDCCBBAAXXXXXXXXXXXXB
31B194C6DDCCBBAAXXXXXXXXXXXXB
31B194C7DDCCBBAAXXXXXXXXXXXXB
31B194C8DDCCBBAAXXXXXXXXXXXXB
31B194C9DDCCBBAAXXXXXXXXXXXXB
31B194CADDCCBBAAXXXXXXXXXXXXB
31B194CBDDCCBBAAXXXXXXXXXXXXB
31B194CCDDCCBBAAXXXXXXXXXXXXB
31B194CEDDCCBBAAXXXXXXXXXXXXB
31B194CFDDCCBBAAXXXXXXXXXXXXB
31B194D0DDCCBBAAXXXXXXXXXXXXB
31B194D1DDCCBBAAXXXXXXXXXXXXB
31B194D2DDCCBBAAXXXXXXXXXXXXB
31B194D3DDCCBBAAXXXXXXXXXXXXB
31B194D4DDCCBBAAXXXXXXXXXXXXB
31B194D6DDCCBBAAXXXXXXXXXXXXB
31B194D7DDCCBBAAXXXXXXXXXXXXB
31B194D8DDCCBBAAXXXXXXXXXXXXB
31B194D9DDCCBBAAXXXXXXXXXXXXB
31B194DADDCCBBAAXXXXXXXXXXXXB
31B194DBDDCCBBAAXXXXXXXXXXXXB
31B194DCDDCCBBAAXXXXXXXXXXXXB
31B194DEDDCCBBAAXXXXXXXXXXXXB
31B194DFDDCCBBAAXXXXXXXXXXXXB
31B194E8DDCCBBAAXXXXXXXXXXXXB
31B194E9DDCCBBAAXXXXXXXXXXXXB
31B194EADDCCBBAAXXXXXXXXXXXXB
31B194EBDDCCBBAAXXXXXXXXXXXXB
31B194ECDDCCBBAAXXXXXXXXXXXXB
31B194EEDDCCBBAAXXXXXXXXXXXXB
31B194EFDDCCBBAAXXXXXXXXXXXXB
31B194F0DDCCBBAAXXXXXXXXXXXXB
31B194F1DDCCBBAAXXXXXXXXXXXXB
31B194F2DDCCBBAAXXXXXXXXXXXXB
31B194F3DDCCBBAAXXXXXXXXXXXXB
31B194F4DDCCBBAAXXXXXXXXXXXXB
31B194F6DDCCBBAAXXXXXXXXXXXXB
31B194F7DDCCBBAAXXXXXXXXXXXXB
31B194F8DDCCBBAAXXXXXXXXXXXXB
31B194F9DDCCBBAAXXXXXXXXXXXXB
31B194FADDCCBBAAXXXXXXXXXXXXB
31B194FBDDCCBBAAXXXXXXXXXXXXB
31B194FCDDCCBBAAXXXXXXXXXXXXB
31B194FEDDCCBBAAXXXXXXXXXXXXB
31B194FFDDCCBBAAXXXXXXXXXXXXB
31B195XXDDCCBBAAXXXXXXXXXXXXA
31B196XXDDCCBBAAXXXXXXXXXXXXA
31B197XXDDCCBBAAXXXXXXXXXXXXA
31B198XXDDCCBBAAXXXXXXXXXXXXA
31B199XXDDCCBBAAXXXXXXXXXXXXA
31B19AXXDDCCBBAAXXXXXXXXXXXXA
31B19BXXDDCCBBAAXXXXXXXXXXXXA
31B19CXXDDCCBBAAXXXXXXXXXXXXB
31B19C01DDCCBBAAXXXXXXXXXXXXB
31B19C02DDCCBBAAXXXXXXXXXXXXB
31B19C03DDCCBBAAXXXXXXXXXXXXB
31B19C04DDCCBBAAXXXXXXXXXXXXB
31B19C06DDCCBBAAXXXXXXXXXXXXB
31B19C07DDCCBBAAXXXXXXXXXXXXB
31B19C08DDCCBBAAXXXXXXXXXXXXB
31B19C09DDCCBBAAXXXXXXXXXXXXB
31B19C0ADDCCBBAAXXXXXXXXXXXXB
31B19C0BDDCCBBAAXXXXXXXXXXXXB
31B19C0CDDCCBBAAXXXXXXXXXXXXB
31B19C0EDDCCBBAAXXXXXXXXXXXXB
31B19C0FDDCCBBAAXXXXXXXXXXXXB
31B19C10DDCCBBAAXXXXXXXXXXXXB
31B19C11DDCCBBAAXXXXXXXXXXXXB
31B19C12DDCCBBAAXXXXXXXXXXXXB
31B19C13DDCCBBAAXXXXXXXXXXXXB
31B19C14DDCCBBAAXXXXXXXXXXXXB
31B19C16DDCCBBAAXXXXXXXXXXXXB
31B19C17DDCCBBAAXXXXXXXXXXXXB
31B19C18DDCCBBAAXXXXXXXXXXXXB
31B19C19DDCCBBAAXXXXXXXXXXXXB
31B19C1ADDCCBBAAXXXXXXXXXXXXB
31B19C1BDDCCBBAAXXXXXXXXXXXXB
31B19C1CDDCCBBAAXXXXXXXXXXXXB
31B19C1EDDCCBBAAXXXXXXXXXXXXB
31B19C1FDDCCBBAAXXXXXXXXXXXXB
31B19C28DDCCBBAAXXXXXXXXXXXXB
31B19C29DDCCBBAAXXXXXXXXXXXXB
31B19C2ADDCCBBAAXXXXXXXXXXXXB
31B19C2BDDCCBBAAXXXXXXXXXXXXB
31B19C2CDDCCBBAAXXXXXXXXXXXXB
31B19C2EDDCCBBAAXXXXXXXXXXXXB
31B19C2FDDCCBBAAXXXXXXXXXXXXB
31B19C30DDCCBBAAXXXXXXXXXXXXB
31B19C31DDCCBBAAXXXXXXXXXXXXB
31B19C32DDCCBBAAXXXXXXXXXXXXB
31B19C33DDCCBBAAXXXXXXXXXXXXB
31B19C34DDCCBBAAXXXXXXXXXXXXB
31B19C36DDCCBBAAXXXXXXXXXXXXB
31B19C37DDCCBBAAXXXXXXXXXXXXB
31B19C38DDCCBBAAXXXXXXXXXXXXB
31B19C39DDCCBBAAXXXXXXXXXXXXB
31B19C3ADDCCBBAAXXXXXXXXXXXXB
31B19C3BDDCCBBAAXXXXXXXXXXXXB
31B19C3CDDCCBBAAXXXXXXXXXXXXB
31B19C3EDDCCBBAAXXXXXXXXXXXXB
31B19C3FDDCCBBAAXXXXXXXXXXXXB
31B19C40DDCCBBAAXXXXXXXXXXXXB
31B19C41DDCCBBAAXXXXXXXXXXXXB
31B19C42DDCCBBAAXXXXXXXXXXXXB
31B19C43DDCCBBAAXXXXXXXXXXXXB
31B19C44DDCCBBAAXXXXXXXXXXXXB
31B19C46DDCCBBAAXXXXXXXXXXXXB
31B19C47DDCCBBAAXXXXXXXXXXXXB
31B19C48DDCCBBAAXXXXXXXXXXXXB
31B19C49DDCCBBAAXXXXXXXXXXXXB
31B19C4ADDCCBBAAXXXXXXXXXXXXB
31B19C4BDDCCBBAAXXXXXXXXXXXXB
31B19C4CDDCCBBAAXXXXXXXXXXXXB
31B19C4EDDCCBBAAXXXXXXXXXXXXB
31B19C4FDDCCBBAAXXXXXXXXXXXXB
31B19C50DDCCBBAAXXXXXXXXXXXXB
31B19C51DDCCBBAAXXXXXXXXXXXXB
31B19C52DDCCBBAAXXXXXXXXXXXXB
31B19C53DDCCBBAAXXXXXXXXXXXXB
31B19C54DDCCBBAAXXXXXXXXXXXXB
31B19C56DDCCBBAAXXXXXXXXXXXXB
31B19C57DDCCBBAAXXXXXXXXXXXXB
31B19C58DDCCBBAAXXXXXXXXXXXXB
31B19C59DDCCBBAAXXXXXXXXXXXXB
31B19C5ADDCCBBAAXXXXXXXXXXXXB
31B19C5BDDCCBBAAXXXXXXXXXXXXB
31B19C5CDDCCBBAAXXXXXXXXXXXXB
31B19C5EDDCCBBAAXXXXXXXXXXXXB
31B19C5FDDCCBBAAXXXXXXXXXXXXB
31B19C68DDCCBBAAXXXXXXXXXXXXB
31B19C69DDCCBBAAXXXXXXXXXXXXB
31B19C6ADDCCBBAAXXXXXXXXXXXXB
31B19C6BDDCCBBAAXXXXXXXXXXXXB
31B19C6CDDCCBBAAXXXXXXXXXXXXB
31B19C6EDDCCBBAAXXXXXXXXXXXXB
31B19C6FDDCCBBAAXXXXXXXXXXXXB
31B19C70DDCCBBAAXXXXXXXXXXXXB
31B19C71DDCCBBAAXXXXXXXXXXXXB
31B19C72DDCCBBAAXXXXXXXXXXXXB
31B19C73DDCCBBAAXXXXXXXXXXXXB
31B19C74DDCCBBAAXXXXXXXXXXXXB
31B19C76DDCCBBAAXXXXXXXXXXXXB
31B19C77DDCCBBAAXXXXXXXXXXXXB
31B19C78DDCCBBAAXXXXXXXXXXXXB
31B19C79DDCCBBAAXXXXXXXXXXXXB
31B19C7ADDCCBBAAXXXXXXXXXXXXB
31B19C7BDDCCBBAAXXXXXXXXXXXXB
31B19C7CDDCCBBAAXXXXXXXXXXXXB
31B19C7EDDCCBBAAXXXXXXXXXXXXB
31B19C7FDDCCBBAAXXXXXXXXXXXXB
31B19C80DDCCBBAAXXXXXXXXXXXXB
31B19C81DDCCBBAAXXXXXXXXXXXXB
31B19C82DDCCBBAAXXXXXXXXXXXXB
31B19C83DDCCBBAAXXXXXXXXXXXXB
31B19C84DDCCBBAAXXXXXXXXXXXXB
31B19C86DDCCBBAAXXXXXXXXXXXXB
31B19C87DDCCBBAAXXXXXXXXXXXXB
31B19C88DDCCBBAAXXXXXXXXXXXXB
31B19C89DDCCBBAAXXXXXXXXXXXXB
31B19C8ADDCCBBAAXXXXXXXXXXXXB
31B19C8BDDCCBBAAXXXXXXXXXXXXB
31B19C8CDDCCBBAAXXXXXXXXXXXXB
31B19C8EDDCCBBAAXXXXXXXXXXXXB
31B19C8FDDCCBBAAXXXXXXXXXXXXB
31B19C90DDCCBBAAXXXXXXXXXXXXB
31B19C91DDCCBBAAXXXXXXXXXXXXB
31B19C92DDCCBBAAXXXXXXXXXXXXB
31B19C93DDCCBBAAXXXXXXXXXXXXB
31B19C94DDCCBBAAXXXXXXXXXXXXB
31B19C96DDCCBBAAXXXXXXXXXXXXB
31B19C97DDCCBBAAXXXXXXXXXXXXB
31B19C98DDCCBBAAXXXXXXXXXXXXB
31B19C99DDCCBBAAXXXXXXXXXXXXB
31B19C9ADDCCBBAAXXXXXXXXXXXXB
31B19C9BDDCCBBAAXXXXXXXXXXXXB
31B19C9CDDCCBBAAXXXXXXXXXXXXB
31B19C9EDDCCBBAAXXXXXXXXXXXXB
31B19C9FDDCCBBAAXXXXXXXXXXXXB
31B19CA8DDCCBBAAXXXXXXXXXXXXB
31B19CA9DDCCBBAAXXXXXXXXXXXXB
31B19CAADDCCBBAAXXXXXXXXXXXXB
31B19CABDDCCBBAAXXXXXXXXXXXXB
31B19CACDDCCBBAAXXXXXXXXXXXXB
31B19CAEDDCCBBAAXXXXXXXXXXXXB
31B19CAFDDCCBBAAXXXXXXXXXXXXB
31B19CB0DDCCBBAAXXXXXXXXXXXXB
31B19CB1DDCCBBAAXXXXXXXXXXXXB
31B19CB2DDCCBBAAXXXXXXXXXXXXB
31B19CB3DDCCBBAAXXXXXXXXXXXXB
31B19CB4DDCCBBAAXXXXXXXXXXXXB
31B19CB6DDCCBBAAXXXXXXXXXXXXB
31B19CB7DDCCBBAAXXXXXXXXXXXXB
31B19CB8DDCCBBAAXXXXXXXXXXXXB
31B19CB9DDCCBBAAXXXXXXXXXXXXB
31B19CBADDCCBBAAXXXXXXXXXXXXB
31B19CBBDDCCBBAAXXXXXXXXXXXXB
31B19CBCDDCCBBAAXXXXXXXXXXXXB
31B19CBEDDCCBBAAXXXXXXXXXXXXB
31B19CBFDDCCBBAAXXXXXXXXXXXXB
31B19CC0DDCCBBAAXXXXXXXXXXXXB
31B19CC1DDCCBBAAXXXXXXXXXXXXB
31B19CC2DDCCBBAAXXXXXXXXXXXXB
31B19CC3DDCCBBAAXXXXXXXXXXXXB
31B19CC4DDCCBBAAXXXXXXXXXXXXB
31B19CC6DDCCBBAAXXXXXXXXXXXXB
31B19CC7DDCCBBAAXXXXXXXXXXXXB
31B19CC8DDCCBBAAXXXXXXXXXXXXB
31B19CC9DDCCBBAAXXXXXXXXXXXXB
31B19CCADDCCBBAAXXXXXXXXXXXXB
31B19CCBDDCCBBAAXXXXXXXXXXXXB
31B19CCCDDCCBBAAXXXXXXXXXXXXB
31B19CCEDDCCBBAAXXXXXXXXXXXXB
31B19CCFDDCCBBAAXXXXXXXXXXXXB
31B19CD0DDCCBBAAXXXXXXXXXXXXB
31B19CD1DDCCBBAAXXXXXXXXXXXXB
31B19CD2DDCCBBAAXXXXXXXXXXXXB
31B19CD3DDCCBBAAXXXXXXXXXXXXB
31B19CD4DDCCBBAAXXXXXXXXXXXXB
31B19CD6DDCCBBAAXXXXXXXXXXXXB
31B19CD7DDCCBBAAXXXXXXXXXXXXB
31B19CD8DDCCBBAAXXXXXXXXXXXXB
31B19CD9DDCCBBAAXXXXXXXXXXXXB
31B19CDADDCCBBAAXXXXXXXXXXXXB
31B19CDBDDCCBBAAXXXXXXXXXXXXB
31B19CDCDDCCBBAAXXXXXXXXXXXXB
31B19CDEDDCCBBAAXXXXXXXXXXXXB
31B19CDFDDCCBBAAXXXXXXXXXXXXB
31B19CE8DDCCBBAAXXXXXXXXXXXXB
31B19CE9DDCCBBAAXXXXXXXXXXXXB
31B19CEADDCCBBAAXXXXXXXXXXXXB
31B19CEBDDCCBBAAXXXXXXXXXXXXB
31B19CECDDCCBBAAXXXXXXXXXXXXB
31B19CEEDDCCBBAAXXXXXXXXXXXXB
31B19CEFDDCCBBAAXXXXXXXXXXXXB
31B19CF0DDCCBBAAXXXXXXXXXXXXB
31B19CF1DDCCBBAAXXXXXXXXXXXXB
31B19CF2DDCCBBAAXXXXXXXXXXXXB
31B19CF3DDCCBBAAXXXXXXXXXXXXB
31B19CF4DDCCBBAAXXXXXXXXXXXXB
31B19CF6DDCCBBAAXXXXXXXXXXXXB
31B19CF7DDCCBBAAXXXXXXXXXXXXB
31B19CF8DDCCBBAAXXXXXXXXXXXXB
31B19CF9DDCCBBAAXXXXXXXXXXXXB
31B19CFADDCCBBAAXXXXXXXXXXXXB
31B19CFBDDCCBBAAXXXXXXXXXXXXB
31B19CFCDDCCBBAAXXXXXXXXXXXXB
31B19CFEDDCCBBAAXXXXXXXXXXXXB
31B19CFFDDCCBBAAXXXXXXXXXXXXB
31B19DXXDDCCBBAAXXXXXXXXXXXXA
31B19EXXDDCCBBAAXXXXXXXXXXXXA
31B19FXXDDCCBBAAXXXXXXXXXXXXA
31B1A0XXDDCCBBAAXXXXXXXXXXXXA
31B1A1XXDDCCBBAAXXXXXXXXXXXXA
31B1A2XXDDCCBBAAXXXXXXXXXXXXA
31B1A3XXDDCCBBAAXXXXXXXXXXXXA
31B1A4XXDDCCBBAAXXXXXXXXXXXXB
31B1A401DDCCBBAAXXXXXXXXXXXXB
31B1A402DDCCBBAAXXXXXXXXXXXXB
31B1A403DDCCBBAAXXXXXXXXXXXXB
31B1A404DDCCBBAAXXXXXXXXXXXXB
31B1A406DDCCBBAAXXXXXXXXXXXXB
31B1A407DDCCBBAAXXXXXXXXXXXXB
31B1A408DDCCBBAAXXXXXXXXXXXXB
31B1A409DDCCBBAAXXXXXXXXXXXXB
31B1A40ADDCCBBAAXXXXXXXXXXXXB
31B1A40BDDCCBBAAXXXXXXXXXXXXB
31B1A40CDDCCBBAAXXXXXXXXXXXXB
31B1A40EDDCCBBAAXXXXXXXXXXXXB
31B1A40FDDCCBBAAXXXXXXXXXXXXB
31B1A410DDCCBBAAXXXXXXXXXXXXB
31B1A411DDCCBBAAXXXXXXXXXXXXB
31B1A412DDCCBBAAXXXXXXXXXXXXB
31B1A413DDCCBBAAXXXXXXXXXXXXB
31B1A414DDCCBBAAXXXXXXXXXXXXB
31B1A416DDCCBBAAXXXXXXXXXXXXB
31B1A417DDCCBBAAXXXXXXXXXXXXB
31B1A418DDCCBBAAXXXXXXXXXXXXB
31B1A419DDCCBBAAXXXXXXXXXXXXB
31B1A41ADDCCBBAAXXXXXXXXXXXXB
31B1A41BDDCCBBAAXXXXXXXXXXXXB
31B1A41CDDCCBBAAXXXXXXXXXXXXB
31B1A41EDDCCBBAAXXXXXXXXXXXXB
31B1A41FDDCCBBAAXXXXXXXXXXXXB
31B1A428DDCCBBAAXXXXXXXXXXXXB
31B1A429DDCCBBAAXXXXXXXXXXXXB
31B1A42ADDCCBBAAXXXXXXXXXXXXB
31B1A42BDDCCBBAAXXXXXXXXXXXXB
31B1A42CDDCCBBAAXXXXXXXXXXXXB
31B1A42EDDCCBBAAXXXXXXXXXXXXB
31B1A42FDDCCBBAAXXXXXXXXXXXXB
31B1A430DDCCBBAAXXXXXXXXXXXXB
31B1A431DDCCBBAAXXXXXXXXXXXXB
31B1A432DDCCBBAAXXXXXXXXXXXXB
31B1A433DDCCBBAAXXXXXXXXXXXXB
31B1A434DDCCBBAAXXXXXXXXXXXXB
31B1A436DDCCBBAAXXXXXXXXXXXXB
31B1A437DDCCBBAAXXXXXXXXXXXXB
31B1A438DDCCBBAAXXXXXXXXXXXXB
31B1A439DDCCBBAAXXXXXXXXXXXXB
31B1A43ADDCCBBAAXXXXXXXXXXXXB
31B1A43BDDCCBBAAXXXXXXXXXXXXB
31B1A43CDDCCBBAAXXXXXXXXXXXXB
31B1A43EDDCCBBAAXXXXXXXXXXXXB
31B1A43FDDCCBBAAXXXXXXXXXXXXB
31B1A440DDCCBBAAXXXXXXXXXXXXB
31B1A441DDCCBBAAXXXXXXXXXXXXB
31B1A442DDCCBBAAXXXXXXXXXXXXB
31B1A443DDCCBBAAXXXXXXXXXXXXB
31B1A444DDCCBBAAXXXXXXXXXXXXB
31B1A446DDCCBBAAXXXXXXXXXXXXB
31B1A447DDCCBBAAXXXXXXXXXXXXB
31B1A448DDCCBBAAXXXXXXXXXXXXB
31B1A449DDCCBBAAXXXXXXXXXXXXB
31B1A44ADDCCBBAAXXXXXXXXXXXXB
31B1A44BDDCCBBAAXXXXXXXXXXXXB
31B1A44CDDCCBBAAXXXXXXXXXXXXB
31B1A44EDDCCBBAAXXXXXXXXXXXXB
31B1A44FDDCCBBAAXXXXXXXXXXXXB
31B1A450DDCCBBAAXXXXXXXXXXXXB
31B1A451DDCCBBAAXXXXXXXXXXXXB
31B1A452DDCCBBAAXXXXXXXXXXXXB
31B1A453DDCCBBAAXXXXXXXXXXXXB
31B1A454DDCCBBAAXXXXXXXXXXXXB
31B1A456DDCCBBAAXXXXXXXXXXXXB
31B1A457DDCCBBAAXXXXXXXXXXXXB
31B1A458DDCCBBAAXXXXXXXXXXXXB
31B1A459DDCCBBAAXXXXXXXXXXXXB
31B1A45ADDCCBBAAXXXXXXXXXXXXB
31B1A45BDDCCBBAAXXXXXXXXXXXXB
31B1A45CDDCCBBAAXXXXXXXXXXXXB
31B1A45EDDCCBBAAXXXXXXXXXXXXB
31B1A45FDDCCBBAAXXXXXXXXXXXXB
31B1A468DDCCBBAAXXXXXXXXXXXXB
31B1A469DDCCBBAAXXXXXXXXXXXXB
31B1A46ADDCCBBAAXXXXXXXXXXXXB
31B1A46BDDCCBBAAXXXXXXXXXXXXB
31B1A46CDDCCBBAAXXXXXXXXXXXXB
31B1A46EDDCCBBAAXXXXXXXXXXXXB
31B1A46FDDCCBBAAXXXXXXXXXXXXB
31B1A470DDCCBBAAXXXXXXXXXXXXB
31B1A471DDCCBBAAXXXXXXXXXXXXB
31B1A472DDCCBBAAXXXXXXXXXXXXB
31B1A473DDCCBBAAXXXXXXXXXXXXB
31B1A474DDCCBBAAXXXXXXXXXXXXB
31B1A476DDCCBBAAXXXXXXXXXXXXB
31B1A477DDCCBBAAXXXXXXXXXXXXB
31B1A478DDCCBBAAXXXXXXXXXXXXB
31B1A479DDCCBBAAXXXXXXXXXXXXB
31B1A47ADDCCBBAAXXXXXXXXXXXXB
31B1A47BDDCCBBAAXXXXXXXXXXXXB
31B1A47CDDCCBBAAXXXXXXXXXXXXB
31B1A47EDDCCBBAAXXXXXXXXXXXXB
31B1A47FDDCCBBAAXXXXXXXXXXXXB
31B1A480DDCCBBAAXXXXXXXXXXXXB
31B1A481DDCCBBAAXXXXXXXXXXXXB
31B1A482DDCCBBAAXXXXXXXXXXXXB
31B1A483DDCCBBAAXXXXXXXXXXXXB
31B1A484DDCCBBAAXXXXXXXXXXXXB
31B1A486DDCCBBAAXXXXXXXXXXXXB
31B1A487DDCCBBAAXXXXXXXXXXXXB
31B1A488DDCCBBAAXXXXXXXXXXXXB
31B1A489DDCCBBAAXXXXXXXXXXXXB
31B1A48ADDCCBBAAXXXXXXXXXXXXB
31B1A48BDDCCBBAAXXXXXXXXXXXXB
31B1A48CDDCCBBAAXXXXXXXXXXXXB
31B1A48EDDCCBBAAXXXXXXXXXXXXB
31B1A48FDDCCBBAAXXXXXXXXXXXXB
31B1A490DDCCBBAAXXXXXXXXXXXXB
31B1A491DDCCBBAAXXXXXXXXXXXXB
31B1A492DDCCBBAAXXXXXXXXXXXXB
31B1A493DDCCBBAAXXXXXXXXXXXXB
31B1A494DDCCBBAAXXXXXXXXXXXXB
31B1A496DDCCBBAAXXXXXXXXXXXXB
31B1A497DDCCBBAAXXXXXXXXXXXXB
31B1A498DDCCBBAAXXXXXXXXXXXXB
31B1A499DDCCBBAAXXXXXXXXXXXXB
31B1A49ADDCCBBAAXXXXXXXXXXXXB
31B1A49BDDCCBBAAXXXXXXXXXXXXB
31B1A49CDDCCBBAAXXXXXXXXXXXXB
31B1A49EDDCCBBAAXXXXXXXXXXXXB
31B1A49FDDCCBBAAXXXXXXXXXXXXB
31B1A4A8DDCCBBAAXXXXXXXXXXXXB
31B1A4A9DDCCBBAAXXXXXXXXXXXXB
31B1A4AADDCCBBAAXXXXXXXXXXXXB
31B1A4ABDDCCBBAAXXXXXXXXXXXXB
31B1A4ACDDCCBBAAXXXXXXXXXXXXB
31B1A4AEDDCCBBAAXXXXXXXXXXXXB
31B1A4AFDDCCBBAAXXXXXXXXXXXXB
31B1A4B0DDCCBBAAXXXXXXXXXXXXB
31B1A4B1DDCCBBAAXXXXXXXXXXXXB
31B1A4B2DDCCBBAAXXXXXXXXXXXXB
31B1A4B3DDCCBBAAXXXXXXXXXXXXB
31B1A4B4DDCCBBAAXXXXXXXXXXXXB
31B1A4B6DDCCBBAAXXXXXXXXXXXXB
31B1A4B7DDCCBBAAXXXXXXXXXXXXB
31B1A4B8DDCCBBAAXXXXXXXXXXXXB
31B1A4B9DDCCBBAAXXXXXXXXXXXXB
31B1A4BADDCCBBAAXXXXXXXXXXXXB
31B1A4BBDDCCBBAAXXXXXXXXXXXXB
31B1A4BCDDCCBBAAXXXXXXXXXXXXB
31B1A4BEDDCCBBAAXXXXXXXXXXXXB
31B1A4BFDDCCBBAAXXXXXXXXXXXXB
31B1A4C0DDCCBBAAXXXXXXXXXXXXB
31B1A4C1DDCCBBAAXXXXXXXXXXXXB
31B1A4C2DDCCBBAAXXXXXXXXXXXXB
31B1A4C3DDCCBBAAXXXXXXXXXXXXB
31B1A4C4DDCCBBAAXXXXXXXXXXXXB
31B1A4C6DDCCBBAAXXXXXXXXXXXXB
31B1A4C7DDCCBBAAXXXXXXXXXXXXB
31B1A4C8DDCCBBAAXXXXXXXXXXXXB
31B1A4C9DDCCBBAAXXXXXXXXXXXXB
31B1A4CADDCCBBAAXXXXXXXXXXXXB
31B1A4CBDDCCBBAAXXXXXXXXXXXXB
31B1A4CCDDCCBBAAXXXXXXXXXXXXB
31B1A4CEDDCCBBAAXXXXXXXXXXXXB
31B1A4CFDDCCBBAAXXXXXXXXXXXXB
31B1A4D0DDCCBBAAXXXXXXXXXXXXB
31B1A4D1DDCCBBAAXXXXXXXXXXXXB
31B1A4D2DDCCBBAAXXXXXXXXXXXXB
31B1A4D3DDCCBBAAXXXXXXXXXXXXB
31B1A4D4DDCCBBAAXXXXXXXXXXXXB
31B1A4D6DDCCBBAAXXXXXXXXXXXXB
31B1A4D7DDCCBBAAXXXXXXXXXXXXB
31B1A4D8DDCCBBAAXXXXXXXXXXXXB
31B1A4D9DDCCBBAAXXXXXXXXXXXXB
31B1A4DADDCCBBAAXXXXXXXXXXXXB
31B1A4DBDDCCBBAAXXXXXXXXXXXXB
31B1A4DCDDCCBBAAXXXXXXXXXXXXB
31B1A4DEDDCCBBAAXXXXXXXXXXXXB
31B1A4DFDDCCBBAAXXXXXXXXXXXXB
31B1A4E8DDCCBBAAXXXXXXXXXXXXB
31B1A4E9DDCCBBAAXXXXXXXXXXXXB
31B1A4EADDCCBBAAXXXXXXXXXXXXB
31B1A4EBDDCCBBAAXXXXXXXXXXXXB
31B1A4ECDDCCBBAAXXXXXXXXXXXXB
31B1A4EEDDCCBBAAXXXXXXXXXXXXB
31B1A4EFDDCCBBAAXXXXXXXXXXXXB
31B1A4F0DDCCBBAAXXXXXXXXXXXXB
31B1A4F1DDCCBBAAXXXXXXXXXXXXB
31B1A4F2DDCCBBAAXXXXXXXXXXXXB
31B1A4F3DDCCBBAAXXXXXXXXXXXXB
31B1A4F4DDCCBBAAXXXXXXXXXXXXB
31B1A4F6DDCCBBAAXXXXXXXXXXXXB
31B1A4F7DDCCBBAAXXXXXXXXXXXXB
31B1A4F8DDCCBBAAXXXXXXXXXXXXB
31B1A4F9DDCCBBAAXXXXXXXXXXXXB
31B1A4FADDCCBBAAXXXXXXXXXXXXB
31B1A4FBDDCCBBAAXXXXXXXXXXXXB
31B1A4FCDDCCBBAAXXXXXXXXXXXXB
31B1A4FEDDCCBBAAXXXXXXXXXXXXB
31B1A4FFDDCCBBAAXXXXXXXXXXXXB
31B1A5XXDDCCBBAAXXXXXXXXXXXXA
31B1A6XXDDCCBBAAXXXXXXXXXXXXA
31B1A7XXDDCCBBAAXXXXXXXXXXXXA
31B1A8XXDDCCBBAAXXXXXXXXXXXXA
31B1A9XXDDCCBBAAXXXXXXXXXXXXA
31B1AAXXDDCCBBAAXXXXXXXXXXXXA
31B1ABXXDDCCBBAAXXXXXXXXXXXXA
31B1ACXXDDCCBBAAXXXXXXXXXXXXB
31B1AC01DDCCBBAAXXXXXXXXXXXXB
31B1AC02DDCCBBAAXXXXXXXXXXXXB
31B1AC03DDCCBBAAXXXXXXXXXXXXB
31B1AC04DDCCBBAAXXXXXXXXXXXXB
31B1AC06DDCCBBAAXXXXXXXXXXXXB
31B1AC07DDCCBBAAXXXXXXXXXXXXB
31B1AC08DDCCBBAAXXXXXXXXXXXXB
31B1AC09DDCCBBAAXXXXXXXXXXXXB
31B1AC0ADDCCBBAAXXXXXXXXXXXXB
31B1AC0BDDCCBBAAXXXXXXXXXXXXB
31B1AC0CDDCCBBAAXXXXXXXXXXXXB
31B1AC0EDDCCBBAAXXXXXXXXXXXXB
31B1AC0FDDCCBBAAXXXXXXXXXXXXB
31B1AC10DDCCBBAAXXXXXXXXXXXXB
31B1AC11DDCCBBAAXXXXXXXXXXXXB
31B1AC12DDCCBBAAXXXXXXXXXXXXB
31B1AC13DDCCBBAAXXXXXXXXXXXXB
31B1AC14DDCCBBAAXXXXXXXXXXXXB
31B1AC16DDCCBBAAXXXXXXXXXXXXB
31B1AC17DDCCBBAAXXXXXXXXXXXXB
31B1AC18DDCCBBAAXXXXXXXXXXXXB
31B1AC19DDCCBBAAXXXXXXXXXXXXB
31B1AC1ADDCCBBAAXXXXXXXXXXXXB
31B1AC1BDDCCBBAAXXXXXXXXXXXXB
31B1AC1CDDCCBBAAXXXXXXXXXXXXB
31B1AC1EDDCCBBAAXXXXXXXXXXXXB
31B1AC1FDDCCBBAAXXXXXXXXXXXXB
31B1AC28DDCCBBAAXXXXXXXXXXXXB
31B1AC29DDCCBBAAXXXXXXXXXXXXB
31B1AC2ADDCCBBAAXXXXXXXXXXXXB
31B1AC2BDDCCBBAAXXXXXXXXXXXXB
31B1AC2CDDCCBBAAXXXXXXXXXXXXB
31B1AC2EDDCCBBAAXXXXXXXXXXXXB
31B1AC2FDDCCBBAAXXXXXXXXXXXXB
31B1AC30DDCCBBAAXXXXXXXXXXXXB
31B1AC31DDCCBBAAXXXXXXXXXXXXB
31B1AC32DDCCBBAAXXXXXXXXXXXXB
31B1AC33DDCCBBAAXXXXXXXXXXXXB
31B1AC34DDCCBBAAXXXXXXXXXXXXB
31B1AC36DDCCBBAAXXXXXXXXXXXXB
31B1AC37DDCCBBAAXXXXXXXXXXXXB
31B1AC38DDCCBBAAXXXXXXXXXXXXB
31B1AC39DDCCBBAAXXXXXXXXXXXXB
31B1AC3ADDCCBBAAXXXXXXXXXXXXB
31B1AC3BDDCCBBAAXXXXXXXXXXXXB
31B1AC3CDDCCBBAAXXXXXXXXXXXXB
31B1AC3EDDCCBBAAXXXXXXXXXXXXB
31B1AC3FDDCCBBAAXXXXXXXXXXXXB
31B1AC40DDCCBBAAXXXXXXXXXXXXB
31B1AC41DDCCBBAAXXXXXXXXXXXXB
31B1AC42DDCCBBAAXXXXXXXXXXXXB
31B1AC43DDCCBBAAXXXXXXXXXXXXB
31B1AC44DDCCBBAAXXXXXXXXXXXXB
31B1AC46DDCCBBAAXXXXXXXXXXXXB
31B1AC47DDCCBBAAXXXXXXXXXXXXB
31B1AC48DDCCBBAAXXXXXXXXXXXXB
31B1AC49DDCCBBAAXXXXXXXXXXXXB
31B1AC4ADDCCBBAAXXXXXXXXXXXXB
31B1AC4BDDCCBBAAXXXXXXXXXXXXB
31B1AC4CDDCCBBAAXXXXXXXXXXXXB
31B1AC4EDDCCBBAAXXXXXXXXXXXXB
31B1AC4FDDCCBBAAXXXXXXXXXXXXB
31B1AC50DDCCBBAAXXXXXXXXXXXXB
31B1AC51DDCCBBAAXXXXXXXXXXXXB
31B1AC52DDCCBBAAXXXXXXXXXXXXB
31B1AC53DDCCBBAAXXXXXXXXXXXXB
31B1AC54DDCCBBAAXXXXXXXXXXXXB
31B1AC56DDCCBBAAXXXXXXXXXXXXB
31B1AC57DDCCBBAAXXXXXXXXXXXXB
31B1AC58DDCCBBAAXXXXXXXXXXXXB
31B1AC59DDCCBBAAXXXXXXXXXXXXB
31B1AC5ADDCCBBAAXXXXXXXXXXXXB
31B1AC5BDDCCBBAAXXXXXXXXXXXXB
31B1AC5CDDCCBBAAXXXXXXXXXXXXB
31B1AC5EDDCCBBAAXXXXXXXXXXXXB
31B1AC5FDDCCBBAAXXXXXXXXXXXXB
31B1AC68DDCCBBAAXXXXXXXXXXXXB
31B1AC69DDCCBBAAXXXXXXXXXXXXB
31B1AC6ADDCCBBAAXXXXXXXXXXXXB
31B1AC6BDDCCBBAAXXXXXXXXXXXXB
31B1AC6CDDCCBBAAXXXXXXXXXXXXB
31B1AC6EDDCCBBAAXXXXXXXXXXXXB
31B1AC6FDDCCBBAAXXXXXXXXXXXXB
31B1AC70DDCCBBAAXXXXXXXXXXXXB
31B1AC71DDCCBBAAXXXXXXXXXXXXB
31B1AC72DDCCBBAAXXXXXXXXXXXXB
31B1AC73DDCCBBAAXXXXXXXXXXXXB
31B1AC74DDCCBBAAXXXXXXXXXXXXB
31B1AC76DDCCBBAAXXXXXXXXXXXXB
31B1AC77DDCCBBAAXXXXXXXXXXXXB
31B1AC78DDCCBBAAXXXXXXXXXXXXB
31B1AC79DDCCBBAAXXXXXXXXXXXXB
31B1AC7ADDCCBBAAXXXXXXXXXXXXB
31B1AC7BDDCCBBAAXXXXXXXXXXXXB
31B1AC7CDDCCBBAAXXXXXXXXXXXXB
31B1AC7EDDCCBBAAXXXXXXXXXXXXB
31B1AC7FDDCCBBAAXXXXXXXXXXXXB
31B1AC80DDCCBBAAXXXXXXXXXXXXB
31B1AC81DDCCBBAAXXXXXXXXXXXXB
31B1AC82DDCCBBAAXXXXXXXXXXXXB
31B1AC83DDCCBBAAXXXXXXXXXXXXB
31B1AC84DDCCBBAAXXXXXXXXXXXXB
31B1AC86DDCCBBAAXXXXXXXXXXXXB
31B1AC87DDCCBBAAXXXXXXXXXXXXB
31B1AC88DDCCBBAAXXXXXXXXXXXXB
31B1AC89DDCCBBAAXXXXXXXXXXXXB
31B1AC8ADDCCBBAAXXXXXXXXXXXXB
31B1AC8BDDCCBBAAXXXXXXXXXXXXB
31B1AC8CDDCCBBAAXXXXXXXXXXXXB
31B1AC8EDDCCBBAAXXXXXXXXXXXXB
31B1AC8FDDCCBBAAXXXXXXXXXXXXB
31B1AC90DDCCBBAAXXXXXXXXXXXXB
31B1AC91DDCCBBAAXXXXXXXXXXXXB
31B1AC92DDCCBBAAXXXXXXXXXXXXB
31B1AC93DDCCBBAAXXXXXXXXXXXXB
31B1AC94DDCCBBAAXXXXXXXXXXXXB
31B1AC96DDCCBBAAXXXXXXXXXXXXB
31B1AC97DDCCBBAAXXXXXXXXXXXXB
31B1AC98DDCCBBAAXXXXXXXXXXXXB
31B1AC99DDCCBBAAXXXXXXXXXXXXB
31B1AC9ADDCCBBAAXXXXXXXXXXXXB
31B1AC9BDDCCBBAAXXXXXXXXXXXXB
31B1AC9CDDCCBBAAXXXXXXXXXXXXB
31B1AC9EDDCCBBAAXXXXXXXXXXXXB
31B1AC9FDDCCBBAAXXXXXXXXXXXXB
31B1ACA8DDCCBBAAXXXXXXXXXXXXB
31B1ACA9DDCCBBAAXXXXXXXXXXXXB
31B1ACAADDCCBBAAXXXXXXXXXXXXB
31B1ACABDDCCBBAAXXXXXXXXXXXXB
31B1ACACDDCCBBAAXXXXXXXXXXXXB
31B1ACAEDDCCBBAAXXXXXXXXXXXXB
31B1ACAFDDCCBBAAXXXXXXXXXXXXB
31B1ACB0DDCCBBAAXXXXXXXXXXXXB
31B1ACB1DDCCBBAAXXXXXXXXXXXXB
31B1ACB2DDCCBBAAXXXXXXXXXXXXB
31B1ACB3DDCCBBAAXXXXXXXXXXXXB
31B1ACB4DDCCBBAAXXXXXXXXXXXXB
31B1ACB6DDCCBBAAXXXXXXXXXXXXB
31B1ACB7DDCCBBAAXXXXXXXXXXXXB
31B1ACB8DDCCBBAAXXXXXXXXXXXXB
31B1ACB9DDCCBBAAXXXXXXXXXXXXB
31B1ACBADDCCBBAAXXXXXXXXXXXXB
31B1ACBBDDCCBBAAXXXXXXXXXXXXB
31B1ACBCDDCCBBAAXXXXXXXXXXXXB
31B1ACBEDDCCBBAAXXXXXXXXXXXXB
31B1ACBFDDCCBBAAXXXXXXXXXXXXB
31B1ACC0DDCCBBAAXXXXXXXXXXXXB
31B1ACC1DDCCBBAAXXXXXXXXXXXXB
31B1ACC2DDCCBBAAXXXXXXXXXXXXB
31B1ACC3DDCCBBAAXXXXXXXXXXXXB
31B1ACC4DDCCBBAAXXXXXXXXXXXXB
31B1ACC6DDCCBBAAXXXXXXXXXXXXB
31B1ACC7DDCCBBAAXXXXXXXXXXXXB
31B1ACC8DDCCBBAAXXXXXXXXXXXXB
31B1ACC9DDCCBBAAXXXXXXXXXXXXB
31B1ACCADDCCBBAAXXXXXXXXXXXXB
31B1ACCBDDCCBBAAXXXXXXXXXXXXB
31B1ACCCDDCCBBAAXXXXXXXXXXXXB
31B1ACCEDDCCBBAAXXXXXXXXXXXXB
31B1ACCFDDCCBBAAXXXXXXXXXXXXB
31B1ACD0DDCCBBAAXXXXXXXXXXXXB
31B1ACD1DDCCBBAAXXXXXXXXXXXXB
31B1ACD2DDCCBBAAXXXXXXXXXXXXB
31B1ACD3DDCCBBAAXXXXXXXXXXXXB
31B1ACD4DDCCBBAAXXXXXXXXXXXXB
31B1ACD6DDCCBBAAXXXXXXXXXXXXB
31B1ACD7DDCCBBAAXXXXXXXXXXXXB
31B1ACD8DDCCBBAAXXXXXXXXXXXXB
31B1ACD9DDCCBBAAXXXXXXXXXXXXB
31B1ACDADDCCBBAAXXXXXXXXXXXXB
31B1ACDBDDCCBBAAXXXXXXXXXXXXB
31B1ACDCDDCCBBAAXXXXXXXXXXXXB
31B1ACDEDDCCBBAAXXXXXXXXXXXXB
31B1ACDFDDCCBBAAXXXXXXXXXXXXB
31B1ACE8DDCCBBAAXXXXXXXXXXXXB
31B1ACE9DDCCBBAAXXXXXXXXXXXXB
31B1ACEADDCCBBAAXXXXXXXXXXXXB
31B1ACEBDDCCBBAAXXXXXXXXXXXXB
31B1ACECDDCCBBAAXXXXXXXXXXXXB
31B1ACEEDDCCBBAAXXXXXXXXXXXXB
31B1ACEFDDCCBBAAXXXXXXXXXXXXB
31B1ACF0DDCCBBAAXXXXXXXXXXXXB
31B1ACF1DDCCBBAAXXXXXXXXXXXXB
31B1ACF2DDCCBBAAXXXXXXXXXXXXB
31B1ACF3DDCCBBAAXXXXXXXXXXXXB
31B1ACF4DDCCBBAAXXXXXXXXXXXXB
31B1ACF6DDCCBBAAXXXXXXXXXXXXB
31B1ACF7DDCCBBAAXXXXXXXXXXXXB
31B1ACF8DDCCBBAAXXXXXXXXXXXXB
31B1ACF9DDCCBBAAXXXXXXXXXXXXB
31B1ACFADDCCBBAAXXXXXXXXXXXXB
31B1ACFBDDCCBBAAXXXXXXXXXXXXB
31B1ACFCDDCCBBAAXXXXXXXXXXXXB
31B1ACFEDDCCBBAAXXXXXXXXXXXXB
31B1ACFFDDCCBBAAXXXXXXXXXXXXB
31B1ADXXDDCCBBAAXXXXXXXXXXXXA
31B1AEXXDDCCBBAAXXXXXXXXXXXXA
31B1AFXXDDCCBBAAXXXXXXXXXXXXA
31B1B0XXDDCCBBAAXXXXXXXXXXXXA
31B1B1XXDDCCBBAAXXXXXXXXXXXXA
31B1B2XXDDCCBBAAXXXXXXXXXXXXA
31B1B3XXDDCCBBAAXXXXXXXXXXXXA
31B1B4XXDDCCBBAAXXXXXXXXXXXXB
31B1B401DDCCBBAAXXXXXXXXXXXXB
31B1B402DDCCBBAAXXXXXXXXXXXXB
31B1B403DDCCBBAAXXXXXXXXXXXXB
31B1B404DDCCBBAAXXXXXXXXXXXXB
31B1B406DDCCBBAAXXXXXXXXXXXXB
31B1B407DDCCBBAAXXXXXXXXXXXXB
31B1B408DDCCBBAAXXXXXXXXXXXXB
31B1B409DDCCBBAAXXXXXXXXXXXXB
31B1B40ADDCCBBAAXXXXXXXXXXXXB
31B1B40BDDCCBBAAXXXXXXXXXXXXB
31B1B40CDDCCBBAAXXXXXXXXXXXXB
31B1B40EDDCCBBAAXXXXXXXXXXXXB
31B1B40FDDCCBBAAXXXXXXXXXXXXB
31B1B410DDCCBBAAXXXXXXXXXXXXB
31B1B411DDCCBBAAXXXXXXXXXXXXB
31B1B412DDCCBBAAXXXXXXXXXXXXB
31B1B413DDCCBBAAXXXXXXXXXXXXB
31B1B414DDCCBBAAXXXXXXXXXXXXB
31B1B416DDCCBBAAXXXXXXXXXXXXB
31B1B417DDCCBBAAXXXXXXXXXXXXB
31B1B418DDCCBBAAXXXXXXXXXXXXB
31B1B419DDCCBBAAXXXXXXXXXXXXB
31B1B41ADDCCBBAAXXXXXXXXXXXXB
31B1B41BDDCCBBAAXXXXXXXXXXXXB
31B1B41CDDCCBBAAXXXXXXXXXXXXB
31B1B41EDDCCBBAAXXXXXXXXXXXXB
31B1B41FDDCCBBAAXXXXXXXXXXXXB
31B1B428DDCCBBAAXXXXXXXXXXXXB
31B1B429DDCCBBAAXXXXXXXXXXXXB
31B1B42ADDCCBBAAXXXXXXXXXXXXB
31B1B42BDDCCBBAAXXXXXXXXXXXXB
31B1B42CDDCCBBAAXXXXXXXXXXXXB
31B1B42EDDCCBBAAXXXXXXXXXXXXB
31B1B42FDDCCBBAAXXXXXXXXXXXXB
31B1B430DDCCBBAAXXXXXXXXXXXXB
31B1B431DDCCBBAAXXXXXXXXXXXXB
31B1B432DDCCBBAAXXXXXXXXXXXXB
31B1B433DDCCBBAAXXXXXXXXXXXXB
31B1B434DDCCBBAAXXXXXXXXXXXXB
31B1B436DDCCBBAAXXXXXXXXXXXXB
31B1B437DDCCBBAAXXXXXXXXXXXXB
31B1B438DDCCBBAAXXXXXXXXXXXXB
31B1B439DDCCBBAAXXXXXXXXXXXXB
31B1B43ADDCCBBAAXXXXXXXXXXXXB
31B1B43BDDCCBBAAXXXXXXXXXXXXB
31B1B43CDDCCBBAAXXXXXXXXXXXXB
31B1B43EDDCCBBAAXXXXXXXXXXXXB
31B1B43FDDCCBBAAXXXXXXXXXXXXB
31B1B440DDCCBBAAXXXXXXXXXXXXB
31B1B441DDCCBBAAXXXXXXXXXXXXB
31B1B442DDCCBBAAXXXXXXXXXXXXB
31B1B443DDCCBBAAXXXXXXXXXXXXB
31B1B444DDCCBBAAXXXXXXXXXXXXB
31B1B446DDCCBBAAXXXXXXXXXXXXB
31B1B447DDCCBBAAXXXXXXXXXXXXB
31B1B448DDCCBBAAXXXXXXXXXXXXB
31B1B449DDCCBBAAXXXXXXXXXXXXB
31B1B44ADDCCBBAAXXXXXXXXXXXXB
31B1B44BDDCCBBAAXXXXXXXXXXXXB
31B1B44CDDCCBBAAXXXXXXXXXXXXB
31B1B44EDDCCBBAAXXXXXXXXXXXXB
31B1B44FDDCCBBAAXXXXXXXXXXXXB
31B1B450DDCCBBAAXXXXXXXXXXXXB
31B1B451DDCCBBAAXXXXXXXXXXXXB
31B1B452DDCCBBAAXXXXXXXXXXXXB
31B1B453DDCCBBAAXXXXXXXXXXXXB
31B1B454DDCCBBAAXXXXXXXXXXXXB
31B1B456DDCCBBAAXXXXXXXXXXXXB
31B1B457DDCCBBAAXXXXXXXXXXXXB
31B1B458DDCCBBAAXXXXXXXXXXXXB
31B1B459DDCCBBAAXXXXXXXXXXXXB
31B1B45ADDCCBBAAXXXXXXXXXXXXB
31B1B45BDDCCBBAAXXXXXXXXXXXXB
31B1B45CDDCCBBAAXXXXXXXXXXXXB
31B1B45EDDCCBBAAXXXXXXXXXXXXB
31B1B45FDDCCBBAAXXXXXXXXXXXXB
31B1B468DDCCBBAAXXXXXXXXXXXXB
31B1B469DDCCBBAAXXXXXXXXXXXXB
31B1B46ADDCCBBAAXXXXXXXXXXXXB
31B1B46BDDCCBBAAXXXXXXXXXXXXB
31B1B46CDDCCBBAAXXXXXXXXXXXXB
31B1B46EDDCCBBAAXXXXXXXXXXXXB
31B1B46FDDCCBBAAXXXXXXXXXXXXB
31B1B470DDCCBBAAXXXXXXXXXXXXB
31B1B471DDCCBBAAXXXXXXXXXXXXB
31B1B472DDCCBBAAXXXXXXXXXXXXB
31B1B473DDCCBBAAXXXXXXXXXXXXB
31B1B474DDCCBBAAXXXXXXXXXXXXB
31B1B476DDCCBBAAXXXXXXXXXXXXB
31B1B477DDCCBBAAXXXXXXXXXXXXB
31B1B478DDCCBBAAXXXXXXXXXXXXB
31B1B479DDCCBBAAXXXXXXXXXXXXB
31B1B47ADDCCBBAAXXXXXXXXXXXXB
31B1B47BDDCCBBAAXXXXXXXXXXXXB
31B1B47CDDCCBBAAXXXXXXXXXXXXB
31B1B47EDDCCBBAAXXXXXXXXXXXXB
31B1B47FDDCCBBAAXXXXXXXXXXXXB
31B1B480DDCCBBAAXXXXXXXXXXXXB
31B1B481DDCCBBAAXXXXXXXXXXXXB
31B1B482DDCCBBAAXXXXXXXXXXXXB
31B1B483DDCCBBAAXXXXXXXXXXXXB
31B1B484DDCCBBAAXXXXXXXXXXXXB
31B1B486DDCCBBAAXXXXXXXXXXXXB
31B1B487DDCCBBAAXXXXXXXXXXXXB
31B1B488DDCCBBAAXXXXXXXXXXXXB
31B1B489DDCCBBAAXXXXXXXXXXXXB
31B1B48ADDCCBBAAXXXXXXXXXXXXB
31B1B48BDDCCBBAAXXXXXXXXXXXXB
31B1B48CDDCCBBAAXXXXXXXXXXXXB
31B1B48EDDCCBBAAXXXXXXXXXXXXB
31B1B48FDDCCBBAAXXXXXXXXXXXXB
31B1B490DDCCBBAAXXXXXXXXXXXXB
31B1B491DDCCBBAAXXXXXXXXXXXXB
31B1B492DDCCBBAAXXXXXXXXXXXXB
31B1B493DDCCBBAAXXXXXXXXXXXXB
31B1B494DDCCBBAAXXXXXXXXXXXXB
31B1B496DDCCBBAAXXXXXXXXXXXXB
31B1B497DDCCBBAAXXXXXXXXXXXXB
31B1B498DDCCBBAAXXXXXXXXXXXXB
31B1B499DDCCBBAAXXXXXXXXXXXXB
31B1B49ADDCCBBAAXXXXXXXXXXXXB
31B1B49BDDCCBBAAXXXXXXXXXXXXB
31B1B49CDDCCBBAAXXXXXXXXXXXXB
31B1B49EDDCCBBAAXXXXXXXXXXXXB
31B1B49FDDCCBBAAXXXXXXXXXXXXB
31B1B4A8DDCCBBAAXXXXXXXXXXXXB
31B1B4A9DDCCBBAAXXXXXXXXXXXXB
31B1B4AADDCCBBAAXXXXXXXXXXXXB
31B1B4ABDDCCBBAAXXXXXXXXXXXXB
31B1B4ACDDCCBBAAXXXXXXXXXXXXB
31B1B4AEDDCCBBAAXXXXXXXXXXXXB
31B1B4AFDDCCBBAAXXXXXXXXXXXXB
31B1B4B0DDCCBBAAXXXXXXXXXXXXB
31B1B4B1DDCCBBAAXXXXXXXXXXXXB
31B1B4B2DDCCBBAAXXXXXXXXXXXXB
31B1B4B3DDCCBBAAXXXXXXXXXXXXB
31B1B4B4DDCCBBAAXXXXXXXXXXXXB
31B1B4B6DDCCBBAAXXXXXXXXXXXXB
31B1B4B7DDCCBBAAXXXXXXXXXXXXB
31B1B4B8DDCCBBAAXXXXXXXXXXXXB
31B1B4B9DDCCBBAAXXXXXXXXXXXXB
31B1B4BADDCCBBAAXXXXXXXXXXXXB
31B1B4BBDDCCBBAAXXXXXXXXXXXXB
31B1B4BCDDCCBBAAXXXXXXXXXXXXB
31B1B4BEDDCCBBAAXXXXXXXXXXXXB
31B1B4BFDDCCBBAAXXXXXXXXXXXXB
31B1B4C0DDCCBBAAXXXXXXXXXXXXB
31B1B4C1DDCCBBAAXXXXXXXXXXXXB
31B1B4C2DDCCBBAAXXXXXXXXXXXXB
31B1B4C3DDCCBBAAXXXXXXXXXXXXB
31B1B4C4DDCCBBAAXXXXXXXXXXXXB
31B1B4C6DDCCBBAAXXXXXXXXXXXXB
31B1B4C7DDCCBBAAXXXXXXXXXXXXB
31B1B4C8DDCCBBAAXXXXXXXXXXXXB
31B1B4C9DDCCBBAAXXXXXXXXXXXXB
31B1B4CADDCCBBAAXXXXXXXXXXXXB
31B1B4CBDDCCBBAAXXXXXXXXXXXXB
31B1B4CCDDCCBBAAXXXXXXXXXXXXB
31B1B4CEDDCCBBAAXXXXXXXXXXXXB
31B1B4CFDDCCBBAAXXXXXXXXXXXXB
31B1B4D0DDCCBBAAXXXXXXXXXXXXB
31B1B4D1DDCCBBAAXXXXXXXXXXXXB
31B1B4D2DDCCBBAAXXXXXXXXXXXXB
31B1B4D3DDCCBBAAXXXXXXXXXXXXB
31B1B4D4DDCCBBAAXXXXXXXXXXXXB
31B1B4D6DDCCBBAAXXXXXXXXXXXXB
31B1B4D7DDCCBBAAXXXXXXXXXXXXB
31B1B4D8DDCCBBAAXXXXXXXXXXXXB
31B1B4D9DDCCBBAAXXXXXXXXXXXXB
31B1B4DADDCCBBAAXXXXXXXXXXXXB
31B1B4DBDDCCBBAAXXXXXXXXXXXXB
31B1B4DCDDCCBBAAXXXXXXXXXXXXB
31B1B4DEDDCCBBAAXXXXXXXXXXXXB
31B1B4DFDDCCBBAAXXXXXXXXXXXXB
31B1B4E8DDCCBBAAXXXXXXXXXXXXB
31B1B4E9DDCCBBAAXXXXXXXXXXXXB
31B1B4EADDCCBBAAXXXXXXXXXXXXB
31B1B4EBDDCCBBAAXXXXXXXXXXXXB
31B1B4ECDDCCBBAAXXXXXXXXXXXXB
31B1B4EEDDCCBBAAXXXXXXXXXXXXB
31B1B4EFDDCCBBAAXXXXXXXXXXXXB
31B1B4F0DDCCBBAAXXXXXXXXXXXXB
31B1B4F1DDCCBBAAXXXXXXXXXXXXB
31B1B4F2DDCCBBAAXXXXXXXXXXXXB
31B1B4F3DDCCBBAAXXXXXXXXXXXXB
31B1B4F4DDCCBBAAXXXXXXXXXXXXB
31B1B4F6DDCCBBAAXXXXXXXXXXXXB
31B1B4F7DDCCBBAAXXXXXXXXXXXXB
31B1B4F8DDCCBBAAXXXXXXXXXXXXB
31B1B4F9DDCCBBAAXXXXXXXXXXXXB
31B1B4FADDCCBBAAXXXXXXXXXXXXB
31B1B4FBDDCCBBAAXXXXXXXXXXXXB
31B1B4FCDDCCBBAAXXXXXXXXXXXXB
31B1B4FEDDCCBBAAXXXXXXXXXXXXB
31B1B4FFDDCCBBAAXXXXXXXXXXXXB
31B1B5XXDDCCBBAAXXXXXXXXXXXXA
31B1B6XXDDCCBBAAXXXXXXXXXXXXA
31B1B7XXDDCCBBAAXXXXXXXXXXXXA
31B1B8XXDDCCBBAAXXXXXXXXXXXXA
31B1B9XXDDCCBBAAXXXXXXXXXXXXA
31B1BAXXDDCCBBAAXXXXXXXXXXXXA
31B1BBXXDDCCBBAAXXXXXXXXXXXXA
31B1BCXXDDCCBBAAXXXXXXXXXXXXB
31B1BC01DDCCBBAAXXXXXXXXXXXXB
31B1BC02DDCCBBAAXXXXXXXXXXXXB
31B1BC03DDCCBBAAXXXXXXXXXXXXB
31B1BC04DDCCBBAAXXXXXXXXXXXXB
31B1BC06DDCCBBAAXXXXXXXXXXXXB
31B1BC07DDCCBBAAXXXXXXXXXXXXB
31B1BC08DDCCBBAAXXXXXXXXXXXXB
31B1BC09DDCCBBAAXXXXXXXXXXXXB
31B1BC0ADDCCBBAAXXXXXXXXXXXXB
31B1BC0BDDCCBBAAXXXXXXXXXXXXB
31B1BC0CDDCCBBAAXXXXXXXXXXXXB
31B1BC0EDDCCBBAAXXXXXXXXXXXXB
31B1BC0FDDCCBBAAXXXXXXXXXXXXB
31B1BC10DDCCBBAAXXXXXXXXXXXXB
31B1BC11DDCCBBAAXXXXXXXXXXXXB
31B1BC12DDCCBBAAXXXXXXXXXXXXB
31B1BC13DDCCBBAAXXXXXXXXXXXXB
31B1BC14DDCCBBAAXXXXXXXXXXXXB
31B1BC16DDCCBBAAXXXXXXXXXXXXB
31B1BC17DDCCBBAAXXXXXXXXXXXXB
31B1BC18DDCCBBAAXXXXXXXXXXXXB
31B1BC19DDCCBBAAXXXXXXXXXXXXB
31B1BC1ADDCCBBAAXXXXXXXXXXXXB
31B1BC1BDDCCBBAAXXXXXXXXXXXXB
31B1BC1CDDCCBBAAXXXXXXXXXXXXB
31B1BC1EDDCCBBAAXXXXXXXXXXXXB
31B1BC1FDDCCBBAAXXXXXXXXXXXXB
31B1BC28DDCCBBAAXXXXXXXXXXXXB
31B1BC29DDCCBBAAXXXXXXXXXXXXB
31B1BC2ADDCCBBAAXXXXXXXXXXXXB
31B1BC2BDDCCBBAAXXXXXXXXXXXXB
31B1BC2CDDCCBBAAXXXXXXXXXXXXB
31B1BC2EDDCCBBAAXXXXXXXXXXXXB
31B1BC2FDDCCBBAAXXXXXXXXXXXXB
31B1BC30DDCCBBAAXXXXXXXXXXXXB
31B1BC31DDCCBBAAXXXXXXXXXXXXB
31B1BC32DDCCBBAAXXXXXXXXXXXXB
31B1BC33DDCCBBAAXXXXXXXXXXXXB
31B1BC34DDCCBBAAXXXXXXXXXXXXB
31B1BC36DDCCBBAAXXXXXXXXXXXXB
31B1BC37DDCCBBAAXXXXXXXXXXXXB
31B1BC38DDCCBBAAXXXXXXXXXXXXB
31B1BC39DDCCBBAAXXXXXXXXXXXXB
31B1BC3ADDCCBBAAXXXXXXXXXXXXB
31B1BC3BDDCCBBAAXXXXXXXXXXXXB
31B1BC3CDDCCBBAAXXXXXXXXXXXXB
31B1BC3EDDCCBBAAXXXXXXXXXXXXB
31B1BC3FDDCCBBAAXXXXXXXXXXXXB
31B1BC40DDCCBBAAXXXXXXXXXXXXB
31B1BC41DDCCBBAAXXXXXXXXXXXXB
31B1BC42DDCCBBAAXXXXXXXXXXXXB
31B1BC43DDCCBBAAXXXXXXXXXXXXB
31B1BC44DDCCBBAAXXXXXXXXXXXXB
31B1BC46DDCCBBAAXXXXXXXXXXXXB
31B1BC47DDCCBBAAXXXXXXXXXXXXB
31B1BC48DDCCBBAAXXXXXXXXXXXXB
31B1BC49DDCCBBAAXXXXXXXXXXXXB
31B1BC4ADDCCBBAAXXXXXXXXXXXXB
31B1BC4BDDCCBBAAXXXXXXXXXXXXB
31B1BC4CDDCCBBAAXXXXXXXXXXXXB
31B1BC4EDDCCBBAAXXXXXXXXXXXXB
31B1BC4FDDCCBBAAXXXXXXXXXXXXB
31B1BC50DDCCBBAAXXXXXXXXXXXXB
31B1BC51DDCCBBAAXXXXXXXXXXXXB
31B1BC52DDCCBBAAXXXXXXXXXXXXB
31B1BC53DDCCBBAAXXXXXXXXXXXXB
31B1BC54DDCCBBAAXXXXXXXXXXXXB
31B1BC56DDCCBBAAXXXXXXXXXXXXB
31B1BC57DDCCBBAAXXXXXXXXXXXXB
31B1BC58DDCCBBAAXXXXXXXXXXXXB
31B1BC59DDCCBBAAXXXXXXXXXXXXB
31B1BC5ADDCCBBAAXXXXXXXXXXXXB
31B1BC5BDDCCBBAAXXXXXXXXXXXXB
31B1BC5CDDCCBBAAXXXXXXXXXXXXB
31B1BC5EDDCCBBAAXXXXXXXXXXXXB
31B1BC5FDDCCBBAAXXXXXXXXXXXXB
31B1BC68DDCCBBAAXXXXXXXXXXXXB
31B1BC69DDCCBBAAXXXXXXXXXXXXB
31B1BC6ADDCCBBAAXXXXXXXXXXXXB
31B1BC6BDDCCBBAAXXXXXXXXXXXXB
31B1BC6CDDCCBBAAXXXXXXXXXXXXB
31B1BC6EDDCCBBAAXXXXXXXXXXXXB
31B1BC6FDDCCBBAAXXXXXXXXXXXXB
31B1BC70DDCCBBAAXXXXXXXXXXXXB
31B1BC71DDCCBBAAXXXXXXXXXXXXB
31B1BC72DDCCBBAAXXXXXXXXXXXXB
31B1BC73DDCCBBAAXXXXXXXXXXXXB
31B1BC74DDCCBBAAXXXXXXXXXXXXB
31B1BC76DDCCBBAAXXXXXXXXXXXXB
31B1BC77DDCCBBAAXXXXXXXXXXXXB
31B1BC78DDCCBBAAXXXXXXXXXXXXB
31B1BC79DDCCBBAAXXXXXXXXXXXXB
31B1BC7ADDCCBBAAXXXXXXXXXXXXB
31B1BC7BDDCCBBAAXXXXXXXXXXXXB
31B1BC7CDDCCBBAAXXXXXXXXXXXXB
31B1BC7EDDCCBBAAXXXXXXXXXXXXB
31B1BC7FDDCCBBAAXXXXXXXXXXXXB
31B1BC80DDCCBBAAXXXXXXXXXXXXB
31B1BC81DDCCBBAAXXXXXXXXXXXXB
31B1BC82DDCCBBAAXXXXXXXXXXXXB
31B1BC83DDCCBBAAXXXXXXXXXXXXB
31B1BC84DDCCBBAAXXXXXXXXXXXXB
31B1BC86DDCCBBAAXXXXXXXXXXXXB
31B1BC87DDCCBBAAXXXXXXXXXXXXB
31B1BC88DDCCBBAAXXXXXXXXXXXXB
31B1BC89DDCCBBAAXXXXXXXXXXXXB
31B1BC8ADDCCBBAAXXXXXXXXXXXXB
31B1BC8BDDCCBBAAXXXXXXXXXXXXB
31B1BC8CDDCCBBAAXXXXXXXXXXXXB
31B1BC8EDDCCBBAAXXXXXXXXXXXXB
31B1BC8FDDCCBBAAXXXXXXXXXXXXB
31B1BC90DDCCBBAAXXXXXXXXXXXXB
31B1BC91DDCCBBAAXXXXXXXXXXXXB
31B1BC92DDCCBBAAXXXXXXXXXXXXB
31B1BC93DDCCBBAAXXXXXXXXXXXXB
31B1BC94DDCCBBAAXXXXXXXXXXXXB
31B1BC96DDCCBBAAXXXXXXXXXXXXB
31B1BC97DDCCBBAAXXXXXXXXXXXXB
31B1BC98DDCCBBAAXXXXXXXXXXXXB
31B1BC99DDCCBBAAXXXXXXXXXXXXB
31B1BC9ADDCCBBAAXXXXXXXXXXXXB
31B1BC9BDDCCBBAAXXXXXXXXXXXXB
31B1BC9CDDCCBBAAXXXXXXXXXXXXB
31B1BC9EDDCCBBAAXXXXXXXXXXXXB
31B1BC9FDDCCBBAAXXXXXXXXXXXXB
31B1BCA8DDCCBBAAXXXXXXXXXXXXB
31B1BCA9DDCCBBAAXXXXXXXXXXXXB
31B1BCAADDCCBBAAXXXXXXXXXXXXB
31B1BCABDDCCBBAAXXXXXXXXXXXXB
31B1BCACDDCCBBAAXXXXXXXXXXXXB
31B1BCAEDDCCBBAAXXXXXXXXXXXXB
31B1BCAFDDCCBBAAXXXXXXXXXXXXB
31B1BCB0DDCCBBAAXXXXXXXXXXXXB
31B1BCB1DDCCBBAAXXXXXXXXXXXXB
31B1BCB2DDCCBBAAXXXXXXXXXXXXB
31B1BCB3DDCCBBAAXXXXXXXXXXXXB
31B1BCB4DDCCBBAAXXXXXXXXXXXXB
31B1BCB6DDCCBBAAXXXXXXXXXXXXB
31B1BCB7DDCCBBAAXXXXXXXXXXXXB
31B1BCB8DDCCBBAAXXXXXXXXXXXXB
31B1BCB9DDCCBBAAXXXXXXXXXXXXB
31B1BCBADDCCBBAAXXXXXXXXXXXXB
31B1BCBBDDCCBBAAXXXXXXXXXXXXB
31B1BCBCDDCCBBAAXXXXXXXXXXXXB
31B1BCBEDDCCBBAAXXXXXXXXXXXXB
31B1BCBFDDCCBBAAXXXXXXXXXXXXB
31B1BCC0DDCCBBAAXXXXXXXXXXXXB
31B1BCC1DDCCBBAAXXXXXXXXXXXXB
31B1BCC2DDCCBBAAXXXXXXXXXXXXB
31B1BCC3DDCCBBAAXXXXXXXXXXXXB
31B1BCC4DDCCBBAAXXXXXXXXXXXXB
31B1BCC6DDCCBBAAXXXXXXXXXXXXB
31B1BCC7DDCCBBAAXXXXXXXXXXXXB
31B1BCC8DDCCBBAAXXXXXXXXXXXXB
31B1BCC9DDCCBBAAXXXXXXXXXXXXB
31B1BCCADDCCBBAAXXXXXXXXXXXXB
31B1BCCBDDCCBBAAXXXXXXXXXXXXB
31B1BCCCDDCCBBAAXXXXXXXXXXXXB
31B1BCCEDDCCBBAAXXXXXXXXXXXXB
31B1BCCFDDCCBBAAXXXXXXXXXXXXB
31B1BCD0DDCCBBAAXXXXXXXXXXXXB
31B1BCD1DDCCBBAAXXXXXXXXXXXXB
31B1BCD2DDCCBBAAXXXXXXXXXXXXB
31B1BCD3DDCCBBAAXXXXXXXXXXXXB
31B1BCD4DDCCBBAAXXXXXXXXXXXXB
31B1BCD6DDCCBBAAXXXXXXXXXXXXB
31B1BCD7DDCCBBAAXXXXXXXXXXXXB
31B1BCD8DDCCBBAAXXXXXXXXXXXXB
31B1BCD9DDCCBBAAXXXXXXXXXXXXB
31B1BCDADDCCBBAAXXXXXXXXXXXXB
31B1BCDBDDCCBBAAXXXXXXXXXXXXB
31B1BCDCDDCCBBAAXXXXXXXXXXXXB
31B1BCDEDDCCBBAAXXXXXXXXXXXXB
31B1BCDFDDCCBBAAXXXXXXXXXXXXB
31B1BCE8DDCCBBAAXXXXXXXXXXXXB
31B1BCE9DDCCBBAAXXXXXXXXXXXXB
31B1BCEADDCCBBAAXXXXXXXXXXXXB
31B1BCEBDDCCBBAAXXXXXXXXXXXXB
31B1BCECDDCCBBAAXXXXXXXXXXXXB
31B1BCEEDDCCBBAAXXXXXXXXXXXXB
31B1BCEFDDCCBBAAXXXXXXXXXXXXB
31B1BCF0DDCCBBAAXXXXXXXXXXXXB
31B1BCF1DDCCBBAAXXXXXXXXXXXXB
31B1BCF2DDCCBBAAXXXXXXXXXXXXB
31B1BCF3DDCCBBAAXXXXXXXXXXXXB
31B1BCF4DDCCBBAAXXXXXXXXXXXXB
31B1BCF6DDCCBBAAXXXXXXXXXXXXB
31B1BCF7DDCCBBAAXXXXXXXXXXXXB
31B1BCF8DDCCBBAAXXXXXXXXXXXXB
31B1BCF9DDCCBBAAXXXXXXXXXXXXB
31B1BCFADDCCBBAAXXXXXXXXXXXXB
31B1BCFBDDCCBBAAXXXXXXXXXXXXB
31B1BCFCDDCCBBAAXXXXXXXXXXXXB
31B1BCFEDDCCBBAAXXXXXXXXXXXXB
31B1BCFFDDCCBBAAXXXXXXXXXXXXB
31B1BDXXDDCCBBAAXXXXXXXXXXXXA
31B1BEXXDDCCBBAAXXXXXXXXXXXXA
31B1BFXXDDCCBBAAXXXXXXXXXXXXA
31B1C0XXXXXXXXXXXXXXXXXXXXXX6
31B1C1XXXXXXXXXXXXXXXXXXXXXX6
31B1C2XXXXXXXXXXXXXXXXXXXXXX6
31B1C3XXXXXXXXXXXXXXXXXXXXXX6
31B1C4XXXXXXXXXXXXXXXXXXXXXX6
31B1C5XXXXXXXXXXXXXXXXXXXXXX6
31B1C6XXXXXXXXXXXXXXXXXXXXXX6
31B1C7XXXXXXXXXXXXXXXXXXXXXX6
31B1C8XXXXXXXXXXXXXXXXXXXXXX6
31B1C9XXXXXXXXXXXXXXXXXXXXXX6
31B1CAXXXXXXXXXXXXXXXXXXXXXX6
31B1CBXXXXXXXXXXXXXXXXXXXXXX6
31B1CCXXXXXXXXXXXXXXXXXXXXXX6
31B1CDXXXXXXXXXXXXXXXXXXXXXX6
31B1CEXXXXXXXXXXXXXXXXXXXXXX6
31B1CFXXXXXXXXXXXXXXXXXXXXXX6
31B1D0XXXXXXXXXXXXXXXXXXXXXX6
31B1D1XXXXXXXXXXXXXXXXXXXXXX6
31B1D2XXXXXXXXXXXXXXXXXXXXXX6
31B1D3XXXXXXXXXXXXXXXXXXXXXX6
31B1D4XXXXXXXXXXXXXXXXXXXXXX6
31B1D5XXXXXXXXXXXXXXXXXXXXXX6
31B1D6XXXXXXXXXXXXXXXXXXXXXX6
31B1D7XXXXXXXXXXXXXXXXXXXXXX6
31B1D8XXXXXXXXXXXXXXXXXXXXXX6
31B1D9XXXXXXXXXXXXXXXXXXXXXX6
31B1DAXXXXXXXXXXXXXXXXXXXXXX6
31B1DBXXXXXXXXXXXXXXXXXXXXXX6
31B1DCXXXXXXXXXXXXXXXXXXXXXX6
31B1DDXXXXXXXXXXXXXXXXXXXXXX6
31B1DEXXXXXXXXXXXXXXXXXXXXXX6
31B1DFXXXXXXXXXXXXXXXXXXXXXX6
31B1E0XXXXXXXXXXXXXXXXXXXXXX6
31B1E1XXXXXXXXXXXXXXXXXXXXXX6
31B1E2XXXXXXXXXXXXXXXXXXXXXX6
31B1E3XXXXXXXXXXXXXXXXXXXXXX6
31B1E4XXXXXXXXXXXXXXXXXXXXXX6
31B1E5XXXXXXXXXXXXXXXXXXXXXX6
31B1E6XXXXXXXXXXXXXXXXXXXXXX6
31B1E7XXXXXXXXXXXXXXXXXXXXXX6
31B1E8XXXXXXXXXXXXXXXXXXXXXX6
31B1E9XXXXXXXXXXXXXXXXXXXXXX6
31B1EAXXXXXXXXXXXXXXXXXXXXXX6
31B1EBXXXXXXXXXXXXXXXXXXXXXX6
31B1ECXXXXXXXXXXXXXXXXXXXXXX6
31B1EDXXXXXXXXXXXXXXXXXXXXXX6
31B1EEXXXXXXXXXXXXXXXXXXXXXX6
31B1EFXXXXXXXXXXXXXXXXXXXXXX6
31B1F0XXXXXXXXXXXXXXXXXXXXXX6
31B1F1XXXXXXXXXXXXXXXXXXXXXX6
31B1F2XXXXXXXXXXXXXXXXXXXXXX6
31B1F3XXXXXXXXXXXXXXXXXXXXXX6
31B1F4XXXXXXXXXXXXXXXXXXXXXX6
31B1F5XXXXXXXXXXXXXXXXXXXXXX6
31B1F6XXXXXXXXXXXXXXXXXXXXXX6
31B1F7XXXXXXXXXXXXXXXXXXXXXX6
31B1F8XXXXXXXXXXXXXXXXXXXXXX6
31B1F9XXXXXXXXXXXXXXXXXXXXXX6
31B1FAXXXXXXXXXXXXXXXXXXXXXX6
31B1FBXXXXXXXXXXXXXXXXXXXXXX6
31B1FCXXXXXXXXXXXXXXXXXXXXXX6
31B1FDXXXXXXXXXXXXXXXXXXXXXX6
31B1FEXXXXXXXXXXXXXXXXXXXXXX6
31B1FFXXXXXXXXXXXXXXXXXXXXXX6
0000C0XXXXXXXXXXXXXXXXXXXXXX3
2000C0XXXXXXXXXXXXXXXXXXXXXX4
2000C0XXXXXXXXXXXXXXXXXXXXXX4
1000C0XXXXXXXXXXXXXXXXXXXXXX4
1000C0XXXXXXXXXXXXXXXXXXXXXX4
3000C0XXXXXXXXXXXXXXXXXXXXXX5
3000C0XXXXXXXXXXXXXXXXXXXXXX5
3000C0XXXXXXXXXXXXXXXXXXXXXX5
3000C0XXXXXXXXXXXXXXXXXXXXXX5
3000C0XXXXXXXXXXXXXXXXXXXXXX5
3000C0XXXXXXXXXXXXXXXXXXXXXX5
0200C0XXXXXXXXXXXXXXXXXXXXXX3
2200C0XXXXXXXXXXXXXXXXXXXXXX4
2200C0XXXXXXXXXXXXXXXXXXXXXX4
1200C0XXXXXXXXXXXXXXXXXXXXXX4
1200C0XXXXXXXXXXXXXXXXXXXXXX4
3200C0XXXXXXXXXXXXXXXXXXXXXX5
3200C0XXXXXXXXXXXXXXXXXXXXXX5
3200C0XXXXXXXXXXXXXXXXXXXXXX5
3200C0XXXXXXXXXXXXXXXXXXXXXX5
3200C0XXXXXXXXXXXXXXXXXXXXXX5
3200C0XXXXXXXXXXXXXXXXXXXXXX5
0400C0XXXXXXXXXXXXXXXXXXXXXX3
2400C0XXXXXXXXXXXXXXXXXXXXXX4
2400C0XXXXXXXXXXXXXXXXXXXXXX4
1400C0XXXXXXXXXXXXXXXXXXXXXX4
1400C0XXXXXXXXXXXXXXXXXXXXXX4
3400C0XXXXXXXXXXXXXXXXXXXXXX5
3400C0XXXXXXXXXXXXXXXXXXXXXX5
3400C0XXXXXXXXXXXXXXXXXXXXXX5
3400C0XXXXXXXXXXXXXXXXXXXXXX5
3400C0XXXXXXXXXXXXXXXXXXXXXX5
3400C0XXXXXXXXXXXXXXXXXXXXXX5
0600C0XXXXXXXXXXXXXXXXXXXXXX3
2600C0XXXXXXXXXXXXXXXXXXXXXX4
2600C0XXXXXXXXXXXXXXXXXXXXXX4
1600C0XXXXXXXXXXXXXXXXXXXXXX4
1600C0XXXXXXXXXXXXXXXXXXXXXX4
3600C0XXXXXXXXXXXXXXXXXXXXXX5
3600C0XXXXXXXXXXXXXXXXXXXXXX5
3600C0XXXXXXXXXXXXXXXXXXXXXX5
3600C0XXXXXXXXXXXXXXXXXXXXXX5
3600C0XXXXXXXXXXXXXXXXXXXXXX5
3600C0XXXXXXXXXXXXXXXXXXXXXX5
0800C0XXXXXXXXXXXXXXXXXXXXXX3
2800C0XXXXXXXXXXXXXXXXXXXXXX4
2800C0XXXXXXXXXXXXXXXXXXXXXX4
1800C0XXXXXXXXXXXXXXXXXXXXXX4
1800C0XXXXXXXXXXXXXXXXXXXXXX4
3800C0XXXXXXXXXXXXXXXXXXXXXX5
3800C0XXXXXXXXXXXXXXXXXXXXXX5
3800C0XXXXXXXXXXXXXXXXXXXXXX5
3800C0XXXXXXXXXXXXXXXXXXXXXX5
3800C0XXXXXXXXXXXXXXXXXXXXXX5
3800C0XXXXXXXXXXXXXXXXXXXXXX5
0A00C0XXXXXXXXXXXXXXXXXXXXXX3
2A00C0XXXXXXXXXXXXXXXXXXXXXX4
2A00C0XXXXXXXXXXXXXXXXXXXXXX4
1A00C0XXXXXXXXXXXXXXXXXXXXXX4
1A00C0XXXXXXXXXXXXXXXXXXXXXX4
3A00C0XXXXXXXXXXXXXXXXXXXXXX5
3A00C0XXXXXXXXXXXXXXXXXXXXXX5
3A00C0XXXXXXXXXXXXXXXXXXXXXX5
3A00C0XXXXXXXXXXXXXXXXXXXXXX5
3A00C0XXXXXXXXXXXXXXXXXXXXXX5
3A00C0XXXXXXXXXXXXXXXXXXXXXX5
01B1C0XXXXXXXXXXXXXXXXXXXXXX4
21B1C0XXXXXXXXXXXXXXXXXXXXXX5
21B1C0XXXXXXXXXXXXXXXXXXXXXX5
11B1C0XXXXXXXXXXXXXXXXXXXXXX5
11B1C0XXXXXXXXXXXXXXXXXXXXXX5
31B1C0XXXXXXXXXXXXXXXXXXXXXX6
31B1C0XXXXXXXXXXXXXXXXXXXXXX6
31B1C0XXXXXXXXXXXXXXXXXXXXXX6
31B1C0XXXXXXXXXXXXXXXXXXXXXX6
31B1C0XXXXXXXXXXXXXXXXXXXXXX6
31B1C0XXXXXXXXXXXXXXXXXXXXXX6
03B1C0XXXXXXXXXXXXXXXXXXXXXX4
23B1C0XXXXXXXXXXXXXXXXXXXXXX5
23B1C0XXXXXXXXXXXXXXXXXXXXXX5
13B1C0XXXXXXXXXXXXXXXXXXXXXX5
13B1C0XXXXXXXXXXXXXXXXXXXXXX5
33B1C0XXXXXXXXXXXXXXXXXXXXXX6
33B1C0XXXXXXXXXXXXXXXXXXXXXX6
33B1C0XXXXXXXXXXXXXXXXXXXXXX6
33B1C0XXXXXXXXXXXXXXXXXXXXXX6
33B1C0XXXXXXXXXXXXXXXXXXXXXX6
33B1C0XXXXXXXXXXXXXXXXXXXXXX6
05B1C0XXXXXXXXXXXXXXXXXXXXXX4
25B1C0XXXXXXXXXXXXXXXXXXXXXX5
25B1C0XXXXXXXXXXXXXXXXXXXXXX5
15B1C0XXXXXXXXXXXXXXXXXXXXXX5
15B1C0XXXXXXXXXXXXXXXXXXXXXX5
35B1C0XXXXXXXXXXXXXXXXXXXXXX6
35B1C0XXXXXXXXXXXXXXXXXXXXXX6
35B1C0XXXXXXXXXXXXXXXXXXXXXX6
35B1C0XXXXXXXXXXXXXXXXXXXXXX6
35B1C0XXXXXXXXXXXXXXXXXXXXXX6
35B1C0XXXXXXXXXXXXXXXXXXXXXX6
07B1C0XXXXXXXXXXXXXXXXXXXXXX4
27B1C0XXXXXXXXXXXXXXXXXXXXXX5
27B1C0XXXXXXXXXXXXXXXXXXXXXX5
17B1C0XXXXXXXXXXXXXXXXXXXXXX5
17B1C0XXXXXXXXXXXXXXXXXXXXXX5
37B1C0XXXXXXXXXXXXXXXXXXXXXX6
37B1C0XXXXXXXXXXXXXXXXXXXXXX6
37B1C0XXXXXXXXXXXXXXXXXXXXXX6
37B1C0XXXXXXXXXXXXXXXXXXXXXX6
37B1C0XXXXXXXXXXXXXXXXXXXXXX6
37B1C0XXXXXXXXXXXXXXXXXXXXXX6
09B1C0XXXXXXXXXXXXXXXXXXXXXX4
29B1C0XXXXXXXXXXXXXXXXXXXXXX5
29B1C0XXXXXXXXXXXXXXXXXXXXXX5
19B1C0XXXXXXXXXXXXXXXXXXXXXX5
19B1C0XXXXXXXXXXXXXXXXXXXXXX5
39B1C0XXXXXXXXXXXXXXXXXXXXXX6
39B1C0XXXXXXXXXXXXXXXXXXXXXX6
39B1C0XXXXXXXXXXXXXXXXXXXXXX6
39B1C0XXXXXXXXXXXXXXXXXXXXXX6
39B1C0XXXXXXXXXXXXXXXXXXXXXX6
39B1C0XXXXXXXXXXXXXXXXXXXXXX6
0BB1C0XXXXXXXXXXXXXXXXXXXXXX4
2BB1C0XXXXXXXXXXXXXXXXXXXXXX5
2BB1C0XXXXXXXXXXXXXXXXXXXXXX5
1BB1C0XXXXXXXXXXXXXXXXXXXXXX5
1BB1C0XXXXXXXXXXXXXXXXXXXXXX5
3BB1C0XXXXXXXXXXXXXXXXXXXXXX6
3BB1C0XXXXXXXXXXXXXXXXXXXXXX6
3BB1C0XXXXXXXXXXXXXXXXXXXXXX6
3BB1C0XXXXXXXXXXXXXXXXXXXXXX6
3BB1C0XXXXXXXXXXXXXXXXXXXXXX6
3BB1C0XXXXXXXXXXXXXXXXXXXXXX6
0637XXXXXXXXXXXXXXXXXXXXXXXX1
0681D0XXXXXXXXXX000098BADCFE6
0683D0XXXXXXXXXX0000000000FE3
0611C0XXXXXXXXXXXXXXXXXXXXXX2
0613C0XXXXXXXXXXXXXXXXXXXXXX2
0604XXXXXXXXXXXX0000000000FE2
1605XXXXXXXXXXXX00000000DCFE4
0605XXXXXXXXXXXX000098BADCFE5
0680C0XXXXXXXXXX0000000000FE3
1681C0XXXXXXXXXX00000000DCFE5
0681C0XXXXXXXXXX000098BADCFE6
1683C0XXXXXXXXXX0000000000FE4
0683C0XXXXXXXXXX0000000000FE3
0600C0XXXXXXXXXXXXXXXXXXXXXX2
1601C0XXXXXXXXXXXXXXXXXXXXXX3
0601C0XXXXXXXXXXXXXXXXXXXXXX2
0602C0XXXXXXXXXXXXXXXXXXXXXX2
1603C0XXXXXXXXXXXXXXXXXXXXXX3
0603C0XXXXXXXXXXXXXXXXXXXXXX2
0624XXXXXXXXXXXX0000000000FE2
1625XXXXXXXXXXXX00000000DCFE4
0625XXXXXXXXXXXX000098BADCFE5
0680E0XXXXXXXXXX0000000000FE3
1681E0XXXXXXXXXX00000000DCFE5
0681E0XXXXXXXXXX000098BADCFE6
1683E0XXXXXXXXXX0000000000FE4
0683E0XXXXXXXXXX0000000000FE3
0620C0XXXXXXXXXXXXXXXXXXXXXX2
1621C0XXXXXXXXXXXXXXXXXXXXXX3
0621C0XXXXXXXXXXXXXXXXXXXXXX2
0622C0XXXXXXXXXXXXXXXXXXXXXX2
1623C0XXXXXXXXXXXXXXXXXXXXXX3
0623C0XXXXXXXXXXXXXXXXXXXXXX2
17BCC0XXXXXXXXXXXXXXXXXXXXXX4
07BCC0XXXXXXXXXXXXXXXXXXXXXX3
16E8XXXXXXXXXXXX00000000DCFE4
06E8XXXXXXXXXXXX000098BADCFE5
16FFD0XXXXXXXXXXXXXXXXXXXXXX3
06FFD0XXXXXXXXXXXXXXXXXXXXXX2
169AXXXXXXXXXXXX000098BADCFE6
069AXXXXXXXXXXXX547698BADCFE7
06FCXXXXXXXXXXXXXXXXXXXXXXXX1
1742C0XXXXXXXXXXXXXXXXXXXXXX4
0742C0XXXXXXXXXXXXXXXXXXXXXX3
07B0C0XXXXXXXXXXXXXXXXXXXXXX3
17B1C0XXXXXXXXXXXXXXXXXXXXXX4
07B1C0XXXXXXXXXXXXXXXXXXXXXX3
06F4XXXXXXXXXXXXXXXXXXXXXXXX1
0600XXXXXXXXXXXXXXXXXXXXXXXX2
06CFXXXXXXXXXXXXXXXXXXXXXXXX1
1677XXXXXXXXXXXX0000000000FE3
0677XXXXXXXXXXXX0000000000FE2
1675XXXXXXXXXXXX0000000000FE3
0675XXXXXXXXXXXX0000000000FE2
1787XXXXXXXXXXXX00000000DCFE5
0787XXXXXXXXXXXX000098BADCFE6
1785XXXXXXXXXXXX00000000DCFE5
0785XXXXXXXXXXXX000098BADCFE6
16EBXXXXXXXXXXXX0000000000FE3
06EBXXXXXXXXXXXX0000000000FE2
16E9XXXXXXXXXXXX00000000DCFE4
06E9XXXXXXXXXXXX000098BADCFE5
16FFE0XXXXXXXXXXXXXXXXXXXXXX3
06FFE0XXXXXXXXXXXXXXXXXXXXXX2
16EAXXXXXXXXXXXX000098BADCFE6
06EAXXXXXXXXXXXX547698BADCFE7
0688C0XXXXXXXXXXXXXXXXXXXXXX2
1689C0XXXXXXXXXXXXXXXXXXXXXX3
0689C0XXXXXXXXXXXXXXXXXXXXXX2
068AC0XXXXXXXXXXXXXXXXXXXXXX2
168BC0XXXXXXXXXXXXXXXXXXXXXX3
068BC0XXXXXXXXXXXXXXXXXXXXXX2
068CC0XXXXXXXXXXXXXXXXXXXXXX2
068EC0XXXXXXXXXXXXXXXXXXXXXX2
06B0XXXXXXXXXXXX0000000000FE2
16B8XXXXXXXXXXXX00000000DCFE4
06B8XXXXXXXXXXXX000098BADCFE5
06C6C0XXXXXXXXXX0000000000FE3
16C7C0XXXXXXXXXX00000000DCFE5
06C7C0XXXXXXXXXX000098BADCFE6
076FC0XXXXXXXXXXXXXXXXXXXXXX3
077FC0XXXXXXXXXXXXXXXXXXXXXX3
26A4XXXXXXXXXXXXXXXXXXXXXXXX2
36A5XXXXXXXXXXXXXXXXXXXXXXXX3
26A5XXXXXXXXXXXXXXXXXXXXXXXX2
06F6D0XXXXXXXXXXXXXXXXXXXXXX2
16F7D0XXXXXXXXXXXXXXXXXXXXXX3
06F7D0XXXXXXXXXXXXXXXXXXXXXX2
060CXXXXXXXXXXXX0000000000FE2
160DXXXXXXXXXXXX00000000DCFE4
060DXXXXXXXXXXXX000098BADCFE5
0680C8XXXXXXXXXX0000000000FE3
1681C8XXXXXXXXXX00000000DCFE5
0681C8XXXXXXXXXX000098BADCFE6
1683C8XXXXXXXXXX0000000000FE4
0683C8XXXXXXXXXX0000000000FE3
0608C0XXXXXXXXXXXXXXXXXXXXXX2
1609C0XXXXXXXXXXXXXXXXXXXXXX3
0609C0XXXXXXXXXXXXXXXXXXXXXX2
060AC0XXXXXXXXXXXXXXXXXXXXXX2
160BC0XXXXXXXXXXXXXXXXXXXXXX3
060BC0XXXXXXXXXXXXXXXXXXXXXX2
0763C0XXXXXXXXXXXXXXXXXXXXXX3
076BC0XXXXXXXXXXXXXXXXXXXXXX3
07FDC0XXXXXXXXXXXXXXXXXXXXXX3
07FEC0XXXXXXXXXXXXXXXXXXXXXX3
07E0C0XXXXXXXXXXXXXXXXXXXXXX3
07E3C0XXXXXXXXXXXXXXXXXXXXXX3
168FC0XXXXXXXXXXXXXXXXXXXXXX3
068FC0XXXXXXXXXXXXXXXXXXXXXX2
1658XXXXXXXXXXXXXXXXXXXXXXXX2
0658XXXXXXXXXXXXXXXXXXXXXXXX1
161FXXXXXXXXXXXXXXXXXXXXXXXX2
061FXXXXXXXXXXXXXXXXXXXXXXXX1
1607XXXXXXXXXXXXXXXXXXXXXXXX2
0607XXXXXXXXXXXXXXXXXXXXXXXX1
1617XXXXXXXXXXXXXXXXXXXXXXXX2
0617XXXXXXXXXXXXXXXXXXXXXXXX1
17A1XXXXXXXXXXXXXXXXXXXXXXXX3
07A1XXXXXXXXXXXXXXXXXXXXXXXX2
17A9XXXXXXXXXXXXXXXXXXXXXXXX3
07A9XXXXXXXXXXXXXXXXXXXXXXXX2
16FFF0XXXXXXXXXXXXXXXXXXXXXX3
06FFF0XXXXXXXXXXXXXXXXXXXXXX2
1650XXXXXXXXXXXXXXXXXXXXXXXX2
0650XXXXXXXXXXXXXXXXXXXXXXXX1
166AXXXXXXXXXXXX0000000000FE3
066AXXXXXXXXXXXX0000000000FE2
1668XXXXXXXXXXXX00000000DCFE4
0668XXXXXXXXXXXX000098BADCFE5
160EXXXXXXXXXXXXXXXXXXXXXXXX2
060EXXXXXXXXXXXXXXXXXXXXXXXX1
1616XXXXXXXXXXXXXXXXXXXXXXXX2
0616XXXXXXXXXXXXXXXXXXXXXXXX1
161EXXXXXXXXXXXXXXXXXXXXXXXX2
061EXXXXXXXXXXXXXXXXXXXXXXXX1
1606XXXXXXXXXXXXXXXXXXXXXXXX2
0606XXXXXXXXXXXXXXXXXXXXXXXX1
17A0XXXXXXXXXXXXXXXXXXXXXXXX3
07A0XXXXXXXXXXXXXXXXXXXXXXXX2
17A8XXXXXXXXXXXXXXXXXXXXXXXX3
07A8XXXXXXXXXXXXXXXXXXXXXXXX2
26A4XXXXXXXXXXXXXXXXXXXXXXXX2
36A5XXXXXXXXXXXXXXXXXXXXXXXX3
26A5XXXXXXXXXXXXXXXXXXXXXXXX2
26A7XXXXXXXXXXXXXXXXXXXXXXXX2
16C3XXXXXXXXXXXXXXXXXXXXXXXX2
06C3XXXXXXXXXXXXXXXXXXXXXXXX1
16CBXXXXXXXXXXXXXXXXXXXXXXXX2
06CBXXXXXXXXXXXXXXXXXXXXXXXX1
16C2XXXXXXXXXXXX00000000DCFE4
06C2XXXXXXXXXXXX00000000DCFE3
16CAXXXXXXXXXXXX00000000DCFE4
06CAXXXXXXXXXXXX00000000DCFE3
06D0E0XXXXXXXXXXXXXXXXXXXXXX2
06D2E0XXXXXXXXXXXXXXXXXXXXXX2
06C0E0XXXXXXXXXX0000000000FE3
06D1E0XXXXXXXXXXXXXXXXXXXXXX2
06D3E0XXXXXXXXXXXXXXXXXXXXXX2
06C1E0XXXXXXXXXX0000000000FE3
06D1E0XXXXXXXXXXXXXXXXXXXXXX2
06D3E0XXXXXXXXXXXXXXXXXXXXXX2
06C1E0XXXXXXXXXX0000000000FE3
06D0F8XXXXXXXXXXXXXXXXXXXXXX2
06D2F8XXXXXXXXXXXXXXXXXXXXXX2
06C0F8XXXXXXXXXX0000000000FE3
06D1F8XXXXXXXXXXXXXXXXXXXXXX2
06D3F8XXXXXXXXXXXXXXXXXXXXXX2
06C1F8XXXXXXXXXX0000000000FE3
06D1F8XXXXXXXXXXXXXXXXXXXXXX2
06D3F8XXXXXXXXXXXXXXXXXXXXXX2
06C1F8XXXXXXXXXX0000000000FE3
0681D8XXXXXXXXXX000098BADCFE6
0683D8XXXXXXXXXX0000000000FE3
0619C0XXXXXXXXXXXXXXXXXXXXXX2
061BC0XXXXXXXXXXXXXXXXXXXXXX2
06FDXXXXXXXXXXXXXXXXXXXXXXXX1
1690XXXXXXXXXXXXXXXXXXXXXXXX2
0690XXXXXXXXXXXXXXXXXXXXXXXX1
0686C0XXXXXXXXXXXXXXXXXXXXXX2
1687C0XXXXXXXXXXXXXXXXXXXXXX3
0687C0XXXXXXXXXXXXXXXXXXXXXX2
1637XXXXXXXXXXXXXXXXXXXXXXXX2
1604XXXXXXXXXXXX0000000000FE3
1680C0XXXXXXXXXX0000000000FE4
1600C0XXXXXXXXXXXXXXXXXXXXXX3
1602C0XXXXXXXXXXXXXXXXXXXXXX3
1624XXXXXXXXXXXX0000000000FE3
1620C0XXXXXXXXXXXXXXXXXXXXXX3
1622C0XXXXXXXXXXXXXXXXXXXXXX3
16FCXXXXXXXXXXXXXXXXXXXXXXXX2
16F4XXXXXXXXXXXXXXXXXXXXXXXX2
1600XXXXXXXXXXXXXXXXXXXXXXXX3
16CFXXXXXXXXXXXXXXXXXXXXXXXX2
1688C0XXXXXXXXXXXXXXXXXXXXXX3
168AC0XXXXXXXXXXXXXXXXXXXXXX3
168CC0XXXXXXXXXXXXXXXXXXXXXX3
168EC0XXXXXXXXXXXXXXXXXXXXXX3
16B0XXXXXXXXXXXX0000000000FE3
16C6C0XXXXXXXXXX0000000000FE4
16F6D0XXXXXXXXXXXXXXXXXXXXXX3
160CXXXXXXXXXXXX0000000000FE3
1608C0XXXXXXXXXXXXXXXXXXXXXX3
160AC0XXXXXXXXXXXXXXXXXXXXXX3
16D0E0XXXXXXXXXXXXXXXXXXXXXX3
16D2E0XXXXXXXXXXXXXXXXXXXXXX3
16C0E0XXXXXXXXXX0000000000FE4
16D1E0XXXXXXXXXXXXXXXXXXXXXX3
16D3E0XXXXXXXXXXXXXXXXXXXXXX3
16C1E0XXXXXXXXXX0000000000FE4
16FDXXXXXXXXXXXXXXXXXXXXXXXX2
1686C0XXXXXXXXXXXXXXXXXXXXXX3
